{"currents": [-3.849657652899623e-05, -2.0276024751365183e-05, -1.1165749374777078e-05, -2.055473439395428e-06, 2.527535278350115e-05, 3.894110266119242e-05, 5.71616535075009e-05, 7.993700653314591e-05, 9.815755784511567e-05, 0.0001072678342461586, 0.00011637810915708543, 0.00012548838555812838, 0.00013915413469076159, 0.0001482644096016884, 0.0001573746845126152, 0.00017559523582458495, 0.00018470551073551179, 0.00018470551073551179, 0.00019381578862667084, 0.00020748153924942018, 0.00021659181714057924, 0.00023481236994266508, 0.00024392264783382417, 0.000253032922744751, 0.00025758772492408754, 0.00026669799983501435, 0.00026669799983501435, 0.00027580827474594117, 0.00027580827474594117, 0.00028491855263710025, 0.00029402883052825934, 0.0002894740283489228, 0.0002849192261695862, 0.0002849192261695862, 0.00027580894827842714, 0.0002621438682079315, 0.0002575883954763413, 0.00024392264485359192, 0.00022570209205150605, 0.00021659181714057921, 0.0002029260665178299, 0.0001892609864473343, 0.0001801507115364075, 0.00017104043662548066, 0.0001528198838233948, 0.00014370960891246798, 0.00013004385977983475, 0.00012093358337879182, 0.00011182330697774889, 0.00010271303057670595, 8.449247926473618e-05, 7.538220435380935e-05, 6.627192944288254e-05, 4.8051378596574065e-05, 2.5275353807955984e-05, 7.054802495986227e-06, -1.1165748815983533e-05, -2.9386300127953292e-05, -4.760685190558434e-05, -5.671712756156922e-05, -7.49376803636551e-05, -8.404795676469804e-05, -0.00010226850956678391, -0.00012048906087875366, -0.00013415413945913317, -0.00013415413945913317, -0.0001523746907711029, -0.00016148496568202972, -0.00016148496568202972, -0.00016604043841362, -0.00017970618903636937, -0.00018426166474819187, -0.00019337194263935092, -0.00020248222053050995, -0.00021614730060100557, -0.0002207021027803421, -0.00022525690495967866, -0.00022525690495967866, -0.00023436717987060547, -0.00022525690197944641, -0.00021614662408828736, -0.00021614662408828736, -0.00021159182190895083, -0.000202481546998024, -0.00021159182488918304, -0.00021159182488918304, -0.0002070370227098465, -0.000202481546998024, -0.00019337126910686493, -0.00017515071630477906, -0.00016604044139385224, -0.0001523746907711029, -0.0001432644158601761, -0.0001204890623688698, -0.00011137878596782686, -0.00010226850956678393, -9.315823316574098e-05, -7.49376803636551e-05, -6.12719307653606e-05, -5.216165436431766e-05], "voltages": [-1.6943159103393555, -0.9481950759887694, -0.19430561065673835, 0.5492210388183594, 1.2940498352050782, 2.0362829208374027, 2.769450378417969, 3.493552207946778, 4.208584976196289, 4.909365653991699, 5.582944107055664, 6.240978431701661, 6.8731077194213865, 7.478033065795898, 8.04280300140381, 8.586850929260255, 9.095921707153321, 9.568719482421876, 9.997479438781738, 10.404220390319825, 10.755260086059568, 11.059670639038087, 11.32133197784424, 11.540247344970703, 11.706052017211915, 11.835589027404785, 11.923672294616699, 11.966421890258788, 11.967717361450195, 11.926270103454591, 11.823941802978515, 11.684043502807617, 11.496217727661133, 11.257875442504883, 10.966421318054199, 10.647763442993163, 10.276000022888184, 9.86148738861084, 9.413294410705568, 8.93401641845703, 8.414581298828125, 7.862763023376465, 7.285039520263672, 6.678818321228028, 6.038915061950684, 5.379585266113281, 4.707300186157227, 4.010405731201172, 3.2979671478271486, 2.5738706588745117, 1.8407033920288087, 1.0945861816406248, 0.34846878051757824, -0.4002424240112305, -1.1437740325927734, -1.884713363647461, -2.6204713821411136, -3.341980743408203, -4.051832103729248, -4.747431373596191, -5.418422508239746, -6.0686849594116214, -6.699520683288575, -7.300563716888428, -7.870516967773439, -8.408081817626954, -8.90549774169922, -9.36405029296875, -9.786330032348634, -10.168456077575685, -10.515611267089845, -10.827789115905762, -11.089450454711915, -11.31225185394287, -11.494899368286132, -11.628320693969727, -11.712519264221191, -11.759151458740234, -11.75915470123291, -11.709928512573242, -11.611479568481446, -11.471583366394043, -11.288939094543458, -11.05836582183838, -10.781167221069337, -10.467695808410646, -10.106295013427735, -9.700852966308593, -9.257844543457033, -8.781153869628907, -8.270787811279298, -7.725446033477784, -7.1503131866455085, -6.553154277801514, -5.931389141082764, -5.275945377349855, -4.599776268005371, -3.9080597877502443, -3.1813709259033205, -2.4391397476196293]}