{"currents": [-0.00025032173693180086, -0.0002549188524484634, -0.000259515967965126, -0.0002549188524484634, -0.0002595152914524078, -0.0002549188524484634, -0.00024572529792785645, -0.00023653174340724944, -0.00023193530440330506, -0.00022733886539936068, -0.00021814531087875367, -0.00021814531087875367, -0.00020895175635814666, -0.00019975820183753965, -0.0001997582018375397, -0.0001997582018375397, -0.0001997582018375397, -0.0001997582018375397, -0.00019056464731693267, -0.0001721775382757187, -0.00017217753827571868, -0.00015379042923450471, -0.00014919331669807436, -0.00014919331669807436, -0.00014919331669807436, -0.00013999976217746735, -0.00013999976217746735, -0.00012620976567268371, -0.00011241909861564638, -0.00011241909861564638, -0.00010322554409503938, -9.403198957443237e-05, -9.403198957443237e-05, -9.862910211086274e-05, -8.943554759025573e-05, -8.024199232459068e-05, -6.18548828177154e-05, -6.18548828177154e-05, -6.18548828177154e-05, -6.185488281771541e-05, -7.104843808338046e-05, -8.943554759025573e-05, -8.024199232459068e-05, -8.024199232459067e-05, -8.024199232459068e-05, -8.024199232459068e-05, -7.104843705892563e-05, -8.024199232459067e-05, -8.943554684519768e-05, -8.943554684519768e-05, -8.943554684519768e-05, -0.00010322554260492326, -0.00010322554260492326, -9.862842857837677e-05, -0.00010782198309898377, -0.00011241842359304429, -0.00011701553761959078, -0.00012620909214019777, -0.00012161265164613725, -0.00011701553761959078, -0.00012161265164613725, -0.00012161265164613725, -0.00012161265164613725, -0.0001354026481509209, -0.00013999976217746735, -0.00014919331669807433, -0.00015838687121868134, -0.00016758042573928835, -0.00016758042573928832, -0.00017677398025989536, -0.0001767739802598953, -0.00017677398025989536, -0.00017677398025989536, -0.0001905646473169327, -0.0002043546408414841, -0.00021354819536209107, -0.00023193530440330506, -0.00024572529792785645, -0.0002503217369318008, -0.00024572529792785645, -0.00024572529792785645, -0.00024112818241119383, -0.00023653174340724944, -0.00024112885892391204, -0.00025032241344451905, -0.000259515967965126, -0.0002641130834817886, -0.0002733066380023956, -0.00028250018954277035, -0.0002825001895427704, -0.00029169374108314514, -0.0003008872926235199, -0.0003008872926235199, -0.00029169374108314514, -0.0003008872926235199, -0.00029169374108314514, -0.00027790307402610775, -0.00027330595850944515, -0.00027330595850944515, -0.0002549188524484634], "voltages": [-4.1253267288208, -3.9516973495483403, -3.7624021530151373, -3.5587467193603515, -3.3407312393188477, -3.107049560546875, -2.865535163879395, -2.610965919494629, -2.3446474075317387, -2.067884826660156, -1.7832895278930665, -1.4869449615478516, -1.1906003952026367, -0.8864229202270508, -0.5770235061645509, -0.26370754241943356, 0.04960842132568362, 0.3655353546142578, 0.6762403488159179, 0.984334373474121, 1.2898172378540038, 1.590078353881836, 1.8864229202270506, 2.176240158081055, 2.460835266113281, 2.7323757171630865, 2.996083450317383, 3.2454305648803716, 3.4856393814086917, 3.7101827621459966, 3.9216709136962895, 4.11749324798584, 4.300261116027833, 4.462141036987305, 4.609660530090332, 4.7402088165283205, 4.847258377075195, 4.934725570678711, 5.007832717895508, 5.061357498168945, 5.095300102233886, 5.1135766983032225, 5.109660339355469, 5.087467193603516, 5.04046974182129, 4.980417633056641, 4.899477958679199, 4.798955917358398, 4.677545738220215, 4.541775703430176, 4.383812141418457, 4.2127937316894535, 4.026109313964844, 3.823759651184082, 3.605743789672852, 3.3733676910400394, 3.1240203857421878, 2.8681459426879887, 2.597910881042481, 2.317231941223145, 2.0300260543823243, 1.7375978469848634, 1.4360311508178711, 1.131853485107422, 0.8237596511840821, 0.5117490768432618, 0.19843330383300778, -0.11357707977294924, -0.4255874633789063, -0.7336814880371094, -1.0391645431518555, -1.3394256591796876, -1.6344648361206056, -1.921670913696289, -2.201044464111328, -2.4738903045654297, -2.7362924575805665, -2.9895561218261717, -3.229765129089355, -3.456918907165527, -3.6671016693115237, -3.8642295837402347, -4.044386291503907, -4.203655242919922, -4.347258377075196, -4.4725847244262695, -4.577023315429687, -4.665796089172363, -4.741514015197754, -4.797649765014649, -4.828981399536134, -4.844647216796875, -4.840730857849121, -4.814621162414551, -4.768929290771485, -4.71279354095459, -4.635770225524903, -4.533942604064942, -4.415143775939942, -4.279373550415039]}