{"currents": [-1.3541302643716336e-06, -1.3541302643716336e-06, -1.3541302643716336e-06, -1.3267979957163334e-06, -1.3267979957163334e-06, -1.3267979957163334e-06, -1.3267979957163334e-06, -1.2994617689400912e-06, -1.2994617689400912e-06, -1.272125542163849e-06, -1.1901207733899353e-06, -1.1354522313922644e-06, -1.1081199161708354e-06, -1.0534513741731644e-06, -9.714505169540645e-07, -9.714505169540645e-07, -9.714505169540645e-07, -8.621134329587222e-07, -8.074448909610511e-07, -8.621134329587222e-07, -8.347811177372933e-07, -7.801125757396222e-07, -7.801125757396222e-07, -7.25444033741951e-07, -6.161069497466087e-07, -5.614384077489376e-07, -5.341021344065666e-07, -5.341021344065666e-07, -5.341021344065666e-07, -5.067658610641957e-07, -5.067658610641957e-07, -4.794335924088955e-07, -4.520973190665245e-07, -4.520973190665245e-07, -4.794335924088955e-07, -4.794335924088954e-07, -4.520973190665245e-07, -4.2476505041122444e-07, -3.700965084135533e-07, -3.427602350711823e-07, -2.3342315107584002e-07, -1.5142234042286874e-07, -1.5142234042286874e-07, -2.0609088242053988e-07, -1.7875861376523973e-07, -2.0609088242053988e-07, -2.60759424418211e-07, -2.3342315107584002e-07, -2.3342315107584e-07, -2.880916930735111e-07, -3.7009650841355325e-07, -4.2476505041122433e-07, -5.067698657512665e-07, -5.341021344065666e-07, -5.341021344065666e-07, -5.887706764042378e-07, -6.43439218401909e-07, -6.981077603995801e-07, -7.254440337419511e-07, -7.25444033741951e-07, -7.25444033741951e-07, -7.254440337419511e-07, -7.5277634896338e-07, -7.5277634896338e-07, -8.621134329587222e-07, -9.167819749563933e-07, -9.714505169540645e-07, -9.987867437303067e-07, -1.0534552857279779e-06, -1.0534552857279779e-06, -1.16279236972332e-06, -1.16279236972332e-06, -1.2174609117209912e-06, -1.2721294537186622e-06, -1.3267979957163334e-06, -1.217460911720991e-06, -1.2721294537186624e-06, -1.2721294537186622e-06, -1.2721294537186622e-06, -1.2721294537186622e-06, -1.3541302643716336e-06, -1.3541302643716336e-06, -1.4087988063693047e-06, -1.4087988063693047e-06, -1.4087988063693047e-06, -1.3814665377140044e-06, -1.4087988063693045e-06, -1.4087988063693047e-06, -1.463467348366976e-06, -1.518135890364647e-06, -1.545468159019947e-06, -1.545468159019947e-06, -1.4907996170222759e-06, -1.4634633436799048e-06, -1.463463343679905e-06, -1.463463343679905e-06, -1.436131075024605e-06, -1.4361310750246047e-06, -1.4361310750246047e-06, -1.3814625330269337e-06], "voltages": [-3.8172323226928713, -3.6240207672119142, -3.4151433944702148, -3.1945165634155277, -2.958224105834961, -2.7088769912719726, -2.446475028991699, -2.1775455474853516, -1.899477767944336, -1.612271499633789, -1.3211488723754883, -1.0221931457519533, -0.7154047012329101, -0.40469970703125, -0.09530029296875002, 0.21932125091552734, 0.5313316345214845, 0.8420366287231447, 1.1527416229248049, 1.462141227722168, 1.7624023437499998, 2.056135940551758, 2.343342208862305, 2.6201045989990237, 2.890339660644531, 3.1514364242553716, 3.404700088500977, 3.6449089050292973, 3.8694519042968754, 4.077023506164552, 4.272845649719239, 4.450391578674317, 4.6070495605468755, 4.7519580841064455, 4.881200981140137, 4.988250541687012, 5.074412155151368, 5.147519302368164, 5.198433113098145, 5.227153778076172, 5.234986877441406, 5.224543190002441, 5.19190616607666, 5.14099235534668, 5.070496368408203, 4.984334182739258, 4.8785902023315435, 4.754569244384766, 4.613577270507813, 4.458224678039551, 4.28329029083252, 4.092689514160156, 3.8890342712402344, 3.668407440185547, 3.4295040130615235, 3.1827676773071287, 2.9255876541137695, 2.6553525924682613, 2.375979423522949, 2.0887731552124023, 1.7924285888671878, 1.4895565032958986, 1.181462287902832, 0.8707572937011718, 0.5613578796386718, 0.24804191589355473, -0.06527404785156249, -0.37467327117919924, -0.6827672958374024, -0.9869449615478516, -1.2819841384887696, -1.5757177352905274, -1.860313034057617, -2.137075424194336, -2.408615875244141, -2.6723234176635744, -2.9190597534179688, -3.156657791137696, -3.381200790405274, -3.5874670028686526, -3.779373168945313, -3.9543079376220707, -4.1135766983032225, -4.2558744430542, -4.381200790405273, -4.489555740356446, -4.5822450637817385, -4.6540466308593755, -4.704960441589356, -4.738903045654297, -4.7480415344238285, -4.734986686706543, -4.70626621246338, -4.657963371276856, -4.588772773742676, -4.505221939086914, -4.407310676574707, -4.287206268310547, -4.14751968383789, -3.9921672821044925]}