{"currents": [-1.309728529304266e-06, -1.309728529304266e-06, -7.654930464923381e-07, 3.2301796600222587e-07, 1.1394112370908261e-06, 1.6836467199027538e-06, 2.2278822027146814e-06, 1.955764461308718e-06, 1.955764461308718e-06, 2.2278822027146814e-06, 2.2278822027146814e-06, 2.7721577323973176e-06, 3.5885510034859183e-06, 4.1328265331685545e-06, 4.677102062851191e-06, 5.221377592533827e-06, 5.221377592533827e-06, 5.221377592533827e-06, 5.221377592533827e-06, 5.221377592533827e-06, 5.765613168478013e-06, 6.309848744422198e-06, 6.854084320366383e-06, 7.126202061772348e-06, 7.670437637716533e-06, 7.670437637716533e-06, 7.670437637716533e-06, 7.670437637716533e-06, 7.398319896310569e-06, 7.398319896310569e-06, 7.398319896310569e-06, 7.94259523972869e-06, 7.398359663784504e-06, 7.398359663784504e-06, 7.398359663784504e-06, 7.398359663784504e-06, 6.581966485828162e-06, 6.8540842272341265e-06, 7.398319803178312e-06, 7.126201968640091e-06, 6.581966392695904e-06, 6.309848651289941e-06, 6.037730909883976e-06, 6.037730909883976e-06, 5.765613168478013e-06, 5.765613168478013e-06, 5.765613168478012e-06, 5.765613168478012e-06, 4.677102062851191e-06, 3.588591050356627e-06, 3.0443155206739902e-06, 2.500039990991354e-06, 2.500039990991354e-06, 2.500039990991354e-06, 2.500039990991354e-06, 1.9558045081794264e-06, 1.6836867667734626e-06, 3.2301796600222587e-07, -2.2121751680970188e-07, -4.933753050863742e-07, -4.933753050863742e-07, -7.65493046492338e-07, -1.037610787898302e-06, -1.5818863175809383e-06, -1.8540040589869023e-06, -2.9425551183521747e-06, -2.942555118352175e-06, -2.9425551183521747e-06, -3.486830648034811e-06, -4.031106177717448e-06, -3.4868306480348114e-06, -3.486830648034811e-06, -4.031106177717447e-06, -3.7589483894407754e-06, -3.7589483894407754e-06, -4.031066130846739e-06, -5.119617190212012e-06, -5.391734931617976e-06, -6.208128295838833e-06, -6.208128295838833e-06, -6.480286084115506e-06, -6.480286084115506e-06, -6.208168342709542e-06, -5.663932766765357e-06, -5.663932766765357e-06, -5.1196572370827205e-06, -5.1196572370827205e-06, -4.575381707400084e-06, -4.031106177717447e-06, -3.486830648034811e-06, -3.758948389440775e-06, -3.7589483894407754e-06, -3.758948389440775e-06, -3.7589483894407746e-06, -3.758948389440775e-06, -3.486830648034811e-06, -2.3982795886695385e-06, -1.8540040589869023e-06, -1.8540040589869023e-06, -1.8540040589869023e-06], "voltages": [-1.278497886657715, -0.9663217544555665, -0.6502595901489258, -0.3393787384033202, -0.0233165740966797, 0.29274578094482423, 0.6075126647949219, 0.9196887969970704, 1.2305696487426758, 1.5388599395751954, 1.8419687271118166, 2.1360101699829106, 2.419688987731934, 2.696891021728516, 2.955958366394043, 3.205958366394043, 3.4417097091674806, 3.667098426818848, 3.874352073669434, 4.07124309539795, 4.2461133956909185, 4.4080305099487305, 4.553108024597169, 4.68134651184082, 4.790155029296875, 4.883419418334961, 4.9598442077636715, 5.01165771484375, 5.046631813049316, 5.066061973571777, 5.066061973571777, 5.037564468383789, 4.996113586425782, 4.933937454223633, 4.845854568481446, 4.739636993408204, 4.619170761108399, 4.47797908782959, 4.317357444763184, 4.143782043457032, 3.9507766723632813, 3.7448183059692384, 3.523315811157227, 3.2901550292968755, 3.0427457809448244, 2.7849739074707034, 2.5155437469482425, 2.235750961303711, 1.9468910217285156, 1.6515541076660156, 1.3510358810424805, 1.0427457809448244, 0.7292743682861328, 0.4145074844360352, 0.10103607177734374, -0.21502609252929689, -0.5284976959228516, -0.8380832672119142, -1.148964309692383, -1.4559591293334961, -1.7564773559570312, -2.0466329574584963, -2.3303117752075195, -2.5997417449951175, -2.8601043701171878, -3.1062181472778323, -3.344560050964356, -3.5673578262329104, -3.777202224731446, -3.9740934371948247, -4.155440711975098, -4.319948387145996, -4.467616844177247, -4.601036643981933, -4.7150262832641605, -4.809585952758789, -4.883419990539551, -4.939119529724121, -4.968912315368653, -4.981865692138673, -4.972798156738282, -4.949482154846192, -4.902849960327148, -4.840673637390137, -4.755181312561035, -4.656735801696777, -4.534974098205566, -4.396372985839844, -4.238342094421387, -4.064767074584961, -3.8743526458740236, -3.667098808288575, -3.449482345581055, -3.2163215637207028, -2.972798347473145, -2.7150262832641605, -2.449482345581055, -2.169689559936524, -1.879534149169922, -1.581606674194336]}