{"currents": [-0.0003560479521751404, -0.0003560479521751404, -0.0003560479521751404, -0.000360645067691803, -0.00035145151019096377, -0.00034225795865058903, -0.00033306440114974975, -0.0003146772921085358, -0.00029629018306732177, -0.00028709663152694703, -0.0002733066350221634, -0.00025491952896118165, -0.00023653241991996763, -0.00022733886539936068, -0.00020895175635814666, -0.0001951610893011093, -0.00018596753478050231, -0.00017677398025989533, -0.00015838687121868137, -0.00013999976217746735, -0.00012620976567268371, -0.00010782265663146974, -9.403198957443239e-05, -7.56448797881603e-05, -6.645132452249527e-05, -6.18542119860649e-05, -3.8870661333203314e-05, -2.967710569500923e-05, -2.0483551453799007e-05, -1.1289997212588787e-05, 2.4999997578561306e-06, -2.0964413881301887e-06, 2.088710851967335e-05, 2.0887108519673352e-05, 3.46771045587957e-05, 4.3870659358799465e-05, 5.306421415880323e-05, 5.3064214158803225e-05, 7.145132273435594e-05, 7.60484352707863e-05, 8.524198904633522e-05, 8.524198904633522e-05, 9.443554356694222e-05, 9.443554356694223e-05, 9.443554356694223e-05, 8.524198979139329e-05, 8.983843103051186e-05, 7.145132273435593e-05, 6.2257768958807e-05, 5.3064215183258065e-05, 5.3064215183258065e-05, 3.927421914413572e-05, 3.467710549011827e-05, 2.54835506901145e-05, 1.6289995890110733e-05, -2.0971131511032573e-06, -1.1290667392313479e-05, -1.5887108538299796e-05, -3.427421804517507e-05, -5.2661327552050346e-05, -6.185488281771541e-05, -7.104843808338046e-05, -9.862910211086273e-05, -0.00011241909861564635, -0.00013080620765686037, -0.00014919331669807436, -0.00016758042573928835, -0.00017677398025989536, -0.0001905646473169327, -0.0001997582018375397, -0.00020895175635814669, -0.00022733886539936065, -0.00024572597444057464, -0.00025491952896118165, -0.00025491952896118165, -0.00026411308348178866, -0.0002733066350221634, -0.00029169374406337736, -0.0003054837375879288, -0.00033306440114974975, -0.0003514515101909637, -0.000360645067691803, -0.000360645067691803, -0.0003652421832084656, -0.0003652421832084656, -0.0003698386251926422, -0.00037443506717681885, -0.00038822506070137027, -0.000397418612241745, -0.000397418612241745, -0.0003928221702575684, -0.0003882257282733917, -0.00037903217673301696, -0.0003698386251926422, -0.00037903217673301696, -0.0003836286187171936, -0.0003836286187171936, -0.00037903217673301696, -0.00037443506121635436, -0.0003652415096759796], "voltages": [-9.733681297302248, -9.321148872375488, -8.868146228790284, -8.382506370544434, -7.866840553283692, -7.315926742553711, -6.7323757171630865, -6.1279370307922365, -5.4960832595825195, -4.835508918762207, -4.155352210998535, -3.4634462356567384, -2.7545690536499023, -2.0313314437866214, -1.3028718948364257, -0.5731069564819337, 0.16710186004638672, 0.9073106765747071, 1.6396867752075195, 2.373368263244629, 3.1005224227905273, 3.814621734619141, 4.513055229187012, 5.197128105163575, 5.856396865844728, 6.494777870178224, 7.101827430725098, 7.691905593872071, 8.2558744430542, 8.784595108032228, 9.283289527893068, 9.750652503967286, 10.16710147857666, 10.541774940490722, 10.874673080444337, 11.172323417663575, 11.428197860717773, 11.643602752685547, 11.80678825378418, 11.932114601135254, 11.999999618530273, 12.015665435791016, 11.98955593109131, 11.930809211730956, 11.825065040588381, 11.671018218994142, 11.480418014526366, 11.24412536621094, 10.956918907165527, 10.621409988403322, 10.251958084106446, 9.832897758483886, 9.37597885131836, 8.879895210266113, 8.355091094970703, 7.802872085571289, 7.225848579406739, 6.621409797668457, 5.992167091369629, 5.338120079040528, 4.6540466308593755, 3.9516967773437504, 3.233681297302246, 2.506527328491211, 1.7728458404541014, 1.0391645431518555, 0.30287227630615243, -0.43603115081787114, -1.1684070587158204, -1.8968666076660157, -2.624020576477051, -3.3342033386230474, -4.026109313964844, -4.704960536956787, -5.365534973144531, -5.999999713897706, -6.613576793670655, -7.201044178009034, -7.75848560333252, -8.283289813995362, -8.766318511962892, -9.215404510498047, -9.630548095703126, -10.006526947021484, -10.335508537292482, -10.63185329437256, -10.886422729492187, -11.095300102233887, -11.253263664245605, -11.373368263244629, -11.45039176940918, -11.47519588470459, -11.458224678039551, -11.408616256713868, -11.3093994140625, -11.156657791137697, -10.967362594604491, -10.72715358734131, -10.434725570678712, -10.101827430725098]}