{"currents": [1.4115289784967902e-06, 1.4115289784967902e-06, 1.955764461308718e-06, 1.955764461308718e-06, 1.955764461308718e-06, 2.4999999441206454e-06, 2.4999999441206454e-06, 2.4999999441206454e-06, 2.4999999441206454e-06, 2.772157732397318e-06, 3.3164332620799547e-06, 3.86070879176259e-06, 4.404984321445226e-06, 4.9492598511278625e-06, 5.221377592533827e-06, 4.677102062851191e-06, 4.1328265331685545e-06, 4.404944274574518e-06, 4.404944274574518e-06, 4.677062015980483e-06, 5.221337545663119e-06, 6.309848651289941e-06, 6.037730909883976e-06, 6.309848651289941e-06, 6.037730909883976e-06, 6.037730909883976e-06, 5.493495333939791e-06, 5.493495333939791e-06, 5.4934953339397914e-06, 5.4934953339397914e-06, 5.493495333939791e-06, 5.493495333939791e-06, 6.037730909883976e-06, 5.493495427072049e-06, 5.493495427072048e-06, 5.493495427072048e-06, 5.493495427072048e-06, 4.404984321445226e-06, 4.1328265331685545e-06, 4.1328265331685545e-06, 4.1328265331685545e-06, 4.1328265331685545e-06, 4.677102062851191e-06, 4.677102062851191e-06, 4.1328265331685545e-06, 4.1328265331685545e-06, 3.5885510034859183e-06, 3.0442754738032817e-06, 2.772157732397318e-06, 2.2279222495853904e-06, 1.6836467199027538e-06, 1.1394112370908261e-06, 1.1394112370908261e-06, 3.2301796600222587e-07, 3.230179660022259e-07, -2.2121751680970194e-07, -2.2121751680970194e-07, -4.933352582156658e-07, 5.951757542788983e-07, 3.2301796600222587e-07, 5.0860177725553573e-08, 5.0860177725553626e-08, -2.2125756368041035e-07, -7.65493046492338e-07, -7.654930464923382e-07, -1.037610787898302e-06, -1.5818863175809383e-06, -2.1261618472635745e-06, -2.6704373769462107e-06, -2.3982795886695385e-06, -2.3982795886695385e-06, -2.3982795886695385e-06, -2.3982795886695385e-06, -2.3982795886695385e-06, -2.3982795886695385e-06, -1.8540040589869023e-06, -1.3097285293042659e-06, -1.309728529304266e-06, -1.309728529304266e-06, -1.8540040589869023e-06, -2.3982795886695385e-06, -2.9425551183521747e-06, -2.9425551183521747e-06, -2.9425551183521747e-06, -2.9425551183521747e-06, -2.3982795886695385e-06, -2.3982795886695385e-06, -2.3982795886695385e-06, -2.126161847263575e-06, -1.5818863175809385e-06, -1.5818863175809383e-06, -1.037610787898302e-06, -2.2121751680970188e-07, 5.0940271466970463e-08, 5.0940271466970463e-08, 5.0940271466970463e-08, 5.951757542788983e-07, 3.2305801287293434e-07, 8.672934956848621e-07, 1.41152897849679e-06], "voltages": [-0.06088104248046876, 0.15025882720947265, 0.3601034164428711, 0.5686525344848633, 0.7746110916137695, 0.9792743682861328, 1.1813468933105469, 1.3782381057739257, 1.5712432861328125, 1.7564762115478516, 1.9326419830322268, 2.099740409851074, 2.260362052917481, 2.413211822509766, 2.555699157714844, 2.6904142379760745, 2.8160617828369143, 2.9287563323974615, 3.029792404174805, 3.1165800094604497, 3.1930046081542973, 3.255180931091309, 3.3056987762451175, 3.3406732559204104, 3.3678752899169924, 3.3769428253173834, 3.3743518829345707, 3.360103225708008, 3.332901000976563, 3.2914501190185548, 3.2396366119384767, 3.1748699188232425, 3.0945590972900394, 3.0038852691650395, 2.9002582550048834, 2.7862686157226566, 2.661916351318359, 2.5284967422485356, 2.386009979248047, 2.233160209655762, 2.0712430953979495, 1.9002586364746095, 1.724092674255371, 1.5375640869140625, 1.347149658203125, 1.1502584457397462, 0.9507766723632812, 0.7435230255126953, 0.536269187927246, 0.32771987915039064, 0.11787548065185546, -0.09196929931640627, -0.30181388854980473, -0.509067726135254, -0.7163215637207032, -0.9196895599365236, -1.1217620849609375, -1.3160627365112305, -1.5077726364135742, -1.6904150009155274, -1.8665807723999024, -2.034974479675293, -2.1955963134765626, -2.348446083068848, -2.4909332275390628, -2.6256483078002932, -2.747410011291504, -2.858808898925781, -2.957254409790039, -3.0492233276367187, -3.1256481170654298, -3.1917102813720706, -3.2435237884521486, -3.284974670410156, -3.3121767044067383, -3.325130081176758, -3.325130081176758, -3.3121767044067383, -3.28367919921875, -3.2409330368041993, -3.187824249267578, -3.1217620849609373, -3.0414510726928707, -2.9494821548461916, -2.845855331420899, -2.731865692138672, -2.6049226760864257, -2.4702077865600587, -2.327720832824707, -2.176166534423828, -2.0142494201660157, -1.845855712890625, -1.670985221862793, -1.4857521057128906, -1.297928237915039, -1.1023324966430663, -0.9015550613403321, -0.6955965042114258, -0.4883424758911133, -0.2733163833618164]}