{"currents": [-1.2858644127845767e-05, -1.3132885470986368e-05, -1.2584362551569943e-05, -1.2035839632153514e-05, -1.1487316340208056e-05, -1.0938793048262598e-05, -9.841747209429741e-06, -9.841747209429741e-06, -9.018942620605232e-06, -9.01894262060523e-06, -9.01894262060523e-06, -8.744700904935599e-06, -7.647654786705972e-06, -7.921936083585023e-06, -7.921936083585025e-06, -7.921936083585025e-06, -7.373413257300854e-06, -7.373413257300853e-06, -6.276367418467998e-06, -5.179321579635143e-06, -4.630798753350973e-06, -4.630798753350973e-06, -4.082275740802288e-06, -4.630798753350973e-06, -5.179321765899658e-06, -4.90504028275609e-06, -4.90504028275609e-06, -5.1792818121612075e-06, -4.630758799612522e-06, -4.082235787063837e-06, -4.356517270207404e-06, -4.356517270207405e-06, -4.082275740802288e-06, -4.082275740802288e-06, -4.082275740802288e-06, -3.80799425765872e-06, -3.259471245110035e-06, -3.80799425765872e-06, -4.356517270207405e-06, -5.1792818121612075e-06, -5.453563295304775e-06, -5.453563295304775e-06, -5.4535632953047744e-06, -5.4535632953047744e-06, -5.179321765899658e-06, -4.630798753350973e-06, -5.727844592183829e-06, -5.727844592183829e-06, -6.002086121588945e-06, -6.002086121588945e-06, -7.099131960421801e-06, -7.099131960421801e-06, -7.64765478670597e-06, -7.921936083585025e-06, -8.470458909869193e-06, -9.018982201814651e-06, -9.293223917484283e-06, -9.567465633153917e-06, -1.06645118445158e-05, -1.121303513646126e-05, -1.1487276479601861e-05, -1.2035799399018288e-05, -1.2584322318434716e-05, -1.2035799399018288e-05, -1.2310040742158891e-05, -1.2584322318434716e-05, -1.3132845237851145e-05, -1.3955649733543397e-05, -1.4504172652959824e-05, -1.532697714865208e-05, -1.5875500068068507e-05, -1.5052735805511477e-05, -1.5052735805511477e-05, -1.5052735805511477e-05, -1.450421288609505e-05, -1.450421288609505e-05, -1.5601258724927904e-05, -1.5601258724927904e-05, -1.6149781644344333e-05, -1.669830456376076e-05, -1.6149781644344333e-05, -1.6149781644344333e-05, -1.6149781644344333e-05, -1.6149781644344333e-05, -1.5601258724927904e-05, -1.5601258724927904e-05, -1.5052735805511477e-05, -1.4778454229235652e-05, -1.4229931309819225e-05, -1.477845422923565e-05, -1.477845422923565e-05, -1.4778454229235652e-05, -1.450421288609505e-05, -1.5052735805511477e-05, -1.450421288609505e-05, -1.450421288609505e-05, -1.450421288609505e-05, -1.450421288609505e-05, -1.3955689966678622e-05, -1.3407167047262195e-05], "voltages": [-2.0013051986694337, -1.7075716018676759, -1.4112268447875977, -1.1109657287597656, -0.8028718948364257, -0.4960834503173828, -0.187989616394043, 0.12532634735107423, 0.4373367309570313, 0.7467363357543946, 1.0587467193603517, 1.368146324157715, 1.6697128295898438, 1.9660573959350587, 2.257180213928223, 2.539164733886719, 2.8080942153930666, 3.071801567077637, 3.3224542617797854, 3.5587465286254885, 3.7793731689453125, 3.9882503509521485, 4.177545738220215, 4.351174926757812, 4.509138298034668, 4.651435852050781, 4.775457000732422, 4.881200790405273, 4.9686681747436525, 5.035247802734375, 5.0861616134643555, 5.116187477111817, 5.127937126159669, 5.120104408264161, 5.095300102233887, 5.045691680908203, 4.976501274108887, 4.894255828857422, 4.789817237854004, 4.664490890502931, 4.52088794708252, 4.361618995666504, 4.181462287902833, 3.9856397628784177, 3.7780679702758793, 3.557441329956055, 3.3211490631103517, 3.0704961776733404, 2.8133159637451173, 2.543081092834473, 2.265013122558594, 1.9778066635131837, 1.6853786468505858, 1.383812141418457, 1.0757181167602539, 0.7650131225585939, 0.4530025482177734, 0.13707542419433594, -0.17624053955078128, -0.4869453430175781, -0.7976503372192383, -1.103133201599121, -1.402088737487793, -1.694516944885254, -1.980417823791504, -2.2571802139282227, -2.5261098861694338, -2.7859008789062503, -3.0417755126953123, -3.2780679702758793, -3.5, -3.7075716018676763, -3.8981721878051756, -4.067885017395019, -4.224542808532715, -4.362924003601075, -4.488250350952149, -4.593994522094727, -4.682767295837403, -4.750652503967285, -4.805482864379883, -4.83420352935791, -4.843341827392578, -4.832897949218751, -4.8067882537841795, -4.757179832458496, -4.694516563415528, -4.6135766983032225, -4.513054466247559, -4.387728118896485, -4.249346923828126, -4.090078163146973, -3.912532424926758, -3.718015480041504, -3.5143602371215823, -3.292428207397461, -3.0574411392211918, -2.8120103836059576, -2.5509138107299805, -2.2819841384887694]}