{"currents": [4.685097839683294e-07, 4.414211492985487e-07, 3.872477915138006e-07, 4.4142110273241993e-07, 4.4142110273241993e-07, 4.4142110273241993e-07, 4.955944372341037e-07, 5.497677950188518e-07, 6.039411528035999e-07, 6.039411528035999e-07, 6.581145105883479e-07, 6.310298107564449e-07, 5.768564529716969e-07, 5.768564529716969e-07, 6.310298107564449e-07, 5.768564529716969e-07, 5.768564529716969e-07, 6.039411528035998e-07, 6.039411528035998e-07, 6.039411528035999e-07, 6.581145105883479e-07, 6.581145105883479e-07, 6.85203168541193e-07, 6.852031685411929e-07, 6.852031685411929e-07, 6.852031685411929e-07, 7.393765263259411e-07, 7.664612028747797e-07, 7.393725449219346e-07, 6.851991871371866e-07, 7.122838636860252e-07, 7.122838636860251e-07, 6.310258293524385e-07, 6.581144873052835e-07, 7.122878450900316e-07, 6.310298107564449e-07, 6.310298107564449e-07, 6.310298107564449e-07, 6.039411528035998e-07, 5.497677950188518e-07, 4.955944838002324e-07, 4.955944838002324e-07, 4.955944838002324e-07, 4.685097839683294e-07, 4.685097839683294e-07, 5.497677950188518e-07, 4.955944372341037e-07, 4.4142112601548434e-07, 4.4142112601548434e-07, 4.4142112601548434e-07, 4.143364261835813e-07, 4.143364261835813e-07, 4.4142110273242e-07, 4.4142110273242e-07, 4.685058025643229e-07, 4.6850580256432297e-07, 4.955905023962259e-07, 5.226791370660067e-07, 4.685058258473873e-07, 4.1433249134570365e-07, 4.1433249134570365e-07, 3.872477915138006e-07, 3.601591568440199e-07, 4.1433246806263924e-07, 3.872477915138006e-07, 3.330744802951813e-07, 2.78901169076562e-07, 3.059898037463427e-07, 2.518164925277233e-07, 2.5181649252772336e-07, 3.059898037463427e-07, 3.60163114964962e-07, 2.518164459615946e-07, 2.518164459615946e-07, 2.518164459615946e-07, 2.247278112918139e-07, 1.9763917662203314e-07, 2.5181253440678123e-07, 2.7889721095561985e-07, 2.7889721095561985e-07, 3.6015920341014864e-07, 3.8724783807992933e-07, 3.872478380799294e-07, 4.143364727497101e-07, 4.685097839683294e-07, 4.143364261835813e-07, 4.143364261835813e-07, 4.685097374022007e-07, 4.1433642618358136e-07, 4.1433642618358136e-07, 4.143364261835813e-07, 4.143364261835813e-07, 4.685097839683294e-07, 5.226830951869488e-07, 5.226830951869487e-07, 5.226830951869487e-07, 5.226830951869487e-07, 5.226830951869487e-07, 4.6850978396832945e-07, 4.685097839683294e-07], "voltages": [0.1967645645141602, 0.27318801879882815, 0.35090484619140627, 0.4260377883911133, 0.49857673645019535, 0.5724109649658203, 0.642362403869629, 0.7097232818603516, 0.7744934082031251, 0.8392601013183594, 0.8962583541870117, 0.9545467376708985, 1.0115381240844725, 1.0607608795166017, 1.1048057556152346, 1.1514345169067384, 1.1902946472167968, 1.222679901123047, 1.253767967224121, 1.2796747207641603, 1.297812843322754, 1.3133569717407227, 1.3237213134765624, 1.3314933776855469, 1.3340841293334962, 1.331493377685547, 1.3237245559692383, 1.3120681762695314, 1.2926364898681642, 1.2693170547485353, 1.2408214569091798, 1.2084381103515627, 1.1721635818481446, 1.1320098876953126, 1.0879716873168948, 1.0413343429565431, 0.9882255554199219, 0.9338214874267579, 0.876824951171875, 0.8172361373901367, 0.7550565719604492, 0.6902896881103515, 0.6216367721557617, 0.5490961074829102, 0.47655715942382815, 0.4001375198364258, 0.3250045776367188, 0.24857635498046876, 0.1734468460083008, 0.09572677612304688, 0.019300079345703124, -0.05841999053955078, -0.1348430633544922, -0.20997257232666017, -0.28380508422851564, -0.3576393127441406, -0.4288810729980469, -0.4975322723388672, -0.5648931503295899, -0.6270727157592775, -0.6866580963134766, -0.7423593521118165, -0.7954698562622071, -0.8446891784667969, -0.8926183700561523, -0.932777214050293, -0.9716407775878906, -1.0066131591796876, -1.035114097595215, -1.061020851135254, -1.0843336105346681, -1.0998743057250977, -1.107653045654297, -1.115424919128418, -1.1154249191284182, -1.1115404129028321, -1.103769874572754, -1.0934038162231448, -1.0765626907348633, -1.0558372497558595, -1.0312210083007813, -1.0027219772338867, -0.9677478790283203, -0.9275909423828126, -0.8835460662841798, -0.8343265533447266, -0.7799224853515625, -0.7242197036743164, -0.6672281265258789, -0.6076427459716797, -0.5428758621215821, -0.47810897827148435, -0.4120433807373047, -0.34079647064208984, -0.2656669616699219, -0.1905374526977539, -0.1128173828125, -0.036392593383789064, 0.042619514465332034, 0.12033977508544923]}