{"currents": [2.518164925277233e-07, 2.518164925277233e-07, 3.059898037463427e-07, 3.60163114964962e-07, 3.872477915138006e-07, 4.414211492985487e-07, 4.95594460517168e-07, 4.95594460517168e-07, 5.497678183019162e-07, 6.310298107564449e-07, 6.581144873052835e-07, 7.393725216388702e-07, 7.935458794236183e-07, 7.935458794236183e-07, 8.206305559724569e-07, 7.935458794236183e-07, 8.206345373764634e-07, 8.748078718781472e-07, 9.018925484269858e-07, 9.289812063798309e-07, 9.831545408815146e-07, 9.831545408815146e-07, 1.0373278753831983e-06, 1.0644165333360435e-06, 1.0644165333360435e-06, 1.0644165333360435e-06, 1.0644165333360435e-06, 1.0644165333360435e-06, 1.0644165333360435e-06, 1.0644165333360435e-06, 1.1185898678377272e-06, 1.1185898678377272e-06, 1.1185898678377272e-06, 1.172763202339411e-06, 1.1727632023394107e-06, 1.118589867837727e-06, 1.1456745443865656e-06, 1.091501209884882e-06, 9.831545408815146e-07, 9.560658829286695e-07, 9.560658829286695e-07, 9.831545408815146e-07, 1.0373278753831983e-06, 1.0373278753831983e-06, 1.0373278753831983e-06, 1.0373278753831983e-06, 9.289812063798309e-07, 8.206345373764634e-07, 8.206345373764634e-07, 7.935498608276248e-07, 7.393765263259411e-07, 7.393765263259411e-07, 7.12287868373096e-07, 7.12287868373096e-07, 7.12287868373096e-07, 6.581145105883479e-07, 6.581145105883479e-07, 6.310298107564449e-07, 5.768564529716969e-07, 4.685097839683294e-07, 4.414211492985487e-07, 3.330744802951813e-07, 3.059858456254006e-07, 2.5181253440678123e-07, 2.5181253440678123e-07, 2.247278578579426e-07, 2.247278578579426e-07, 1.434698235243559e-07, 8.929646573960782e-08, 8.929646573960782e-08, 3.512310795485973e-08, -4.613888449966908e-08, -4.613888449966908e-08, -4.613888449966908e-08, -1.0031224228441714e-07, -1.0031224228441714e-07, -7.322360761463642e-08, -7.322360761463642e-08, -1.9050249829888344e-08, -1.9050249829888347e-08, -1.9050249829888344e-08, -1.9050249829888344e-08, -1.9050249829888344e-08, -1.0031224228441716e-07, -1.5448555350303653e-07, -1.5448555350303653e-07, -2.6283222250640393e-07, -2.6283222250640393e-07, -2.0865891128778456e-07, -1.0031224228441714e-07, -7.322756573557853e-08, 8.929246105253696e-08, 1.1637713760137558e-07, 1.4346581883728505e-07, 3.511914983391762e-08, 8.034473285079006e-09, 8.034473285078996e-09, 3.5123154520988465e-08, 3.5123154520988465e-08, 1.434698235243559e-07], "voltages": [-1.6024713516235354, -1.2993625640869142, -0.9910690307617187, -0.6801849365234375, -0.36671161651611334, -0.04935073852539064, 0.26801013946533203, 0.5866628646850587, 0.9014331817626953, 1.2123189926147462, 1.520610809326172, 1.8211339950561525, 2.1138835906982423, 2.3975622177124025, 2.673470687866211, 2.9390130996704107, 3.1916053771972654, 3.4338367462158206, 3.6657039642333986, 3.8820268630981447, 4.084102630615234, 4.270631027221681, 4.440323448181152, 4.5931747436523445, 4.730480575561524, 4.848356246948242, 4.9506877899169925, 5.033589172363282, 5.094469833374024, 5.138511276245118, 5.160535240173341, 5.164421272277832, 5.143696022033692, 5.1061347961425785, 5.046549224853517, 4.972711753845215, 4.871677589416504, 4.7576847076416025, 4.624258422851563, 4.471407127380371, 4.299127388000488, 4.115190887451172, 3.9131216049194335, 3.698095512390137, 3.4714113235473634, 3.230478668212891, 2.979176712036133, 2.716216659545899, 2.441605186462402, 2.1566293716430667, 1.8612892150878908, 1.5581804275512698, 1.2511838912963869, 0.9377124786376954, 0.6255363464355468, 0.31465225219726567, -0.0014099121093749944, -0.3174737930297852, -0.6283580780029296, -0.9418361663818361, -1.2514232635498048, -1.5493574142456055, -1.8408098220825195, -2.1270826339721682, -2.404284858703613, -2.672421455383301, -2.928898239135742, -3.1737220764160154, -3.4055906295776373, -3.6232070922851567, -3.8226922988891605, -4.010521125793457, -4.181505584716797, -4.336945915222168, -4.469073677062989, -4.586949348449707, -4.684097862243653, -4.761817932128906, -4.818809509277344, -4.860260200500489, -4.882280921936036, -4.883576393127442, -4.868032455444336, -4.830472564697266, -4.774776458740234, -4.699646949768066, -4.605093955993653, -4.491104316711426, -4.360272026062012, -4.211301612854005, -4.041610717773438, -3.8602535247802736, -3.659474563598633, -3.4444469451904296, -3.2138837814331054, -2.974248123168946, -2.7203620910644535, -2.457406997680664, -2.180204963684082, -1.8952241897583006]}