{"currents": [-6.610947940498591e-06, -6.610947940498591e-06, -6.610947940498591e-06, -1.5721223317086696e-05, -2.0276024751365183e-05, -2.0276024751365183e-05, -1.5720550809055564e-05, -6.610274873673911e-06, 2.500000502914191e-06, 2.0720551814883946e-05, 2.98308277502656e-05, 2.9830827750265602e-05, 2.9830827750265602e-05, 3.894110368564725e-05, 3.894110368564725e-05, 3.894110368564725e-05, 4.80513796210289e-05, 4.80513796210289e-05, 5.7161654531955725e-05, 5.7161654531955725e-05, 6.627192944288254e-05, 6.627192944288254e-05, 7.538220435380936e-05, 7.08267316222191e-05, 7.993700653314592e-05, 7.082673162221908e-05, 8.904728293418884e-05, 7.993700802326202e-05, 7.538220584392547e-05, 7.538220584392547e-05, 8.44924807548523e-05, 7.538220435380936e-05, 8.449247926473619e-05, 9.3602754175663e-05, 0.00010271303057670594, 0.00010271303057670594, 0.00010271303057670595, 0.00010271303057670595, 0.00010271303057670595, 8.449247926473618e-05, 8.449247926473618e-05, 7.538220435380936e-05, 7.538220435380936e-05, 6.627192944288254e-05, 7.08267316222191e-05, 6.627125889062881e-05, 6.627125889062881e-05, 5.716098397970199e-05, 4.805070804432034e-05, 3.438562992960215e-05, 2.9830827750265602e-05, 2.072055181488395e-05, 2.0720551814883946e-05, 2.98308277502656e-05, 2.9830827750265602e-05, 2.0720551814883953e-05, 2.0720551814883953e-05, 1.616507796570659e-05, -2.0554733462631695e-06, -2.0554733462631695e-06, -2.0554733462631695e-06, -2.0554733462631695e-06, -6.61027543246746e-06, -6.61027543246746e-06, -1.5720550809055564e-05, -2.0276024751365183e-05, -2.9386300127953292e-05, -3.8496575504541394e-05, -2.4831498041749003e-05, -2.0276696607470513e-05, -2.4831498041748996e-05, -3.394177444279194e-05, -3.394177444279194e-05, -4.7606851905584336e-05, -5.2161653339862826e-05, -5.2161653339862826e-05, -4.3051376938819884e-05, -4.7606851160526275e-05, -4.7606851160526275e-05, -4.3052049726247785e-05, -4.305204972624779e-05, -4.305204972624779e-05, -3.84965755045414e-05, -3.84965755045414e-05, -4.7606851160526275e-05, -5.671712756156921e-05, -5.671712756156922e-05, -5.6717127561569224e-05, -5.671712756156922e-05, -5.671712756156922e-05, -4.7606851160526275e-05, -4.7606851160526275e-05, -4.760685116052628e-05, -3.849657578393817e-05, -3.3941101562231775e-05, -2.9386300127953285e-05, -2.4831498693674802e-05, -1.5721223317086693e-05, -1.5721223317086693e-05, -1.116642188280821e-05], "voltages": [-1.2733194351196289, -1.073837661743164, -0.873060417175293, -0.6684005737304688, -0.4611484527587891, -0.25130405426025393, -0.04275321960449219, 0.16839008331298827, 0.3782379150390625, 0.5854986190795899, 0.7927558898925781, 0.9974191665649415, 1.1969009399414063, 1.391204833984375, 1.5829147338867189, 1.7668525695800783, 1.9456123352050783, 2.116596794128418, 2.2759265899658203, 2.4261856079101562, 2.564789962768555, 2.6943235397338867, 2.813498115539551, 2.924895668029785, 3.020753860473633, 3.110128974914551, 3.182674598693848, 3.244847106933594, 3.2927726745605472, 3.332928085327149, 3.3562475204467774, 3.366606903076172, 3.3692010879516605, 3.3536605834960938, 3.3238714218139656, 3.2824205398559574, 3.2293115615844727, 3.15936336517334, 3.0790521621704103, 2.9883718490600586, 2.8821542739868162, 2.7668661117553714, 2.637332534790039, 2.502614212036133, 2.3549474716186527, 2.2008007049560545, 2.0375883102416994, 1.8666004180908202, 1.6878406524658205, 1.5038976669311526, 1.313481330871582, 1.116586685180664, 0.915809440612793, 0.7085588455200196, 0.4987142562866211, 0.28886642456054684, 0.07902183532714843, -0.13211956024169924, -0.3393800735473633, -0.5466339111328126, -0.7512971878051757, -0.9559602737426759, -1.1541486740112306, -1.34844913482666, -1.5375717163085938, -1.7228063583374025, -1.8963848114013675, -2.063486480712891, -2.225398445129395, -2.376951026916504, -2.5181446075439458, -2.650272369384766, -2.774624824523926, -2.884733581542969, -2.987067031860352, -3.0764451980590817, -3.1541620254516602, -3.2150444030761722, -3.2642673492431644, -3.296648979187012, -3.321260452270508, -3.3316232681274416, -3.327735710144043, -3.3121915817260743, -3.2836975097656254, -3.237068748474121, -3.1826644897460943, -3.1127162933349615, -3.032405471801758, -2.939141082763672, -2.8355108261108404, -2.7189306259155273, -2.5971689224243164, -2.4624504089355472, -2.318666458129883, -2.169700813293457, -2.007781791687012, -1.836794090270996, -1.655447006225586, -1.468916893005371]}