{"currents": [-7.801086176186801e-07, -8.621134329587222e-07, -8.347811177372933e-07, -9.441182017326355e-07, -9.987867437303067e-07, -1.0534552857279779e-06, -1.0534552857279779e-06, -1.1081238277256488e-06, -1.0261190589517354e-06, -1.0261190589517356e-06, -1.0261190589517356e-06, -9.714505169540645e-07, -1.0261190589517356e-06, -9.987867437303067e-07, -9.441182017326357e-07, -9.441182017326356e-07, -9.441182017326356e-07, -8.621134329587222e-07, -8.894457481801511e-07, -8.894457481801511e-07, -8.3477720618248e-07, -8.3477720618248e-07, -8.074448909610511e-07, -8.074448909610511e-07, -8.074448909610511e-07, -8.074448909610511e-07, -8.074448909610511e-07, -7.8010861761868e-07, -8.074448443949223e-07, -8.347771596163512e-07, -8.347771596163512e-07, -8.347771596163512e-07, -8.347771596163512e-07, -7.8010861761868e-07, -7.527763023972513e-07, -7.527763023972513e-07, -7.527763023972513e-07, -8.074448909610511e-07, -8.074448909610511e-07, -8.074448909610511e-07, -8.074448909610511e-07, -7.527763489633799e-07, -7.25444033741951e-07, -7.254440337419511e-07, -7.254440337419511e-07, -7.254440337419511e-07, -7.801125757396222e-07, -7.801125757396222e-07, -7.801125757396222e-07, -7.801125757396222e-07, -8.347811177372933e-07, -8.894496597349644e-07, -8.894496597349644e-07, -9.167819749563934e-07, -9.714505169540645e-07, -9.167819749563934e-07, -8.347771596163512e-07, -8.894457016140223e-07, -9.167819283902645e-07, -9.167819283902645e-07, -9.167819283902645e-07, -9.441182017326356e-07, -9.441182017326356e-07, -9.441182017326356e-07, -9.441182017326355e-07, -9.987867437303067e-07, -1.0534552857279779e-06, -1.1081238277256488e-06, -1.108123827725649e-06, -1.1354561429470776e-06, -1.1354561429470776e-06, -1.0807876009494066e-06, -1.0261190589517356e-06, -9.987828321754932e-07, -9.167819749563934e-07, -8.894457481801511e-07, -8.894457481801511e-07, -8.3477720618248e-07, -8.621134329587222e-07, -8.621134329587222e-07, -8.894496597349644e-07, -9.441182017326356e-07, -9.987867437303067e-07, -9.987867437303067e-07, -1.0534552857279779e-06, -1.135456096380949e-06, -1.1354560963809492e-06, -1.135456096380949e-06, -1.1901246383786202e-06, -1.1901246383786204e-06, -1.0534552857279777e-06, -1.0534552857279779e-06, -1.0534552857279779e-06, -9.987867437303067e-07, -9.987867437303067e-07, -1.1081238277256488e-06, -1.0261190123856068e-06, -9.987827856093644e-07, -9.441142436116935e-07, -8.894457016140224e-07], "voltages": [-0.6840732574462891, -0.6279373168945312, -0.5691904067993164, -0.5065271377563476, -0.439947509765625, -0.3720623016357422, -0.3041772842407227, -0.23237571716308594, -0.16187973022460939, -0.08746719360351564, -0.011749267578125, 0.06396884918212892, 0.1409923553466797, 0.21671047210693362, 0.2911230087280274, 0.366840934753418, 0.4425588607788086, 0.5143602371215821, 0.5887725830078125, 0.6592687606811524, 0.7271539688110352, 0.795039176940918, 0.8590080261230469, 0.9190603256225587, 0.9804180145263672, 1.035248374938965, 1.0874677658081056, 1.1370759963989259, 1.1840734481811523, 1.2245431900024415, 1.2610965728759767, 1.2924280166625977, 1.3211486816406253, 1.3433418273925781, 1.3616188049316404, 1.377284622192383, 1.387728500366211, 1.3916448593139648, 1.3916448593139648, 1.3864229202270508, 1.3759790420532227, 1.361618804931641, 1.3420366287231447, 1.3159269332885741, 1.2885116577148439, 1.2558746337890625, 1.2180156707763672, 1.176240348815918, 1.1318540573120117, 1.0822458267211914, 1.028721046447754, 0.9738906860351563, 0.9151439666748048, 0.8537860870361329, 0.7885118484497071, 0.7232376098632813, 0.6540468215942384, 0.5835506439208984, 0.511749267578125, 0.43864231109619145, 0.36292438507080077, 0.2872066497802735, 0.21279411315917968, 0.13707599639892581, 0.06135787963867187, -0.014360237121582037, -0.09138374328613282, -0.1644906997680664, -0.23890323638916017, -0.30939941406250004, -0.3785900115966797, -0.4464752197265625, -0.5130548477172852, -0.5731071472167969, -0.6331592559814453, -0.6892950057983398, -0.7375978469848633, -0.78590087890625, -0.8315925598144531, -0.8707569122314454, -0.9073102951049804, -0.9399473190307617, -0.9686677932739258, -0.9921665191650392, -1.0130542755126954, -1.0261093139648438, -1.036553192138672, -1.041775131225586, -1.0417751312255858, -1.035247802734375, -1.0274147033691405, -1.0130544662475587, -0.9934722900390625, -0.9673625946044924, -0.939947509765625, -0.9046995162963868, -0.8681461334228516, -0.8263708114624024, -0.7819845199584962, -0.7349870681762696]}