{"currents": [-1.2584362551569941e-05, -1.3132885470986368e-05, -1.2858644127845767e-05, -1.231012120842934e-05, -1.2035839632153514e-05, -1.121303513646126e-05, -1.0115988925099374e-05, -9.567465633153917e-06, -9.841706976294518e-06, -1.0664511471986771e-05, -1.0938793048262598e-05, -1.1487316340208056e-05, -1.2035839632153514e-05, -1.1761598289012912e-05, -1.1213075369596483e-05, -1.1213075369596483e-05, -1.1213075369596483e-05, -1.0938793793320657e-05, -1.0938793793320657e-05, -1.0390270501375199e-05, -9.841747209429743e-06, -1.039027012884617e-05, -1.0664551705121995e-05, -1.0664551705121996e-05, -1.0938793420791628e-05, -1.1487316712737086e-05, -1.066451221704483e-05, -1.0115988925099374e-05, -9.567465633153917e-06, -9.841747209429743e-06, -9.293223917484285e-06, -9.56750549376011e-06, -9.56750549376011e-06, -1.0116028785705567e-05, -9.293224196881055e-06, -9.841747488826513e-06, -9.841747488826515e-06, -1.0115989204496147e-05, -9.567465912550689e-06, -9.841747209429741e-06, -9.293223917484285e-06, -9.293223917484285e-06, -9.018982201814651e-06, -9.018982201814651e-06, -9.56750549376011e-06, -9.841747209429741e-06, -9.293223917484283e-06, -9.567465633153917e-06, -9.567465633153917e-06, -9.29318405687809e-06, -9.567465633153917e-06, -1.0115988925099374e-05, -1.0664511844515802e-05, -1.121303513646126e-05, -1.0938793420791628e-05, -1.039027012884617e-05, -1.0115988552570344e-05, -9.841747209429741e-06, -9.018942620605232e-06, -9.567465912550689e-06, -9.567465912550689e-06, -9.293224196881057e-06, -9.567465540021658e-06, -1.039027012884617e-05, -9.841746836900712e-06, -9.841746836900712e-06, -1.039027012884617e-05, -1.0116028785705567e-05, -9.841747209429741e-06, -1.0115988925099373e-05, -1.0664512217044832e-05, -1.0115988925099374e-05, -1.0115988925099374e-05, -1.03902705013752e-05, -1.0116028785705567e-05, -1.0116028785705567e-05, -1.0390270501375199e-05, -1.0938793420791626e-05, -1.039027012884617e-05, -1.0938793420791628e-05, -1.0938793420791628e-05, -1.0116028878837826e-05, -9.567505959421397e-06, -1.0116029251366855e-05, -1.0664552170783284e-05, -1.0664552170783284e-05, -1.2035839632153512e-05, -1.2310080975294115e-05, -1.2310080975294115e-05, -1.2310080975294115e-05, -1.2858603894710542e-05, -1.2035839259624483e-05, -1.2584362179040912e-05, -1.2584362179040912e-05, -1.2035839259624483e-05, -1.0938793048262598e-05, -1.1487316340208056e-05, -1.0938793420791626e-05, -1.1487316340208054e-05, -1.1487316340208056e-05], "voltages": [-0.8198434829711915, -0.7650131225585939, -0.7101827621459962, -0.6514360427856447, -0.588772964477539, -0.5221933364868164, -0.45430812835693357, -0.38642311096191406, -0.3146215438842774, -0.24151439666748048, -0.16710186004638672, -0.09138393402099611, -0.014360427856445312, 0.0613576889038086, 0.13707580566406252, 0.21279392242431644, 0.28851184844970706, 0.3629243850708008, 0.4386423110961914, 0.511749267578125, 0.5822452545166016, 0.6501304626464844, 0.7167100906372071, 0.7793733596801758, 0.8394254684448242, 0.896866798400879, 0.9503915786743165, 1.0013055801391602, 1.0509138107299805, 1.0966058731079102, 1.1357702255249023, 1.1710182189941407, 1.2023496627807617, 1.228459358215332, 1.248041534423828, 1.2676239013671877, 1.2832897186279297, 1.2924280166625979, 1.295038986206055, 1.2950389862060547, 1.2859004974365233, 1.2728456497192384, 1.2558744430541993, 1.2336812973022462, 1.208877182006836, 1.1801565170288086, 1.1449085235595704, 1.107049560546875, 1.0665796279907227, 1.0195821762084962, 0.9712793350219727, 0.9177545547485352, 0.8603132247924805, 0.7989555358886719, 0.7349868774414062, 0.6671018600463867, 0.6005220413208008, 0.5313316345214844, 0.4595298767089844, 0.38903388977050785, 0.31462135314941403, 0.23759803771972657, 0.1605743408203125, 0.083551025390625, 0.005221939086914054, -0.07310714721679688, -0.14621410369873047, -0.2180154800415039, -0.2911226272583008, -0.3642297744750977, -0.42950382232666023, -0.5, -0.5678852081298829, -0.6305482864379883, -0.6906003952026368, -0.7493471145629883, -0.804177474975586, -0.8550912857055666, -0.9033943176269531, -0.9451696395874024, -0.9856395721435547, -1.019581985473633, -1.0509136199951172, -1.0770231246948243, -1.1005218505859375, -1.1161876678466798, -1.127937126159668, -1.135770034790039, -1.1396865844726562, -1.1370756149291994, -1.1318536758422852, -1.1227151870727539, -1.1070493698120119, -1.0874670028686524, -1.066579246520996, -1.037858772277832, -1.003916358947754, -0.9634464263916015, -0.9190601348876952, -0.8694519042968749]}