{"currents": [2.0719880051910878e-05, 3.4384958166629076e-05, 4.349523410201073e-05, 4.8050707951188086e-05, 4.3495905864983796e-05, 4.34959058649838e-05, 3.894110368564725e-05, 4.34959058649838e-05, 4.805070804432035e-05, 6.627125889062881e-05, 7.538153380155564e-05, 8.449180871248247e-05, 9.360208362340928e-05, 9.815755635499955e-05, 0.00010726783275604248, 0.00011182263493537904, 0.00012093291133642198, 0.00011637810915708543, 0.00011637810915708543, 0.00011637810915708543, 0.00011637810915708543, 0.00011637810915708543, 0.00011637810915708543, 0.00012093291133642198, 0.00012093291133642198, 0.00012548838555812838, 0.00011637810915708543, 0.00012548838555812838, 0.00012093358337879182, 0.00012093358337879182, 0.00012093358337879182, 0.00013004385977983477, 0.00012548838555812838, 0.00012548838555812835, 0.00012548838555812838, 0.00011637810915708543, 0.0001072678327560425, 0.00010271303057670595, 0.00010271303057670595, 8.449247926473618e-05, 7.993700653314591e-05, 7.08267316222191e-05, 7.08267316222191e-05, 6.627125889062881e-05, 5.716098295524717e-05, 4.349590484052897e-05, 4.349590484052896e-05, 3.438562992960215e-05, 2.072055181488395e-05, 2.0720551814883953e-05, 2.0720551814883953e-05, 1.1610275879502296e-05, 2.4999999441206454e-06, 2.4999999441206454e-06, 2.4999999441206454e-06, -6.61027543246746e-06, -1.5720550809055564e-05, -2.4830826185643673e-05, -2.9386300127953292e-05, -3.8496575504541394e-05, -3.8496575504541394e-05, -4.305204972624779e-05, -4.305204972624779e-05, -5.671712756156921e-05, -5.671712756156922e-05, -6.582740396261216e-05, -6.582740396261216e-05, -8.404795676469803e-05, -8.404795676469804e-05, -9.771370738744737e-05, -9.771370738744737e-05, -0.00010682398378849032, -9.771370738744737e-05, -8.404862955212594e-05, -7.949315533041955e-05, -7.949315533041955e-05, -7.493768110871316e-05, -7.493768110871316e-05, -8.860275894403459e-05, -9.771303534507752e-05, -0.00010226850956678391, -0.00010226850956678393, -0.00010226850956678393, -0.00010226850956678393, -9.315823316574098e-05, -7.949248254299164e-05, -7.493768036365508e-05, -6.582740396261216e-05, -5.671712756156922e-05, -4.760685116052628e-05, -4.760685116052628e-05, -4.3051376938819884e-05, -3.8496575504541394e-05, -3.3941774070262904e-05, -3.3941774070262904e-05, -1.5721222758293152e-05, -6.610947381705045e-06, -2.055473439395428e-06, 7.054802589118482e-06, 2.0719880051910878e-05], "voltages": [0.21632785797119142, 0.5336906433105469, 0.8471654891967774, 1.156752586364746, 1.4598596572875975, 1.7629684448242189, 2.05700798034668, 2.345870018005371, 2.6217784881591797, 2.8899200439453128, 3.146400260925293, 3.3899269104003906, 3.6166139602661134, 3.830346298217773, 4.025945472717285, 4.204703712463379, 4.366624069213867, 4.515586090087891, 4.650300979614258, 4.7668811798095705, 4.862735748291016, 4.941751480102539, 5.000041580200195, 5.035017395019532, 5.05185661315918, 5.05185832977295, 5.033720397949219, 4.990977668762207, 4.932686042785645, 4.853670692443847, 4.7526346206665036, 4.628285598754883, 4.492273902893067, 4.335537910461426, 4.1632581710815435, 3.976726150512696, 3.7785360336303713, 3.5635080337524414, 3.331642723083496, 3.0894079208374023, 2.834225082397461, 2.5686779022216797, 2.2888853073120115, 2.002614402770996, 1.7072742462158206, 1.4054555892944338, 1.0945747375488282, 0.7836904525756837, 0.4689184188842774, 0.15285625457763674, -0.1632059097290039, -0.4766807556152344, -0.7901556015014648, -1.0984457015991214, -1.4054405212402346, -1.7059619903564454, -2.001302146911621, -2.28498420715332, -2.5608924865722655, -2.8238492965698248, -3.0777353286743168, -3.3173742294311523, -3.5453535079956056, -3.7590892791748045, -3.961161804199219, -4.142512321472168, -4.309610748291016, -4.461171913146973, -4.593296241760254, -4.703404808044434, -4.799259757995605, -4.874392700195313, -4.931384086608887, -4.970239067077637, -4.987076759338379, -4.98448600769043, -4.963759040832519, -4.919717597961426, -4.857546615600586, -4.7798297882080085, -4.682681274414063, -4.564805603027343, -4.4313859939575195, -4.278536224365235, -4.1075485229492195, -3.9223102569580077, -3.7241220474243164, -3.5090927124023437, -3.279814720153809, -3.038878631591797, -2.7849927902221685, -2.51815185546875, -2.2409479141235353, -1.95338134765625, -1.6580446243286135, -1.3575197219848636, -1.0492261886596679, -0.7370485305786132, -0.4209831237792969, -0.10232505798339844]}