{"currents": [-3.486790601164103e-06, -2.39823954179883e-06, -1.5818462707102297e-06, -2.2121751680970188e-07, 8.672934956848621e-07, 1.41152897849679e-06, 2.500039990991354e-06, 3.5885510034859183e-06, 4.1328265331685545e-06, 5.2213376387953765e-06, 6.309848744422198e-06, 6.854084320366383e-06, 7.94259523972869e-06, 9.031106159090997e-06, 9.575381502509117e-06, 1.011965684592724e-05, 1.1208207905292512e-05, 1.1480325832962989e-05, 1.2024601548910143e-05, 1.2568877264857294e-05, 1.3113152980804444e-05, 1.3657388463616372e-05, 1.4201663807034493e-05, 1.4745899289846422e-05, 1.529013477265835e-05, 1.63786455988884e-05, 1.63786455988884e-05, 1.6650763526558877e-05, 1.6650763526558877e-05, 1.610652804374695e-05, 1.5562252700328827e-05, 1.5562252700328827e-05, 1.50180172175169e-05, 1.50180172175169e-05, 1.5834370255470277e-05, 1.5834370255470277e-05, 1.529013477265835e-05, 1.529013477265835e-05, 1.4745899289846422e-05, 1.3929546251893045e-05, 1.3385310769081118e-05, 1.3113152980804444e-05, 1.3113152980804444e-05, 1.202460192143917e-05, 1.1480326205492021e-05, 1.0391775146126749e-05, 9.575381875038148e-06, 8.486830815672876e-06, 7.94259523972869e-06, 6.854084320366383e-06, 5.765573214739561e-06, 4.677062109112739e-06, 3.588551003485918e-06, 3.0442754738032817e-06, 2.4999999441206454e-06, 1.955764461308718e-06, 1.4115289784967902e-06, 5.951357074081899e-07, 5.090022459626199e-08, -1.5818863175809385e-06, -2.670437376946211e-06, -4.3032240122556684e-06, -5.119617283344269e-06, -6.480286084115506e-06, -6.480286084115506e-06, -7.568797003477812e-06, -7.568797003477812e-06, -8.385150134563448e-06, -8.113032393157482e-06, -9.20154331251979e-06, -9.20154331251979e-06, -1.001793658360839e-05, -1.0290094371885062e-05, -1.1922840774059295e-05, -1.2194958701729776e-05, -1.2739194184541703e-05, -1.2467076256871224e-05, -1.2467076256871224e-05, -1.1922840774059297e-05, -1.2739234045147898e-05, -1.3283509761095048e-05, -1.3283509761095048e-05, -1.3827745243906975e-05, -1.4371980726718903e-05, -1.3283469527959825e-05, -1.2194958329200745e-05, -1.2194958329200745e-05, -1.1378565058112146e-05, -9.74581865593791e-06, -9.74581865593791e-06, -9.201543312519788e-06, -8.113032393157482e-06, -8.385190181434154e-06, -8.92942575737834e-06, -8.385150413960218e-06, -7.840914838016032e-06, -7.840914838016034e-06, -6.480246130377055e-06, -5.663852766156197e-06, -4.575341660529376e-06], "voltages": [-2.746114540100098, -2.0051820755004885, -1.252591323852539, -0.5103631973266602, 0.23316001892089847, 0.9779787063598633, 1.7189113616943361, 2.455957984924317, 3.186528015136719, 3.9028493881225588, 4.602331352233888, 5.28367862701416, 5.9481864929199215, 6.590673637390136, 7.208549118041992, 7.803108787536621, 8.36528491973877, 8.883419799804688, 9.366580009460451, 9.816061782836915, 10.222797203063966, 10.584196281433105, 10.91321144104004, 11.199481201171876, 11.440414047241212, 11.636010169982912, 11.79404125213623, 11.906735610961915, 11.972797775268555, 11.988341903686523, 11.96113986968994, 11.887305641174317, 11.766839408874512, 11.599740791320801, 11.389896392822266, 11.133419799804688, 10.827720260620117, 10.475388717651366, 10.079015731811523, 9.6450777053833, 9.168393516540528, 8.660621452331544, 8.121761131286622, 7.55569896697998, 6.9520717620849615, 6.3251289367675785, 5.677460479736329, 5.009067153930664, 4.318652725219726, 3.6191709518432615, 2.904144859313965, 2.1761657714843747, 1.437823486328125, 0.6917095184326173, -0.05958576202392585, -0.8056997299194337, -1.555699920654297, -2.2953371047973636, -3.025907325744629, -3.7435237884521486, -4.445596218109131, -5.125648021697998, -5.7901557922363285, -6.426165962219239, -7.03497428894043, -7.617875957489014, -8.164508152008057, -8.67098503112793, -9.148964309692383, -9.588083457946778, -9.992228507995605, -10.35621795654297, -10.686528587341307, -10.974093437194824, -11.222798156738282, -11.42487087249756, -11.584197235107421, -11.696891593933106, -11.766839599609376, -11.783679008483887, -11.75, -11.680051803588867, -11.559585571289062, -11.38341999053955, -11.16968936920166, -10.915803527832031, -10.610104179382326, -10.26554470062256, -9.884715461730957, -9.461140251159668, -8.997409629821778, -8.497409534454345, -7.966321277618409, -7.404145240783692, -6.813471794128419, -6.196891403198243, -5.55440435409546, -4.89248743057251, -4.19430103302002, -3.4766843795776365]}