{"currents": [7.054802030324936e-06, 7.054802030324936e-06, 1.616507796570659e-05, 2.0720551814883946e-05, 2.072055181488395e-05, 2.0720551814883953e-05, 2.0720551814883953e-05, 2.0720551814883946e-05, 1.616507796570659e-05, 2.0719880051910878e-05, 2.0719880051910878e-05, 2.071988005191088e-05, 2.0719880051910878e-05, 1.616507796570659e-05, 2.0720551814883946e-05, 2.98308277502656e-05, 2.9830827750265602e-05, 2.0720551814883953e-05, 2.9830827750265602e-05, 3.438562992960215e-05, 2.5275353994220497e-05, 3.438562992960215e-05, 3.438562992960215e-05, 3.438562992960215e-05, 2.98308277502656e-05, 3.894110368564725e-05, 3.894110368564725e-05, 2.9830828309059143e-05, 2.9830828309059147e-05, 3.4385630488395694e-05, 3.4385630488395694e-05, 3.4385630488395694e-05, 5.260618180036544e-05, 5.260618180036544e-05, 4.80513796210289e-05, 4.80513796210289e-05, 4.80513796210289e-05, 4.80513796210289e-05, 4.80513796210289e-05, 4.80513796210289e-05, 4.80513796210289e-05, 4.80513796210289e-05, 3.894110368564725e-05, 3.894110368564725e-05, 3.894110368564725e-05, 3.438562983646989e-05, 3.438562983646989e-05, 4.349590577185154e-05, 3.4385629836469895e-05, 3.438562983646989e-05, 2.9830827750265602e-05, 2.0720551814883953e-05, 2.0720551814883946e-05, 2.072055181488395e-05, 2.0720551814883946e-05, 2.527535390108824e-05, 2.5275353901088242e-05, 2.527535390108824e-05, 2.983015598729253e-05, 2.9830155987292528e-05, 2.5275353901088242e-05, 2.0719879958778623e-05, 1.1609604023396968e-05, 7.054801937192678e-06, -2.055473998188973e-06, -2.055473998188973e-06, 2.4999999441206454e-06, 2.4999999441206454e-06, 2.4999999441206454e-06, -6.61027543246746e-06, -6.61027543246746e-06, -1.5720550809055564e-05, -1.1165748722851275e-05, -1.1165748722851277e-05, -2.0554733462631695e-06, -2.0554733462631695e-06, -2.0554733462631695e-06, -2.0554733462631695e-06, -2.0554733462631695e-06, -2.0554733462631695e-06, -2.0554733462631695e-06, 7.054802030324936e-06, 2.4999999441206454e-06, -6.61027543246746e-06, -6.61027543246746e-06, -1.1165749374777078e-05, -6.610947288572788e-06, 7.0541308261454124e-06, 2.0719208288937807e-05, 2.071920828893781e-05, 2.527468223124743e-05, 2.071988014504314e-05, 7.054802030324936e-06, -6.61027543246746e-06, -6.61027543246746e-06, -6.61027543246746e-06, -6.61027543246746e-06, -6.61027543246746e-06, 7.054802030324936e-06, 7.054802030324936e-06], "voltages": [-0.31217441558837894, -0.23704490661621097, -0.16191196441650393, -0.08548564910888673, -0.01035614013671875, 0.06736392974853517, 0.1450839996337891, 0.2228042602539063, 0.297932243347168, 0.37306365966796873, 0.4430118560791016, 0.5155508041381835, 0.5842035293579102, 0.6541500091552734, 0.7189184188842774, 0.7810979843139647, 0.8380928039550782, 0.8924936294555664, 0.9417198181152344, 0.9883537292480469, 1.032391929626465, 1.0738460540771484, 1.111410903930664, 1.1424989700317383, 1.1709945678710938, 1.1917232513427733, 1.2072673797607423, 1.2202173233032227, 1.2279893875122072, 1.2305818557739259, 1.2305818557739259, 1.2254003524780275, 1.2124536514282227, 1.199500274658203, 1.1787731170654299, 1.1528663635253906, 1.1243690490722655, 1.0932809829711916, 1.0531253814697266, 1.0116744995117188, 0.9650423049926758, 0.9132287979125977, 0.8575260162353516, 0.8018266677856446, 0.7396505355834961, 0.6787681579589845, 0.6114107131958009, 0.54276123046875, 0.47280960083007817, 0.4015661239624023, 0.3251394271850586, 0.2525972366333008, 0.1761722564697266, 0.09845199584960938, 0.01943645477294922, -0.05569114685058594, -0.13341140747070312, -0.20983619689941407, -0.28625926971435545, -0.3587982177734375, -0.432634162902832, -0.5038793563842774, -0.5738309860229492, -0.6424856185913086, -0.7072557449340819, -0.7681365966796876, -0.8264251708984376, -0.8808292388916016, -0.9300519943237305, -0.9766874313354492, -1.0220243453979494, -1.0608877182006837, -1.0971553802490235, -1.1282434463500977, -1.1567375183105468, -1.1787582397460938, -1.1943023681640625, -1.2072557449340822, -1.2150278091430664, -1.2176185607910157, -1.2150278091430666, -1.2124338150024416, -1.1994821548461916, -1.1839414596557618, -1.163216018676758, -1.1373109817504883, -1.1075162887573242, -1.0751277923583986, -1.0375577926635744, -0.9961071014404298, -0.9520639419555665, -0.9015476226806641, -0.8484439849853516, -0.7927495956420899, -0.7305732727050782, -0.6658063888549806, -0.6010395050048828, -0.53109130859375, -0.45984268188476557, -0.3873039245605469]}