{"currents": [-2.3829104006290435e-05, -2.3554822430014613e-05, -2.3829063773155215e-05, -2.328054085373879e-05, -2.3829064145684243e-05, -2.3280541226267817e-05, -2.3006299883127214e-05, -2.2183535248041155e-05, -2.1360730752348896e-05, -2.1634972095489503e-05, -2.1086448803544046e-05, -2.0537925511598583e-05, -2.053792551159859e-05, -2.0263683795928957e-05, -1.889239624142647e-05, -1.8343873322010043e-05, -1.7246827483177185e-05, -1.6149781644344333e-05, -1.5052735805511477e-05, -1.3955689966678622e-05, -1.3132885470986368e-05, -1.2584362551569941e-05, -1.1761558055877687e-05, -1.0938753560185434e-05, -1.0390230268239976e-05, -9.293184336274862e-06, -8.744661044329404e-06, -8.470419328659773e-06, -7.647654786705972e-06, -6.824850477278233e-06, -6.0020859353244306e-06, -4.630758613348007e-06, -3.807954303920269e-06, -2.985149808228016e-06, -2.1623853128403426e-06, -1.6138623468577864e-06, -7.910978980362416e-07, 5.801895633339882e-07, 1.402954012155533e-06, 2.225718414410949e-06, 2.774241380393505e-06, 3.3227643929421905e-06, 3.871287405490875e-06, 4.41981041803956e-06, 4.694091994315386e-06, 5.242615006864071e-06, 5.242615006864071e-06, 4.968333430588246e-06, 4.968333430588246e-06, 4.69405185431242e-06, 4.69405185431242e-06, 4.968293290585279e-06, 4.69405185431242e-06, 4.69405185431242e-06, 4.69405185431242e-06, 4.145528841763735e-06, 3.32276439294219e-06, 3.32276439294219e-06, 2.7742413803935046e-06, 2.4999999441206454e-06, 1.4029540121555328e-06, 8.544310461729766e-07, -7.911378983408213e-07, -2.162425359711051e-06, -3.2594712916761636e-06, -3.2594712916761636e-06, -4.082235787063837e-06, -4.0822357870638375e-06, -4.356517270207405e-06, -5.453563109040261e-06, -6.550608947873116e-06, -7.373413257300854e-06, -7.921936083585025e-06, -8.470458909869193e-06, -8.470458909869193e-06, -9.293223544955254e-06, -1.039026975631714e-05, -1.1487315967679025e-05, -1.2858603522181511e-05, -1.4778414368629458e-05, -1.5601218864321708e-05, -1.6149741783738137e-05, -1.7246787622570995e-05, -1.8069592118263247e-05, -1.8343873322010043e-05, -1.9440919533371925e-05, -2.053796574473381e-05, -2.0537965744733813e-05, -2.1086489036679266e-05, -2.1635012328624726e-05, -2.1635012328624726e-05, -2.1635012328624726e-05, -2.273205853998661e-05, -2.3554822802543636e-05, -2.437758706510067e-05, -2.4926109984517097e-05, -2.5474632903933526e-05, -2.49261099845171e-05, -2.5200391560792924e-05, -2.3829104006290435e-05], "voltages": [-11.365534973144532, -11.244125175476075, -11.06005210876465, -10.861618614196779, -10.621409797668457, -10.33420352935791, -9.99608325958252, -9.627937126159669, -9.216710090637207, -8.75848560333252, -8.262402057647705, -7.7441253662109375, -7.187989521026612, -6.60182752609253, -5.989555835723877, -5.352480125427246, -4.694516658782959, -4.015665435791016, -3.314621162414551, -2.5992164611816406, -1.8733680725097657, -1.1396865844726562, -0.4033943176269531, 0.33289813995361334, 1.0704959869384767, 1.8041774749755861, 2.540469741821289, 3.271540451049805, 3.9869449615478514, 4.6840726852417, 5.361618423461914, 6.013054466247558, 6.6409914016723635, 7.244124794006348, 7.825064849853517, 8.379895210266115, 8.909921264648439, 9.403393936157228, 9.861618232727052, 10.275456619262696, 10.643602561950685, 10.964751434326175, 11.24412479400635, 11.481723022460939, 11.676239585876466, 11.82767562866211, 11.938641738891603, 12.014359855651858, 12.030025291442872, 11.996083068847657, 11.920365142822266, 11.802871704101564, 11.629242706298829, 11.42167091369629, 11.17885093688965, 10.889033699035645, 10.54960823059082, 10.176239776611329, 9.759790992736818, 9.30156650543213, 8.812010383605958, 8.281983947753906, 7.718015480041505, 7.129242515563965, 6.510443687438965, 5.864229774475098, 5.2010444641113285, 4.516971206665039, 3.8120103836059576, 3.09268913269043, 2.3642295837402347, 1.6305482864379885, 0.887728500366211, 0.1475196838378906, -0.5913837432861329, -1.3263708114624024, -2.0574413299560548, -2.7793733596801755, -3.488250732421875, -4.176240348815918, -4.847258472442627, -5.5, -6.126631832122802, -6.728459358215332, -7.301566314697266, -7.853785610198975, -8.369451332092286, -8.85900754928589, -9.304177284240723, -9.720626449584962, -10.091383743286134, -10.419059944152833, -10.697127723693848, -10.942558670043944, -11.133159255981447, -11.274151420593263, -11.382506561279296, -11.459530067443849, -11.463446426391602, -11.433420181274414]}