{"currents": [3.8724783807992933e-07, 4.955945070832968e-07, 5.497678183019162e-07, 4.414211492985487e-07, 4.955944838002324e-07, 5.497678415849805e-07, 5.497678415849805e-07, 5.497678415849805e-07, 6.581145105883479e-07, 7.122878450900316e-07, 6.581144873052835e-07, 6.581144873052835e-07, 7.122878450900316e-07, 6.851991871371864e-07, 6.581145105883479e-07, 7.393725449219346e-07, 7.393725449219346e-07, 7.122838869690895e-07, 7.664572214707732e-07, 8.206305559724569e-07, 8.206305559724569e-07, 8.477152325212956e-07, 9.289772249758244e-07, 9.560658829286695e-07, 9.560658829286695e-07, 9.831545408815146e-07, 9.56069864332676e-07, 9.56069864332676e-07, 9.289812063798309e-07, 8.748078718781472e-07, 8.748078718781472e-07, 9.289812063798309e-07, 8.748078718781472e-07, 9.018965298309923e-07, 9.56069864332676e-07, 9.018965298309923e-07, 8.477231953293085e-07, 8.477231953293085e-07, 7.935498608276248e-07, 7.393765263259411e-07, 7.393765263259411e-07, 6.85203168541193e-07, 6.85203168541193e-07, 7.122878450900316e-07, 7.122878450900316e-07, 7.122878450900316e-07, 7.664612028747797e-07, 7.122878450900317e-07, 6.31029810756445e-07, 6.310298107564449e-07, 6.039411528035998e-07, 5.497677950188518e-07, 4.955944838002324e-07, 5.497678415849805e-07, 5.497678415849806e-07, 4.6850983053445817e-07, 4.6850983053445817e-07, 5.226831417530775e-07, 4.143364727497101e-07, 3.059898037463427e-07, 3.059898037463427e-07, 2.5181649252772336e-07, 2.247278578579426e-07, 2.5181253440678123e-07, 1.9763917662203314e-07, 2.2472385317087176e-07, 2.2472385317087176e-07, 2.5181248784065246e-07, 2.247278112918139e-07, 2.78901169076562e-07, 1.9764313474297527e-07, 1.4346977695822718e-07, 8.929646573960782e-08, 8.929646573960781e-08, 3.512310795485973e-08, 8.929646573960782e-08, 1.434698235243559e-07, 8.929646573960782e-08, 6.220778450369837e-08, 1.1638114228844644e-07, 1.7055445350706577e-07, 1.1638109572231771e-07, 1.1638109572231771e-07, 8.929641917347909e-08, 8.929641917347909e-08, 3.512310795485973e-08, 8.929646573960781e-08, 1.434698235243559e-07, 1.7055450007319452e-07, 1.7055450007319452e-07, 1.7055450007319452e-07, 1.7055450007319452e-07, 1.7055450007319452e-07, 1.97643181309104e-07, 2.247278578579426e-07, 2.789011690765619e-07, 2.789011690765619e-07, 2.78901169076562e-07, 3.872478380799294e-07, 3.872478380799294e-07], "voltages": [-0.6503902435302735, -0.44572029113769535, -0.2358724594116211, -0.024739265441894545, 0.1851085662841797, 0.39495639801025395, 0.604800796508789, 0.8146453857421875, 1.0193153381347657, 1.2200960159301757, 1.4182792663574217, 1.612579917907715, 1.79652099609375, 1.9765710830688477, 2.148849105834961, 2.310771369934082, 2.463621139526367, 2.608697319030762, 2.746006584167481, 2.8716575622558596, 2.9882377624511722, 3.0918663024902346, 3.182544708251953, 3.2602663040161137, 3.3276239395141607, 3.379439163208008, 3.4234790802001953, 3.4532718658447266, 3.4688142776489257, 3.4714015960693363, 3.45974349975586, 3.4312494277954104, 3.3936813354492195, 3.3431650161743165, 3.2796966552734377, 3.2097452163696296, 3.1255447387695314, 3.027099227905274, 2.9169921875, 2.7952272415161135, 2.6605119705200195, 2.5167263031005858, 2.363876533508301, 2.203256416320801, 2.033567237854004, 1.8574014663696292, 1.6760576248168946, 1.4869350433349608, 1.2913341522216797, 1.0918523788452148, 0.8884830474853515, 0.6812257766723633, 0.47396850585937506, 0.26412734985351566, 0.05298748016357424, -0.1581575393676758, -0.36800193786621094, -0.5778430938720703, -0.7812177658081054, -0.9794111251831055, -1.1763023376464843, -1.365424919128418, -1.5480690002441406, -1.7294143676757812, -1.9004020690917969, -2.063612747192383, -2.219053268432617, -2.366720008850098, -2.4975507736206057, -2.624490356445313, -2.7410758972167972, -2.844706153869629, -2.934087753295899, -3.0169893264770513, -3.084350204467774, -3.138751029968262, -3.1827890396118166, -3.21388053894043, -3.229426193237305, -3.2346042633056644, -3.2216474533081056, -3.1957441329956056, -3.15817928314209, -3.1089582443237305, -3.0454868316650394, -2.9729513168334964, -2.890046310424805, -2.792892646789551, -2.680196571350098, -2.5597301483154298, -2.4276058197021486, -2.285118865966797, -2.134859848022461, -1.9781225204467776, -1.8084316253662112, -1.632262420654297, -1.4457338333129883, -1.2540239334106444, -1.0584213256835937, -0.8563488006591798]}