{"currents": [1.1394112370908261e-06, 1.6836467199027538e-06, 1.6836467199027538e-06, 1.683646719902754e-06, 1.1394112370908261e-06, 1.41152897849679e-06, 1.1394112370908261e-06, 1.1394112370908261e-06, 1.4115289784967902e-06, 1.955764461308718e-06, 1.955764461308718e-06, 2.227882202714682e-06, 2.2278822027146814e-06, 2.2278822027146814e-06, 2.2278822027146814e-06, 2.227882202714682e-06, 2.227882202714682e-06, 2.2278822027146814e-06, 2.2278822027146814e-06, 2.2278822027146814e-06, 2.227882202714682e-06, 2.227882202714682e-06, 2.7721577323973176e-06, 2.7721577323973176e-06, 3.3164332620799547e-06, 4.1328265331685545e-06, 4.1328265331685545e-06, 3.0443155206739907e-06, 3.0443155206739902e-06, 2.500039990991354e-06, 1.955764461308718e-06, 2.500039990991354e-06, 2.5000399909913544e-06, 2.500039990991354e-06, 2.500039990991354e-06, 2.500039990991354e-06, 1.955764461308718e-06, 2.4999999441206454e-06, 2.4999999441206454e-06, 1.955764461308718e-06, 1.4115289784967902e-06, 1.6836867667734623e-06, 1.1394512839615347e-06, 1.1394512839615347e-06, 1.6836867667734623e-06, 2.22792224958539e-06, 1.683646719902754e-06, 2.227882202714682e-06, 2.2278822027146814e-06, 2.2278822027146814e-06, 2.2278822027146814e-06, 2.4999999441206454e-06, 2.4999999441206454e-06, 2.227882202714682e-06, 2.227882202714682e-06, 2.2278822027146814e-06, 1.6836467199027538e-06, 1.1394112370908261e-06, 8.672934956848623e-07, 3.2305801287293434e-07, -2.2117746993899346e-07, -2.2117746993899346e-07, 5.0940271466970463e-08, 5.0940271466970463e-08, 5.0940271466970463e-08, 5.0940271466970463e-08, 5.0940271466970463e-08, -2.2117746993899346e-07, -2.2117746993899346e-07, 3.2305801287293434e-07, 3.2305801287293434e-07, 3.2305801287293434e-07, 3.2305801287293434e-07, 3.2305801287293434e-07, -2.2117746993899346e-07, -2.2117746993899346e-07, -2.2117746993899346e-07, -4.933352582156658e-07, -2.2121751680970188e-07, -7.654930464923382e-07, -7.654930464923382e-07, -7.65493046492338e-07, 5.090022459626199e-08, 5.090022459626199e-08, 5.951757542788983e-07, 1.1394112370908261e-06, 1.41152897849679e-06, 3.2301796600222597e-07, 3.230179660022259e-07, 3.2301796600222597e-07, -4.933753050863742e-07, -2.2125756368041035e-07, 3.230179660022259e-07, 5.090022459626199e-08, 5.090022459626199e-08, 3.2305801287293434e-07, -2.2117746993899346e-07, 3.2305801287293434e-07, 5.951757542788983e-07, 1.1394112370908261e-06], "voltages": [-0.045337295532226554, 0.029792404174804697, 0.10880794525146485, 0.18652820587158203, 0.26424827575683596, 0.3406730651855469, 0.41709785461425786, 0.4883413314819336, 0.5569942474365235, 0.6243518829345703, 0.6865280151367188, 0.7474088668823242, 0.8069944381713868, 0.8639892578125001, 0.9183933258056642, 0.9715023040771485, 1.0181344985961913, 1.0621759414672853, 1.1010360717773438, 1.1347148895263672, 1.163212203979492, 1.1891189575195313, 1.207253646850586, 1.2253883361816407, 1.234455680847168, 1.2396369934082032, 1.2396369934082032, 1.23963680267334, 1.2292741775512694, 1.2176162719726562, 1.1994815826416017, 1.1774608612060546, 1.1489635467529298, 1.1178754806518554, 1.0841966629028321, 1.0453367233276367, 1.002590560913086, 0.953367805480957, 0.9015542984008789, 0.8445592880249024, 0.7849735260009767, 0.7215019226074219, 0.6593255996704102, 0.5919679641723633, 0.524610710144043, 0.45466270446777346, 0.38471450805664065, 0.3069944381713867, 0.23186492919921875, 0.15414466857910156, 0.07642440795898438, -0.002590942382812496, -0.07772045135498047, -0.15544071197509768, -0.23316097259521487, -0.3095857620239258, -0.38471546173095705, -0.4546636581420899, -0.5246118545532227, -0.5919694900512695, -0.6554410934448243, -0.7176172256469727, -0.7797933578491212, -0.8354928970336916, -0.8847156524658204, -0.9365291595458984, -0.9831613540649415, -1.0246122360229493, -1.0621768951416015, -1.099741554260254, -1.1282390594482423, -1.151555061340332, -1.1722805023193361, -1.1891199111938477, -1.1981874465942384, -1.2033687591552735, -1.2059595108032228, -1.2033685684204103, -1.1968917846679688, -1.1865289688110352, -1.1683942794799804, -1.1450780868530275, -1.1191715240478517, -1.0867881774902344, -1.051814079284668, -1.0155445098876954, -0.9727983474731446, -0.9235755920410157, -0.8717620849609377, -0.8160627365112305, -0.7551818847656251, -0.6930057525634766, -0.628238868713379, -0.5621767044067383, -0.4922285079956055, -0.42098503112792973, -0.347150993347168, -0.27461204528808597, -0.19818725585937502, -0.12305755615234376]}