{"currents": [-1.1901246849447488e-06, -1.1627884581685066e-06, -1.1627884581685066e-06, -1.1901207733899356e-06, -1.1901207733899356e-06, -1.1627884581685066e-06, -1.1627884581685066e-06, -1.1081199161708354e-06, -1.0534513741731644e-06, -9.987828321754932e-07, -9.987828321754934e-07, -9.441142901778222e-07, -8.894457481801511e-07, -8.621134329587223e-07, -8.894457481801511e-07, -8.3477720618248e-07, -8.3477720618248e-07, -8.3477720618248e-07, -8.3477720618248e-07, -8.074448909610511e-07, -8.074448909610511e-07, -7.801125757396222e-07, -7.25444033741951e-07, -7.25444033741951e-07, -7.254440337419511e-07, -6.707754917442799e-07, -6.434392184019089e-07, -6.981077603995801e-07, -6.434392184019089e-07, -5.887706764042377e-07, -5.341021344065666e-07, -5.614384077489377e-07, -5.614384077489377e-07, -5.614384077489377e-07, -5.341021344065666e-07, -5.341021344065667e-07, -4.794335924088955e-07, -3.7009650841355325e-07, -4.2476505041122444e-07, -4.521013237535954e-07, -5.067698657512665e-07, -5.067698657512665e-07, -5.887706764042377e-07, -5.341021344065666e-07, -5.341021344065666e-07, -5.614344030618668e-07, -5.887666717171669e-07, -5.887666717171669e-07, -5.340981297194958e-07, -5.61430398374796e-07, -5.88766671717167e-07, -5.887666717171669e-07, -6.16102945059538e-07, -7.254400290548802e-07, -7.254400290548802e-07, -6.70771487057209e-07, -6.70771487057209e-07, -6.70771487057209e-07, -6.98103802278638e-07, -7.25440075621009e-07, -7.801086176186801e-07, -8.621134329587222e-07, -8.89445748180151e-07, -8.621134329587222e-07, -8.894457481801511e-07, -9.441142901778222e-07, -8.89445748180151e-07, -9.167819749563934e-07, -9.987828321754934e-07, -1.0261190589517356e-06, -9.714505169540645e-07, -1.0534513741731644e-06, -1.0534513741731644e-06, -1.0261190589517356e-06, -1.0261190589517356e-06, -1.1354561429470778e-06, -1.16279236972332e-06, -1.217460911720991e-06, -1.3267979957163334e-06, -1.3814665377140046e-06, -1.3814665377140046e-06, -1.3814665377140044e-06, -1.3814665377140044e-06, -1.3267979957163334e-06, -1.3814665377140046e-06, -1.3814665377140046e-06, -1.3814665377140046e-06, -1.3814665377140044e-06, -1.4361350797116756e-06, -1.4361350797116758e-06, -1.4361350797116756e-06, -1.4361350797116756e-06, -1.4361350797116756e-06, -1.3814665377140044e-06, -1.2721294537186622e-06, -1.2721294537186624e-06, -1.2721294537186622e-06, -1.2721294537186622e-06, -1.217460911720991e-06, -1.2174609117209914e-06], "voltages": [-2.125326156616211, -1.9725847244262695, -1.8080940246582031, -1.6383811950683593, -1.4634466171264648, -1.2806787490844727, -1.0887727737426758, -0.8955612182617188, -0.699738883972168, -0.497389030456543, -0.2911228179931641, -0.08616199493408204, 0.12010421752929688, 0.32898159027099605, 0.5365533828735352, 0.7402088165283203, 0.9477806091308594, 1.1514360427856447, 1.3498695373535157, 1.5443864822387696, 1.7349868774414063, 1.9138381958007813, 2.0887729644775392, 2.258485794067383, 2.4190603256225587, 2.5704965591430664, 2.715405082702637, 2.848564338684082, 2.9686687469482425, 3.079634666442871, 3.178851318359375, 3.2663187026977543, 3.342036628723145, 3.408616065979004, 3.4608352661132815, 3.49738883972168, 3.5221929550170903, 3.5313314437866214, 3.5287204742431646, 3.5130548477172856, 3.4869449615478523, 3.4464752197265627, 3.3981721878051756, 3.3315925598144527, 3.253263473510742, 3.1657958984375, 3.0652736663818363, 2.9503911972045893, 2.825065040588379, 2.693211364746094, 2.5483030319213866, 2.394255828857422, 2.2323760986328125, 2.065274238586426, 1.887728500366211, 1.7023498535156252, 1.5117494583129885, 1.3159269332885744, 1.114882469177246, 0.9073108673095703, 0.7010446548461914, 0.49608383178710935, 0.288511848449707, 0.0796346664428711, -0.12271537780761718, -0.3289817810058594, -0.5352479934692382, -0.73759765625, -0.9321147918701174, -1.1240207672119142, -1.3093992233276368, -1.4908615112304688, -1.6657962799072268, -1.8355089187622071, -1.9999996185302735, -2.151435661315918, -2.2937332153320313, -2.4255868911743166, -2.5469968795776365, -2.654046630859375, -2.753263473510742, -2.839425277709961, -2.916448783874512, -2.9804174423217775, -3.0313312530517584, -3.0718011856079106, -3.0966054916381838, -3.1070493698120116, -3.1044384002685548, -3.0900779724121095, -3.0613573074340823, -3.0221927642822264, -2.968667984008789, -2.9020883560180666, -2.826370429992676, -2.7389030456542973, -2.6396863937377932, -2.528720283508301, -2.4060049057006836, -2.2715400695800785]}