{"currents": [-1.4229891076684e-05, -1.5052655339241028e-05, -1.505265533924103e-05, -1.4778413996100429e-05, -1.4504172652959826e-05, -1.3681408390402796e-05, -1.2858644127845767e-05, -1.2858644127845767e-05, -1.2584362551569941e-05, -1.2310080975294115e-05, -1.2310080975294115e-05, -1.2310080975294115e-05, -1.1761558055877687e-05, -1.1487316712737086e-05, -1.1213075369596483e-05, -1.0938793793320657e-05, -1.0938793793320657e-05, -1.066451221704483e-05, -1.0664512217044832e-05, -1.0938753560185434e-05, -1.0664511844515802e-05, -1.0390230268239976e-05, -1.0390230268239976e-05, -1.0390230268239976e-05, -9.567465633153917e-06, -9.293184336274862e-06, -9.01894262060523e-06, -8.744700904935599e-06, -7.921896316111088e-06, -7.921896316111088e-06, -8.196177612990141e-06, -8.196177612990141e-06, -7.921896316111088e-06, -7.64765478670597e-06, -7.64765478670597e-06, -7.921896502375602e-06, -7.373373676091432e-06, -7.373373676091432e-06, -7.373373676091432e-06, -6.824850849807262e-06, -6.0020863078534595e-06, -6.276327837258577e-06, -6.00208630785346e-06, -6.00208630785346e-06, -6.55060913413763e-06, -6.824850663542747e-06, -6.55060913413763e-06, -6.002086121588945e-06, -6.002086121588945e-06, -5.4535632953047744e-06, -5.179321765899658e-06, -5.179321765899658e-06, -5.727844778448343e-06, -5.727844778448343e-06, -6.00208630785346e-06, -6.550609134137631e-06, -7.099131960421801e-06, -7.099131960421801e-06, -7.373373489826918e-06, -7.921896502375602e-06, -8.196138218045235e-06, -7.921856921166181e-06, -8.470379747450352e-06, -9.018902759999036e-06, -8.744661044329404e-06, -8.470419328659773e-06, -9.018942341208459e-06, -9.567465633153917e-06, -9.567465633153917e-06, -1.0115988925099374e-05, -1.0664512217044832e-05, -1.0938793793320659e-05, -1.0938793793320659e-05, -1.176159828901291e-05, -1.2310121208429338e-05, -1.231012120842934e-05, -1.231012120842934e-05, -1.2584362551569941e-05, -1.2035839632153514e-05, -1.2035839632153514e-05, -1.2310080975294115e-05, -1.2858603894710542e-05, -1.2858603894710542e-05, -1.3132845237851143e-05, -1.3407086580991744e-05, -1.3681368157267572e-05, -1.3681368157267572e-05, -1.3955649733543398e-05, -1.4229931309819223e-05, -1.3955689966678622e-05, -1.3955689966678622e-05, -1.3681408390402796e-05, -1.4229931309819223e-05, -1.4504172652959826e-05, -1.4229891076683998e-05, -1.3681368157267572e-05, -1.3407126814126971e-05, -1.2858603894710544e-05, -1.2858603894710542e-05, -1.3407126814126971e-05], "voltages": [-2.917754936218262, -2.822454643249512, -2.721932411193848, -2.6070497512817385, -2.483028793334961, -2.349869346618653, -2.207571601867676, -2.052219009399414, -1.8903392791748048, -1.7206266403198243, -1.5430809020996095, -1.357702445983887, -1.169713020324707, -0.97519588470459, -0.7754568099975586, -0.5718015670776367, -0.36553516387939455, -0.15535240173339843, 0.05613574981689455, 0.2637073516845703, 0.4725847244262696, 0.6801565170288086, 0.8838117599487305, 1.0822452545166015, 1.2806787490844727, 1.4725845336914063, 1.6579631805419923, 1.8394254684448244, 2.014360046386719, 2.1814619064331056, 2.3407310485839847, 2.492167091369629, 2.633159255981445, 2.7624023437500003, 2.8825067520141605, 2.992167091369629, 3.0887725830078128, 3.1736289978027346, 3.245430374145508, 3.306788063049317, 3.353785705566407, 3.3903392791748055, 3.412532424926758, 3.425587463378906, 3.422976493835449, 3.407310676574707, 3.377284812927246, 3.334203720092774, 3.2793731689453125, 3.210182762145996, 3.129242897033692, 3.0378591537475588, 2.9360317230224613, 2.8198438644409185, 2.6971282958984375, 2.565274429321289, 2.4216711044311525, 2.266318511962891, 2.107049560546875, 1.9373367309570313, 1.7584854125976563, 1.5718011856079102, 1.3838117599487307, 1.1853782653808596, 0.9843339920043946, 0.7793733596801758, 0.575718116760254, 0.3681463241577149, 0.16187992095947265, -0.045691871643066394, -0.2519582748413086, -0.45691909790039065, -0.6618799209594726, -0.8642295837402343, -1.0600521087646486, -1.2506526947021486, -1.4360311508178711, -1.614882469177246, -1.7872062683105472, -1.956919097900391, -2.1174934387207034, -2.270235061645508, -2.4099218368530275, -2.539164733886719, -2.657963752746582, -2.7663188934326177, -2.8642301559448247, -2.953002738952637, -3.0300260543823243, -3.09268913269043, -3.1409919738769534, -3.1775455474853516, -3.198433303833008, -3.2049608230590825, -3.202349853515625, -3.1906003952026367, -3.1644906997680664, -3.1227153778076175, -3.07049617767334, -3.00130558013916]}