{"currents": [-2.6283222250640393e-07, -1.0031219571828842e-07, -1.9054207950830465e-08, 8.929246105253696e-08, 1.4346581883728505e-07, 2.2472781129181384e-07, 2.789011225104332e-07, 3.60163114964962e-07, 4.685097839683294e-07, 5.768564529716969e-07, 6.852031452581286e-07, 7.935498375445604e-07, 9.018965298309923e-07, 9.831545408815146e-07, 1.091501209884882e-06, 1.1727592209354044e-06, 1.3352792244404556e-06, 1.4977992279455066e-06, 1.5790612204000354e-06, 1.6332345549017192e-06, 1.714496547356248e-06, 1.6603232128545645e-06, 1.6603232128545645e-06, 1.6874078894034031e-06, 1.7686659004539255e-06, 1.8228392582386734e-06, 1.9311859505251053e-06, 1.985359308309853e-06, 2.0666213240474462e-06, 2.0937100052833555e-06, 2.1207946352660655e-06, 2.0666212774813174e-06, 2.066621277481318e-06, 2.0666212774813174e-06, 2.0666212774813174e-06, 2.0395366474986074e-06, 2.0395366474986074e-06, 2.039536647498608e-06, 2.0395366474986074e-06, 1.9853632897138593e-06, 1.8770165974274278e-06, 1.8770165974274278e-06, 1.7686699051409961e-06, 1.6603232128545645e-06, 1.551976543851197e-06, 1.551976543851197e-06, 1.4436298748478296e-06, 1.335283205844462e-06, 1.2269365368410946e-06, 1.1185898678377272e-06, 9.831545408815146e-07, 9.289812063798309e-07, 9.018925484269858e-07, 8.47719213925302e-07, 8.206305559724569e-07, 7.393725216388703e-07, 5.768525181338191e-07, 4.4142117258161306e-07, 3.330745035782457e-07, 2.5181649252772336e-07, 1.434698235243559e-07, 8.929646573960782e-08, -1.905020326375961e-08, -1.2739687226712706e-07, -2.086588647216559e-07, -3.170055337250233e-07, -3.711788449436427e-07, -4.2535220272839076e-07, -4.795255605131388e-07, -5.336989182978869e-07, -5.336989182978869e-07, -5.87872276082635e-07, -6.149609107524157e-07, -6.420495454221964e-07, -6.962228566408158e-07, -7.503961678594351e-07, -8.316581603139638e-07, -8.587428368628026e-07, -8.858275134116411e-07, -9.670855477452279e-07, -9.670855477452279e-07, -9.399968665093183e-07, -9.399968665093183e-07, -8.85823555290699e-07, -8.31650197505951e-07, -8.31650197505951e-07, -8.31650197505951e-07, -8.31650197505951e-07, -8.31650197505951e-07, -7.50392209738493e-07, -7.50392209738493e-07, -6.962188985198737e-07, -6.420455873012543e-07, -6.420455873012544e-07, -6.69130263850093e-07, -5.607835948467255e-07, -5.607835948467255e-07, -5.066102370619774e-07, -4.524368792772294e-07, -3.440902102738619e-07], "voltages": [-4.282555103302002, -3.5701097488403324, -2.84471607208252, -2.1167301177978515, -1.378384780883789, -0.6374471664428711, 0.10867004394531254, 0.8586750030517578, 1.5996143341064455, 2.337963104248047, 3.0698352813720704, 3.7848678588867193, 4.484356498718262, 5.172185516357422, 5.837995147705079, 6.480487251281739, 7.104849624633789, 7.702009773254394, 8.273258399963378, 8.80953140258789, 9.314717483520509, 9.781035423278809, 10.204610633850098, 10.580259895324707, 10.919643020629884, 11.21498317718506, 11.46369457244873, 11.670951843261719, 11.843236541748047, 11.968885993957521, 12.041426658630371, 12.06862564086914, 12.055672454833985, 11.988314819335939, 11.871734237670898, 11.720178222656251, 11.531058883666992, 11.288830947875978, 10.99608497619629, 10.669656944274903, 10.295297813415528, 9.87172260284424, 9.409280586242676, 8.915750694274902, 8.385951042175295, 7.828956413269044, 7.242162132263184, 6.633347129821779, 5.99603443145752, 5.332815361022949, 4.642392349243165, 3.9377258300781253, 3.2136308670043947, 2.4830577850341804, 1.74471435546875, 1.0037765502929688, 0.2615385055541992, -0.4806980133056641, -1.224228096008301, -1.9651659011840823, -2.6957426071166997, -3.418543815612793, -4.12321367263794, -4.807158184051514, -5.476852226257325, -6.124527263641358, -6.743701648712159, -7.336969184875489, -7.901739501953125, -8.42635431289673, -8.915991592407227, -9.374544334411622, -9.80200710296631, -10.184132957458496, -10.52480983734131, -10.82792205810547, -11.081812858581545, -11.286477851867676, -11.450987434387208, -11.57145881652832, -11.641407012939453, -11.667312240600587, -11.647882270812989, -11.585702705383301, -11.476891136169435, -11.327927398681641, -11.131036186218264, -10.893989562988283, -10.611606216430665, -10.286471557617189, -9.909528541564942, -9.50019874572754, -9.052008819580077, -8.564962100982667, -8.042943191528321, -7.4937136650085465, -6.913402748107911, -6.298114395141601, -5.64526128768921, -4.974270057678223]}