{"currents": [-2.1741543896496297e-06, -2.0921535789966584e-06, -2.0648213103413586e-06, -2.010152768343687e-06, -1.9554842263460163e-06, -1.900815684348345e-06, -1.900815684348345e-06, -1.818810869008303e-06, -1.818810869008303e-06, -1.7914786003530027e-06, -1.7368100583553317e-06, -1.6821415163576605e-06, -1.6001407057046892e-06, -1.4634673949331046e-06, -1.4087988529354334e-06, -1.3541303109377622e-06, -1.24479322694242e-06, -1.1901246849447488e-06, -1.1081238277256488e-06, -9.987867437303067e-07, -8.621133863925935e-07, -7.801085710525513e-07, -6.70771487057209e-07, -6.43435213714838e-07, -5.61430398374796e-07, -4.794295877218247e-07, -3.9742877706885345e-07, -2.8809169307351117e-07, -1.7875460907816888e-07, -1.5142234042286874e-07, -1.5142234042286874e-07, -4.2085256427526485e-08, 1.2583285570144642e-08, 1.219203695654869e-07, 2.585937269032002e-07, 4.2259935289621355e-07, 4.2259935289621355e-07, 4.2259935289621355e-07, 4.499316215515137e-07, 4.4993162155151364e-07, 4.2259935289621355e-07, 5.319364368915558e-07, 5.866049788892269e-07, 5.866049788892269e-07, 6.13937247544527e-07, 6.412695161998271e-07, 6.412695161998272e-07, 6.412695161998272e-07, 6.959380581974983e-07, 5.866009742021561e-07, 5.319324322044849e-07, 4.225953482091427e-07, 3.6792680621147156e-07, 2.585897222161293e-07, 3.132582642138004e-07, 2.585897222161293e-07, 2.585897222161293e-07, 1.76588911563158e-07, 1.219203695654869e-07, 1.2583285570144649e-08, -4.208525642752648e-08, -1.5142234042286874e-07, -1.7875861376523973e-07, -2.88095697760582e-07, -3.7009650841355325e-07, -4.520973190665245e-07, -5.614344030618668e-07, -7.254400290548802e-07, -7.801085710525513e-07, -8.621133863925935e-07, -9.441182017326356e-07, -9.987867437303067e-07, -1.0534552857279779e-06, -1.16279236972332e-06, -1.2721294537186622e-06, -1.3814665377140046e-06, -1.4361350797116756e-06, -1.4908036217093468e-06, -1.545472163707018e-06, -1.545472163707018e-06, -1.6001407057046892e-06, -1.7094777897000315e-06, -1.7641463316977027e-06, -1.873483415693045e-06, -1.982820499688387e-06, -2.037489041686058e-06, -2.0921575836837293e-06, -2.1741583943367006e-06, -2.1741583943367006e-06, -2.1741583943367006e-06, -2.228826936334372e-06, -2.256159204989672e-06, -2.256159204989672e-06, -2.283491473644972e-06, -2.283491473644972e-06, -2.228822931647301e-06, -2.228822931647301e-06, -2.228822931647301e-06, -2.2014906629920008e-06, -2.1741543896496297e-06], "voltages": [-10.4281982421875, -10.113576698303223, -9.75326328277588, -9.369451332092286, -8.938641929626465, -8.479111862182616, -7.985639381408692, -7.451696872711182, -6.885117149353028, -6.298955345153809, -5.680156326293946, -5.035247611999512, -4.37075662612915, -3.6827672958374027, -2.975195503234864, -2.2571800231933596, -1.5274150848388672, -0.795039176940918, -0.060052108764648504, 0.6749349594116212, 1.4099218368530273, 2.1449087142944334, 2.8720626831054688, 3.590078353881836, 4.293733406066895, 4.988250350952149, 5.661879539489746, 6.314621162414551, 6.947780418395997, 7.5587465286254885, 8.131853675842285, 8.673629188537598, 9.189294815063477, 9.672323608398438, 10.107049369812012, 10.503916168212893, 10.862923812866212, 11.174934387207033, 11.430809020996094, 11.652741241455079, 11.838119888305664, 11.97389030456543, 12.063968467712403, 12.114882087707521, 12.120104026794433, 12.07571773529053, 11.980417442321777, 11.842036247253418, 11.667101669311522, 11.446475219726562, 11.178851127624512, 10.87597904205322, 10.531331634521486, 10.135770416259765, 9.693211555480957, 9.221932220458985, 8.715404891967774, 8.1723237991333, 7.5992168426513675, 7.010443878173828, 6.3864229202270515, 5.734986686706543, 5.065274047851563, 4.37597885131836, 3.6697126388549806, 2.950391387939453, 2.2232376098632813, 1.4947780609130858, 0.7637075424194337, 0.026109695434570368, -0.711488151550293, -1.4464752197265627, -2.180156707763672, -2.903394317626953, -3.6122714996337892, -4.29895544052124, -4.964751720428467, -5.607049274444581, -6.231070041656494, -6.832897663116455, -7.404699325561523, -7.946474838256836, -8.458224105834962, -8.92558708190918, -9.344647216796876, -9.733681106567385, -10.082245063781738, -10.386422729492187, -10.650130271911621, -10.881200790405275, -11.06657943725586, -11.21148796081543, -11.310704803466797, -11.373368072509766, -11.383811950683594, -11.347258377075194, -11.255874633789062, -11.129242706298829, -10.93864212036133, -10.707571601867677]}