{"currents": [-0.00010082204904125347, -9.55455748407736e-05, -8.686371170670923e-05, -7.771179734010939e-05, -7.196071207547082e-05, -6.916190371160949e-05, -6.886682065448294e-05, -7.062691034866875e-05, -7.399362150384018e-05, -7.851840137849652e-05, -8.375951625522925e-05, -8.930931613219594e-05, -9.480105855736745e-05, -9.99089020653331e-05, -0.00010434791036620889, -0.0001078672787129386, -0.00011022414436604004, -0.00011117783832395696, -0.00011048993691483369, -0.00010792426243222728, -0.00010324683087635618, -9.62993440165718e-05, -8.729633984010057e-05, -7.689972745827482e-05, -6.621876431528365e-05, -5.681006852413765e-05, -5.058299708972295e-05, -4.904009560574122e-05, -5.2741174000328504e-05, -6.128328628042377e-05, -7.33007263046904e-05, -8.648505860684528e-05, -9.81993257310652e-05, -0.00010655080779436166, -0.00011056392544580661, -0.00011018023472082355, -0.00010625844594854388, -0.00010041353325300366, -9.422080303303695e-05, -8.887854172964657e-05, -8.519999030089727e-05, -8.361335275316668e-05, -8.416980033812202e-05, -8.669368895071529e-05, -9.082984656602364e-05, -9.601730645276636e-05, -0.00010148928362082026, -0.0001062731999890682, -0.00010923633222877281, -0.0001094842484048938, -0.0001066563368092892, -0.00010093717222592283, -9.305652937375826e-05, -8.427799807225536e-05, -7.608488994167191e-05, -6.97075242984002e-05, -6.605901625460846e-05, -6.573523055149796e-05, -6.901482376859538e-05, -7.590645702044917e-05, -8.623043735570086e-05, -9.954174359214821e-05, -0.00011512441225271455, -0.00013199147068040614, -0.00014889064278606092, -0.0001644742873544714, -0.0001775897124047601, -0.00018732491953679114, -0.00019300866014384594, -0.00019421038335217135, -0.00019070989348413177, -0.00018256137281895586, -0.00017027776197276948, -0.0001548405036310048, -0.00013769959669874008, -0.00012076377693586274, -0.00010604460636084937, -9.49062436969191e-05, -8.792427269088251e-05, -8.488563313234437e-05, -8.478868888374653e-05, -8.598569805658821e-05, -8.696288608451097e-05, -8.672621758006895e-05, -8.481245663938416e-05, -8.128917926566552e-05, -7.674369811969188e-05, -7.19997005755311e-05, -6.774680521204283e-05, -6.450048396128483e-05, -6.260204408988088e-05, -6.221864558678399e-05, -6.337233174047162e-05, -6.60561027182966e-05, -7.02629659332826e-05, -7.598592879845333e-05, -8.32179987268325e-05, -9.195217269753733e-05, -9.954035638929984e-05, -0.00010231059371643378], "voltages": [0.5822289461122216, 0.6837590580646096, 0.7811980206169528, 0.8364506346587005, 0.8891595475759374, 0.9391338669592537, 0.9861827087590956, 1.030115178238148, 1.0707403904294304, 1.107867451563117, 1.1413201147377665, 1.1709952967058714, 1.1968777540968045, 1.2190400452694403, 1.2376425551267856, 1.2529154458082254, 1.2650220645343893, 1.2739662078215441, 1.279588747515636, 1.2815676268590486, 1.2794212514415138, 1.2726256177041901, 1.260848589332459, 1.243992382689785, 1.2221935303673084, 1.1958228782518856, 1.1654441749840911, 1.1316025666749376, 1.0947303509027362, 1.0551445476382346, 1.0130469025702924, 0.9685263078665521, 0.9216125978326614, 0.8723259418392828, 0.8206779545245848, 0.766671616533988, 0.7103011950335428, 0.6515559915937359, 0.5904751734416198, 0.5271984643734317, 0.4619682652966253, 0.3951296567727624, 0.327128272118252, 0.2584411815601517, 0.18944785062668823, 0.12040809691206715, 0.051462308707076805, -0.0173688804196679, -0.08616057049507718, -0.1549140745715238, -0.22344709483628505, -0.2913901014064887, -0.35818590969020997, -0.42309386640272884, -0.48536108466070366, -0.5446382142040814, -0.601064821087118, -0.6552694334491526, -0.7083694937294294, -0.7618677597483232, -0.8168174459157872, -0.8732317755036282, -0.9300620677311154, -0.9851974074338016, -1.0354870020869007, -1.077459707799049, -1.108675656279228, -1.1279589980821594, -1.1353980967733543, -1.1323453376161048, -1.1211939136311682, -1.1042454382435936, -1.0832096097295767, -1.0591915606656859, -1.032691964247988, -1.0036195392194325, -0.9716004482342285, -0.9363467792388864, -0.8976888254352653, -0.8555751396039759, -0.8100724803609759, -0.7613469072057651, -0.7096029377388942, -0.6550818662058359, -0.5980623340084824, -0.5388606662952071, -0.47782985168787223, -0.4153283019598914, -0.3516485550207259, -0.2870032276768554, -0.22152482123256345, -0.15526591416487773, -0.08821228461811945, -0.02033666789710858, 0.048388343925844846, 0.11799015877843078, 0.18849618458833914, 0.25993368423989827, 0.3696757216599504, 0.47731371154759744]}