{"currents": [-7.1668291311068e-06, -7.494788750770376e-06, -7.80618443139151e-06, -7.541772284496197e-06, -7.341353649760196e-06, -7.197465426821778e-06, -7.102644509922053e-06, -7.049427797000057e-06, -7.030352189293485e-06, -7.037954579702063e-06, -7.064615917958635e-06, -7.1019373795153305e-06, -7.1405844424512974e-06, -7.1702868508584596e-06, -7.179838638971775e-06, -7.157332107822995e-06, -7.092575714200976e-06, -6.979044208478094e-06, -6.813956657035102e-06, -6.598276515060232e-06, -6.336633334807775e-06, -6.036485229329782e-06, -5.710148913227995e-06, -5.3756785417557796e-06, -5.056865049016869e-06, -4.783236562867968e-06, -4.588752117094598e-06, -4.4999288200690855e-06, -4.5268363388066785e-06, -4.6627478061193514e-06, -4.884139750048042e-06, -5.151041363128274e-06, -5.4170821795501174e-06, -5.6455349868381044e-06, -5.811663984705952e-06, -5.90272483505031e-06, -5.91796502643632e-06, -5.866593817216057e-06, -5.7590712865801836e-06, -5.604393778526371e-06, -5.410062300736892e-06, -5.18208260326745e-06, -4.924996582947489e-06, -4.643245568020958e-06, -4.344474534745216e-06, -4.0402102845027584e-06, -3.7458624093369276e-06, -3.4807218873847455e-06, -3.267022407039299e-06, -3.120626065118942e-06, -3.0436504929033955e-06, -3.0241755430743167e-06, -3.0362440555698474e-06, -3.0401541911861606e-06, -2.9946002223665055e-06, -2.8850575041311026e-06, -2.7294894827526147e-06, -2.5783484580824372e-06, -2.5145746417972726e-06, -2.646797124061091e-06, -3.0558282085321064e-06, -3.7574019663865612e-06, -4.700790191395629e-06, -5.768799181426146e-06, -6.77915825208636e-06, -7.530532325761018e-06, -7.891037169733382e-06, -7.813788869300234e-06, -7.336911061942652e-06, -6.583527726129935e-06, -5.746226650226035e-06, -4.998842389278721e-06, -4.4507416043806915e-06, -4.145448301401712e-06, -4.060646253539858e-06, -4.109550380323361e-06, -4.179103423847999e-06, -4.188117215522913e-06, -4.095291937768372e-06, -3.899217939435079e-06, -3.6383740323947178e-06, -3.3839697496073675e-06, -3.201621609201421e-06, -3.132974206330187e-06, -3.195189389461005e-06, -3.3809462873805935e-06, -3.658952036887168e-06, -3.987104605459244e-06, -4.329951909223664e-06, -4.660633490028319e-06, -4.960881600729524e-06, -5.221020194110555e-06, -5.438533445501343e-06, -5.612336981911242e-06, -5.7413467506665505e-06, -5.824478699093571e-06, -5.860648774518602e-06, -5.8487726990691695e-06, -6.368576309487724e-06, -6.799464083697708e-06], "voltages": [0.9755934085785425, 0.6756111379751348, 0.3720584653669598, 0.18469353372735786, -0.003637110493764209, -0.1922019177824416, -0.3802693753500471, -0.5671079217938356, -0.7519860436191816, -0.934172180321192, -1.1129477435550552, -1.2876586121826632, -1.457728284293951, -1.622657649864255, -1.7820251297217296, -1.9354720797911913, -2.0826156434133596, -2.2229998590492412, -2.3560942761624424, -2.4812938841120027, -2.597920784872239, -2.7052886196466153, -2.802854233931608, -2.8902479779991883, -2.9672738576606204, -3.033909428830864, -3.09027576130858, -3.136495386741343, -3.172637148864118, -3.1987149802228894, -3.214687902320824, -3.220461248529239, -3.2159126898449975, -3.2009178463859014, -3.1753512639600907, -3.1390863814733883, -3.09199549830793, -3.0339542493219525, -2.9649382661910497, -2.885119544612844, -2.794870534195393, -2.694764142364346, -2.585569634706641, -2.4681172299502196, -2.3430446678604735, -2.210753704226128, -2.071410593472364, -1.9249454441982803, -1.771104402272423, -1.6098951928585639, -1.441914943656831, -1.2683620684098613, -1.0910372959187813, -0.9123304103239304, -0.7346015925303028, -0.5585710880946368, -0.3829761710987672, -0.2045711354064924, -0.018127315230521024, 0.183162183336179, 0.4046528839516225, 0.6482106305596006, 0.9121382175323782, 1.1911738967274192, 1.476566743872255, 1.7581187335785742, 2.027231414243674, 2.2773148024618766, 2.5037877050114354, 2.704077426165157, 2.8773027847299737, 3.023342076361394, 3.1429051301703983, 3.237551666379975, 3.30969050695603, 3.3625622649898563, 3.399692337930594, 3.4239241753078575, 3.4372616001311425, 3.440868972862244, 3.4350710191339613, 3.4194960463872524, 3.3937098598853357, 3.357429902727736, 3.310528383857372, 3.2530325094304002, 3.1851210467625926, 3.1070555058362097, 3.0191272026628115, 2.9216594260432345, 2.81500721742435, 2.699557580248604, 2.575723797017204, 2.4439250534184405, 2.304580249674659, 2.158108286008203, 2.004928062641417, 1.8454587806553957, 1.5613206051034036, 1.271108110613833]}