{"currents": [0.00012425972012663632, 0.0001105985200345699, 0.00010698948640914823, 0.00010271599437888753, 9.891810235165962e-05, 9.570671436584376e-05, 9.319273418927506e-05, 9.148706581543439e-05, 9.070061328231646e-05, 9.094428028415683e-05, 9.230679028564596e-05, 9.476596147964054e-05, 9.816652951306134e-05, 0.00010222014402044828, 0.00010650537013319151, 0.0001104941141136785, 0.0001137380133724222, 0.0001159882742306989, 0.00011719992260860045, 0.00011753180305899995, 0.00011734233229748444, 0.00011706026716391833, 0.00011696077244472304, 0.00011712960472500057, 0.00011746311361984319, 0.0001176682411904843, 0.00011729878455889466, 0.00011598961518340346, 0.00011359620623307233, 0.00011019931862639317, 0.00010610500187850526, 0.0001018399059444543, 9.803420683865828e-05, 9.527717636726125e-05, 9.410337459070485e-05, 9.49926502418903e-05, 9.837013970942663e-05, 0.00010460155681846822, 0.00011371179326085979, 0.00012507611719829643, 0.00013740637617634536, 0.00014875098361116735, 0.000156508749658696, 0.00015800649425622718, 0.00015185589099176537, 0.00013822696804099277, 0.00011884820362064997, 9.700644399437307e-05, 7.724643886483504e-05, 6.339465632718947e-05, 5.736231628152588e-05, 5.910456620460032e-05, 6.662052017729778e-05, 7.59940312330801e-05, 8.26359912628955e-05, 8.344180208421792e-05, 7.713714065069312e-05, 6.42780790815325e-05, 4.72509665158041e-05, 2.994119564290137e-05, 1.591000498089451e-05, 7.486460599115607e-06, 5.741182197402862e-06, 1.048637085551466e-05, 2.0302042210887986e-05, 3.320745595160994e-05, 4.753790642595964e-05, 6.203938821420119e-05, 7.586859780317887e-05, 8.859293741212425e-05, 0.00010011747570935132, 0.00011030568834719174, 0.00011880553670147463, 0.00012504491998375025, 0.0001282316352449303, 0.00012735798059211427, 0.00012143923819917629, 0.00011015124210285763, 9.396796770400227e-05, 7.416160964765579e-05, 5.2802499363460833e-05, 3.2612088875237565e-05, 1.610846382502805e-05, 5.150963995144207e-06, 9.261029623667558e-07, 3.947609061125737e-06, 1.4070446962675514e-05, 3.074539201652863e-05, 5.307022546655639e-05, 7.97359406210439e-05, 0.00010902678026177785, 0.00013882020643938382, 0.0001666547339414456, 0.00019000099846239773, 0.00020632968350849185, 0.00021311147258597948, 0.00020781704920111216, 0.00018791706642513092, 0.00016615487557262716, 0.00014394513989406669], "voltages": [-0.6859678170044601, -0.594839926917007, -0.5014350208407453, -0.43843130795295454, -0.3728288273025021, -0.30515313429096075, -0.2359297703335078, -0.1656842954900469, -0.0949422511833573, -0.024229197327909683, 0.04595658498343659, 0.11525305373599481, 0.18346175614796872, 0.25054773871937, 0.316639602044841, 0.3819982923478187, 0.4468184983860296, 0.5111116082235772, 0.5747018798930812, 0.6372264085099073, 0.6981390885358147, 0.7568198609742831, 0.812743242854846, 0.8655018007437087, 0.9148062446135574, 0.9604853736356291, 1.0024672611787735, 1.040720474784861, 1.0752543635998464, 1.1061198962461192, 1.1334096613571882, 1.1572570283686212, 1.1777999027645136, 1.1950958248378831, 1.209104782891983, 1.2196892386603415, 1.2266141501691459, 1.2295655839561976, 1.2282706673929555, 1.2225688128054475, 1.212414072687448, 1.1978751392184694, 1.1791329902556074, 1.1564357439355135, 1.1300829950900695, 1.1004332233668894, 1.0679039152209924, 1.0329714157847347, 0.9961480703642969, 0.9576414060105651, 0.9170428218388502, 0.873314305727444, 0.8247887143539825, 0.7691826867444691, 0.7040740809066244, 0.6279069301892696, 0.540180350154065, 0.4414487245502763, 0.3333215191997013, 0.2182886076403742, 0.09904265939529207, -0.021670780288548568, -0.14105263481945907, -0.25624960253302437, -0.36435574707213625, -0.4626423520139311, -0.5494003728153459, -0.6241456559988113, -0.6876191326615421, -0.7417866242928215, -0.7896174839864852, -0.8338709181646525, -0.8764947352984838, -0.9186082804039599, -0.9605021403385622, -1.0016555983294668, -1.0411548665238948, -1.0781750666324195, -1.1120187088505062, -1.1421157440067549, -1.1680235147389046, -1.1894082704952287, -1.2060231235763963, -1.2177496833635053, -1.2246008662866306, -1.2267208217105612, -1.2243822207401887, -1.2179081963409963, -1.207548783329979, -1.193463022358103, -1.1757189489582398, -1.154293599996031, -1.129088106164769, -1.0999885698719212, -1.0668810285461623, -1.0296515196161677, -0.9881860805106129, -0.9423708221656361, -0.8599372189312751, -0.774422882879105]}