{"currents": [7.023531204033785e-06, 8.101544226748801e-06, 8.919957282635362e-06, 8.47167438836949e-06, 7.80207056253109e-06, 6.9816829900104625e-06, 6.081048666433063e-06, 5.170704822551601e-06, 4.321188488443284e-06, 3.603036841909971e-06, 3.080857816978283e-06, 2.789614006328928e-06, 2.72869330143888e-06, 2.8619091465371286e-06, 3.1175002255288286e-06, 3.394775257336885e-06, 3.604285032486448e-06, 3.6902068577768965e-06, 3.631060260454651e-06, 3.439707045486831e-06, 3.162635531298045e-06, 2.8612613434267145e-06, 2.5864961676665128e-06, 2.37578862797235e-06, 2.253123976271995e-06, 2.2290245951346784e-06, 2.302586263619685e-06, 2.465694284182417e-06, 2.7005064378218432e-06, 2.9792467669496754e-06, 3.264205284008505e-06, 3.5079449170573773e-06, 3.662020591820852e-06, 3.697575984310632e-06, 3.6095095094790996e-06, 3.416474005725667e-06, 3.160877042394006e-06, 2.9045805892524157e-06, 2.7052154664795155e-06, 2.604372815949425e-06, 2.6272632534613914e-06, 2.7827171332101013e-06, 3.063524734380188e-06, 3.4530681194203144e-06, 3.928297111800218e-06, 4.458852911819233e-06, 5.007066015284209e-06, 5.527958758543072e-06, 5.971003871707446e-06, 6.297454128613428e-06, 6.4940166332588665e-06, 6.573396154789104e-06, 6.574293590417889e-06, 6.560864635456134e-06, 6.605599386488255e-06, 6.75821030736619e-06, 7.04042747820655e-06, 7.445996425587615e-06, 7.940680251766016e-06, 8.467077507384866e-06, 8.966835091215883e-06, 9.388869002451303e-06, 9.68952072382259e-06, 9.832555595715087e-06, 9.789008753563564e-06, 9.538248954120339e-06, 9.082906768468878e-06, 8.453340549483673e-06, 7.707639166443801e-06, 6.931619038457679e-06, 6.233373959723481e-06, 5.705704803963382e-06, 5.402414424435085e-06, 5.337475459373115e-06, 5.485031911161405e-06, 5.7802291864671445e-06, 6.143873259016201e-06, 6.523814915297535e-06, 6.901354431377397e-06, 7.291241747465233e-06, 7.741676303706479e-06, 8.327592176062564e-06, 9.102139760823139e-06, 1.0064891761229632e-05, 1.1160705480679429e-05, 1.2279718064513054e-05, 1.325849074392245e-05, 1.391750212013253e-05, 1.4132470678707984e-05, 1.3846769608131217e-05, 1.3071430511888548e-05, 1.1885139449787239e-05, 1.042295881604472e-05, 8.831234448626664e-06, 7.256308505342168e-06, 5.844523144000331e-06, 4.742220522410246e-06, 4.0957462897742806e-06, 4.849407785854767e-06, 5.879884082872875e-06], "voltages": [4.7776604169961825, 4.626291563210388, 4.452374831745393, 4.320876550904889, 4.1733497646154465, 4.010467839096791, 3.832904101421303, 3.6413319325181597, 3.436424656139069, 3.218855656357288, 2.9893270709356545, 2.7486853275499583, 2.497949643004924, 2.2383123389435333, 1.971138656986044, 1.6979334436480544, 1.4201177361908848, 1.1388926847242893, 0.8552345908887894, 0.569895050712583, 0.28340533682021785, -0.0037877787028813004, -0.29110455097999666, -0.5777993886204028, -0.8629613808485659, -1.1455140630252236, -1.4242451775396625, -1.6979701248132006, -1.9656124189687223, -2.226205949437722, -2.478894970825385, -2.7229318666408444, -2.957632554688429, -3.182358108403024, -3.3965202217331, -3.5995815506817594, -3.7910560561846296, -3.97049916798755, -4.137457898706759, -4.291446092620052, -4.4319436210231995, -4.558396376773578, -4.670217092574683, -4.766823330897399, -4.847741628675932, -4.912629910532397, -4.961277426499005, -4.993605011205841, -5.009640518042929, -5.009374678796325, -4.99268260293128, -4.959321331023908, -4.908929945559199, -4.84103187061812, -4.7552339378422355, -4.651852698482505, -4.532059237214899, -4.39787942956569, -4.252193676101816, -4.098530663769196, -3.9390280895444585, -3.77282085311127, -3.595976446441859, -3.401496092759774, -3.179377852091225, -2.918844010147172, -2.6128412172877464, -2.258861782467405, -1.8589444466723652, -1.4196736107130385, -0.9514213435617567, -0.4653032241815569, 0.027592372574027413, 0.5162067723224945, 0.9895081597862668, 1.4364929095926247, 1.8469025430010118, 2.2141341962232985, 2.5359708000891064, 2.814581811678984, 3.0565224828160997, 3.2719445320376623, 3.470325266791809, 3.6583894945326385, 3.8400518416256424, 4.01641547723458, 4.1858314822130245, 4.345345123455923, 4.492441120224504, 4.625201629143191, 4.742306785188954, 4.843034151842254, 4.927159392506025, 4.9945575600160295, 5.045103831242072, 5.07867338305395, 5.095141392321468, 5.094382947367979, 5.011756150358231, 4.906191899007845]}