{"currents": [9.720058805862306e-07, 8.638319582662685e-07, 7.950522633648385e-07, 7.999885115834828e-07, 7.836014442661856e-07, 7.490476986881758e-07, 6.994838984645176e-07, 6.380666861503096e-07, 5.679526839076534e-07, 4.922985349167504e-07, 4.14280773896228e-07, 3.3717556173049307e-07, 2.6437850556851863e-07, 1.9940475420718168e-07, 1.4588893748909787e-07, 1.0751462560182441e-07, 8.676937521166216e-08, 8.375963947438246e-08, 9.61600458972325e-08, 1.1921340899659675e-07, 1.457814201009317e-07, 1.6797147616267246e-07, 1.8014837353082711e-07, 1.7944661562742214e-07, 1.6577039151598798e-07, 1.41793540566682e-07, 1.1248068639014667e-07, 8.284211183609283e-08, 5.7073562895967045e-08, 3.8538911160071975e-08, 2.9770189106040252e-08, 3.24848394205177e-08, 4.7751709845975545e-08, 7.54588645206944e-08, 1.1409817141396565e-07, 1.6076536068356515e-07, 2.111600464175772e-07, 2.5987060421727695e-07, 3.0250738012078944e-07, 3.3713779012411827e-07, 3.6433854892728955e-07, 3.8719567598433917e-07, 4.112522516321984e-07, 4.4284258387311633e-07, 4.860362706750261e-07, 5.421225744978326e-07, 6.096101551814257e-07, 6.84227370344877e-07, 7.594428888619525e-07, 8.29637872681044e-07, 8.918878566345418e-07, 9.460203879221185e-07, 9.946146383668954e-07, 1.0429442825274223e-06, 1.0971017517797412e-06, 1.1604511179926404e-06, 1.2330136694368435e-06, 1.3114677569877528e-06, 1.3891489565782322e-06, 1.45670628927168e-06, 1.5066108442558972e-06, 1.53599290039359e-06, 1.546741328839202e-06, 1.5455033635186513e-06, 1.543585497934771e-06, 1.5536863630896153e-06, 1.5836683819898524e-06, 1.6354716769467728e-06, 1.7051137055862718e-06, 1.7826896301953175e-06, 1.8534687672309995e-06, 1.9043612626217787e-06, 1.927423464997565e-06, 1.919967652012367e-06, 1.8845619486250315e-06, 1.828920719134139e-06, 1.763148669084367e-06, 1.6962722170641431e-06, 1.6358924939442383e-06, 1.5881852169753585e-06, 1.557900779559391e-06, 1.5485500187638082e-06, 1.562163647826234e-06, 1.5983390438724303e-06, 1.654188466227462e-06, 1.7243388968803692e-06, 1.8009840449848197e-06, 1.8753413922384799e-06, 1.939908345873851e-06, 1.9887802619273763e-06, 2.0176507232994366e-06, 2.0238112637884275e-06, 2.005884944648054e-06, 1.9627614517095105e-06, 1.8933303554477404e-06, 1.7964812263376864e-06, 1.671103634854291e-06, 1.5160873231891196e-06, 1.2989607199510498e-06, 1.117466755446193e-06], "voltages": [0.9923502346877776, 0.6936052032752184, 0.3911518207252039, 0.2039462681101948, 0.016325768056219242, -0.17111581164395756, -0.35778463958911644, -0.5430868361909267, -0.7264285693782693, -0.9072159603884582, -1.0848571339614042, -1.2587698408344694, -1.4283836406036508, -1.5931396751902174, -1.7524908070616205, -1.9058995483552275, -2.052830569810593, -2.19274856121387, -2.3251184030614183, -2.4494050957194293, -2.5650738753320463, -2.6716113080260686, -2.768610971767238, -2.8557946511918173, -2.9330124884046556, -3.000242879108151, -3.0575691821853344, -3.1050494509187745, -3.142650411125274, -3.1702454396232325, -3.187614562904319, -3.194446481986934, -3.190408475259348, -3.175292270811223, -3.149041283735553, -3.1117505816988484, -3.063666854488914, -3.0051622934144993, -2.9366113363194697, -2.8583434879108824, -2.770642283200924, -2.6737452904813157, -2.5678451404453613, -2.4531245932916654, -2.3298307439360295, -2.1982890337279324, -2.058903737094874, -1.9121573180600389, -1.7585979483281329, -1.5987932502159197, -1.433323486237121, -1.2627811668347597, -1.0877720778969193, -0.9089143009302995, -0.7268262361462257, -0.5420962739336533, -0.3552764646281735, -0.16688254985380754, 0.022606071619178963, 0.2127355608223191, 0.4029449595887964, 0.5924514771289765, 0.7802465610652335, 0.9650947284438336, 1.1455390568790018, 1.3201933186800585, 1.4885859154253487, 1.651348436584482, 1.810215749347538, 1.9680259025895914, 2.1284801959607935, 2.2941175399516522, 2.46484026073456, 2.6378586546589764, 2.8076899795333925, 2.966215254843752, 3.1044827561089305, 3.216052235585777, 3.297564369444185, 3.3487412476264575, 3.3723858935269524, 3.3738404912374076, 3.358278895908304, 3.3295396806278097, 3.290097698174732, 3.2410642034944863, 3.1822151199906363, 3.112705252612112, 3.0319646194383276, 2.939787652675895, 2.8363330117501606, 2.7221237594564336, 2.597986275531583, 2.464808262688098, 2.323477133495067, 2.174880300521579, 2.019905176336721, 1.8594394798279517, 1.5760156582004166, 1.2867266962401018]}