{"currents": [1.723441795942635e-06, 1.7865768867446504e-06, 1.8787390651875124e-06, 2.011130124943528e-06, 2.1095671800997077e-06, 2.1767887491141968e-06, 2.2155333501129733e-06, 2.228539504321789e-06, 2.2185457245528553e-06, 2.1882905366274857e-06, 2.1406218703433704e-06, 2.0789347908754872e-06, 2.0072808419199753e-06, 1.9303681231612622e-06, 1.8535612476546786e-06, 1.7827172618593663e-06, 1.7224898159937836e-06, 1.6749617924943415e-06, 1.6395905265039711e-06, 1.6132078333870312e-06, 1.5900746824506921e-06, 1.5633015296793664e-06, 1.526755100495101e-06, 1.475275426712387e-06, 1.4046757393927138e-06, 1.3117424321139237e-06, 1.1941288055878427e-06, 1.050988192936601e-06, 8.840942274609797e-07, 6.978963840589659e-07, 4.995200259026771e-07, 2.9871074632747994e-07, 1.0592033059423304e-07, -7.150309888107802e-08, -2.3000214969220383e-07, -3.6981036487649725e-07, -4.94952527771006e-07, -6.125575297114379e-07, -7.290708121508189e-07, -8.483619474120072e-07, -9.716698227480215e-07, -1.097602653338507e-06, -1.2221927657382382e-06, -1.3407862535222817e-06, -1.4518203543129805e-06, -1.5575073359840013e-06, -1.663834176579528e-06, -1.7805630634305093e-06, -1.9204448276952196e-06, -2.0930889833897045e-06, -2.300721069849617e-06, -2.5380261493628854e-06, -2.7921476257402528e-06, -3.0428453405085586e-06, -3.267056689067248e-06, -3.446302132596143e-06, -3.567790008658465e-06, -3.624417488512995e-06, -3.614769671977204e-06, -3.542224575926719e-06, -3.412374201776383e-06, -3.233289752797887e-06, -3.0155740181943652e-06, -2.772362250034562e-06, -2.5192685728557905e-06, -2.272672862503219e-06, -2.0465067457233314e-06, -1.8517008407174025e-06, -1.6961842271338613e-06, -1.5848849266144843e-06, -1.5201398063382722e-06, -1.5016217560538606e-06, -1.5247663615346824e-06, -1.580681509563236e-06, -1.6561474521370263e-06, -1.7337071469702706e-06, -1.7944962800232898e-06, -1.8233429111759837e-06, -1.8096138946457828e-06, -1.7472155887292856e-06, -1.6345931899282938e-06, -1.4740149245527004e-06, -1.2694774884828007e-06, -1.0268811527069238e-06, -7.540695393868951e-07, -4.608309636745118e-07, -1.588568411282797e-07, 1.3959902602880263e-07, 4.2429022029520104e-07, 6.874274537290105e-07, 9.236795695456916e-07, 1.1301725430633238e-06, 1.3060804385217827e-06, 1.4509864181111725e-06, 1.5644739161064878e-06, 1.6461263667827261e-06, 1.6955272044148824e-06, 1.7122596575485768e-06, 1.6852461038882193e-06, 1.689424345278313e-06], "voltages": [-0.11519140921265464, 0.3366249670396099, 0.7877864369347354, 1.0610221984121817, 1.33376557785158, 1.604832501985092, 1.8730389492617823, 2.137200830015739, 2.396134121014238, 2.6486547345836877, 2.8935957688498295, 3.1298757149700327, 3.3565158843869716, 3.57264010212607, 3.77747489595481, 3.970333475906937, 4.150576445649149, 4.317623218732198, 4.470953491140405, 4.610107156151086, 4.734683176440991, 4.844323858393821, 4.938739710537544, 5.017721389733444, 5.0811398318858085, 5.128946134592155, 5.1611581803427296, 5.1778049367862975, 5.17891108791569, 5.164496818698258, 5.134577815287626, 5.08916547986386, 5.028258556057688, 4.9518036167356225, 4.859684948576489, 4.751724419449731, 4.627681344157171, 4.4872812718504065, 4.330672292623399, 4.1588506608468645, 3.9736787093970007, 3.777884869192169, 3.575045706122457, 3.368643139287162, 3.159538042237682, 2.945424458711435, 2.7208303508544973, 2.4771165593673334, 2.2031107305930675, 1.8896467970614828, 1.5325214908368021, 1.1325986875297225, 0.6958116337277237, 0.23305563005255783, -0.2424466233077748, -0.7184001632788621, -1.1837499320885234, -1.6286809763679266, -2.044618302784161, -2.424089191072945, -2.7614823843246756, -3.0544268469941978, -3.303862199478223, -3.514036852084149, -3.692440055210719, -3.847827217862699, -3.987079498370171, -4.1147461614024206, -4.233044742227528, -4.341860864706164, -4.439148546807387, -4.522751439899848, -4.591058036576394, -4.643013622200332, -4.678119869864285, -4.6964234325873875, -4.698243305245201, -4.683880419105847, -4.653600032575721, -4.607631980881033, -4.546170425087835, -4.469381046727216, -4.377451886926147, -4.270626463245953, -4.1492045819692445, -4.013543003404834, -3.8640537414784415, -3.7011845507564494, -3.5254216114941546, -3.337295964593121, -3.1373830322653014, -2.9263030830934325, -2.7047131171587466, -2.4732785975284948, -2.2326644904440927, -1.983535762146958, -1.7265573788785065, -1.4623948222679315, -1.0158150010143392, -0.5663932673193625]}