{"currents": [-2.2144505090169166e-05, -1.882395171756741e-05, -1.4467676623314666e-05, -1.745742389840786e-05, -2.5824570954090188e-05, -3.832989188760879e-05, -5.3734164478349354e-05, -7.079816170353889e-05, -8.828266112784432e-05, -0.000104948436268211, -0.00011961070894301795, -0.0001313569140331584, -0.00013960115641140677, -0.0001440841978530456, -0.00014487346728363234, -0.00014230901877708288, -0.0001367951064792141, -0.00012875509427940444, -0.00011863186420013142, -0.0001068878185040607, -9.400445939164139e-05, -8.048849723080175e-05, -6.692422794839563e-05, -5.39885898082283e-05, -4.245113921911412e-05, -3.3174068630787954e-05, -2.7088631204111933e-05, -2.4946501662361264e-05, -2.711740203790021e-05, -3.35810065292059e-05, -4.3926941287641825e-05, -5.736288009350035e-05, -7.28974075230475e-05, -8.951066599410931e-05, -0.00010615837856958781, -0.00012177186962804186, -0.0001352580848943833, -0.00014551378267722425, -0.00015167551075908814, -0.00015335740347895293, -0.0001506613103246894, -0.00014417679700150641, -0.000134971014168399, -0.00012431016501640409, -0.0001132465983471077, -0.0001025638422135619, -9.277663615401074e-05, -8.413088395621536e-05, -7.664691076739459e-05, -7.02624677588388e-05, -6.484134473579008e-05, -6.017176584046296e-05, -5.5966428672315905e-05, -5.18640571651615e-05, -4.7588390945100944e-05, -4.347553333182066e-05, -4.059832325079074e-05, -4.076631490819376e-05, -4.6525790556631794e-05, -6.09944188798443e-05, -8.639142995511274e-05, -0.00012293614611274433, -0.0001688054978626215, -0.00022013383690458222, -0.0002710556758964964, -0.00031503901871662567, -0.00034728290480861814, -0.00036511459871728586, -0.000367989829463533, -0.0003574925596063487, -0.0003369698620050287, -0.00030987209437734285, -0.0002791572466581991, -0.0002472803808772704, -0.00021619376653713004, -0.0001873572516464182, -0.00016190450768395554, -0.00014058500948740087, -0.0001236997908125831, -0.00011110137259205796, -0.00010219383427383867, -9.6010487137028e-05, -9.158074926493901e-05, -8.807279498414933e-05, -8.479648008127892e-05, -8.120338017243502e-05, -7.688381674042828e-05, -7.153450028703177e-05, -6.503278421886935e-05, -5.74692555643902e-05, -4.914772223028772e-05, -4.0585224803719556e-05, -3.247648513200345e-05, -2.5551788585111405e-05, -2.0541406225097802e-05, -1.817560911401702e-05, -1.9184668313923433e-05, -2.42988644123187e-05, -2.5435157325171753e-05, -2.4466989115070935e-05], "voltages": [8.734518184751137, 9.466587158339433, 10.15168278704868, 10.512496913692114, 10.835202674699653, 11.119852345293129, 11.366498238004283, 11.575192620581188, 11.745987795629835, 11.878936040810336, 11.974087046361223, 12.03147739038219, 12.051127996864945, 12.033044065308596, 11.977215130733821, 11.883619977134373, 11.752289626288606, 11.583362741968877, 11.377087870498581, 11.13382352817366, 10.854035609064045, 10.538300124161266, 10.187469531774916, 9.802726146985806, 9.38558140174183, 8.937876038837256, 8.461722401799445, 7.9592092936938315, 7.4322725014303614, 6.882691327441929, 6.31208860835002, 5.721934136622149, 5.113661264479743, 4.4889068038640785, 3.84955770943207, 3.1977500917925394, 2.535868237277312, 1.8665023084679906, 1.192216595271641, 0.5154441310036101, -0.16151614257121785, -0.8364993511215231, -1.507471913083059, -2.1724583056758533, -2.829443409025753, -3.4763606675531524, -4.111090145374025, -4.7314615439875585, -5.33526164618917, -5.92028148664287, -6.484336663964841, -7.025270329478099, -7.540949687841138, -8.029267681667896, -8.488286361815067, -8.916849493879603, -9.314738097689949, -9.682670933019228, -10.022304012561332, -10.335969390791506, -10.623632079414035, -10.880315330290193, -11.095996606860698, -11.25560620509276, -11.339133155843339, -11.32587034524159, -11.20414119141377, -10.97323135942756, -10.643390509934104, -10.235830525518633, -9.780705504917915, -9.305353821847385, -8.8280220767606, -8.35766972118534, -7.893971850676118, -7.427510825208703, -6.944948665691632, -6.436366538955488, -5.896180557041928, -5.32314230052121, -4.720338313093068, -4.094440187229067, -3.4521808447282956, -2.798999029843469, -2.1390091182640822, -1.4750051312652597, -0.8084855601342946, -0.14032907457287955, 0.5284063615110977, 1.1964138705668672, 1.8621397632992989, 2.5237814389557007, 3.1793307820699024, 3.826735622389193, 4.463945142293344, 5.088908524162127, 5.699574950375314, 6.293892274222194, 7.144008014546305, 7.95900766413722]}