{"currents": [1.0627436747476689e-05, 1.1665651809945632e-05, 1.2745399617616915e-05, 1.250209339471868e-05, 1.1113787942552839e-05, 8.858565306017767e-06, 6.014506842448188e-06, 2.85969479374971e-06, -3.2778941838165505e-07, -3.2698636893314356e-06, -5.704808134791338e-06, -7.452709500275553e-06, -8.431824441117344e-06, -8.658577735931953e-06, -8.247563902080623e-06, -7.394364341150153e-06, -6.2912292237575946e-06, -5.091845104893442e-06, -3.910514141134941e-06, -2.822154175167441e-06, -1.8631182811781695e-06, -1.0501504502886086e-06, -3.99584087582618e-07, 7.175439462755824e-08, 3.4654629573134365e-07, 4.069795037560782e-07, 2.3548390990510254e-07, -1.699499593071908e-07, -7.806947338900263e-07, -1.5368362993502266e-06, -2.3471731681671275e-06, -3.089867952131514e-06, -3.635130499167122e-06, -3.890975146459872e-06, -3.81156319084859e-06, -3.3972022971327864e-06, -2.6943471166321653e-06, -1.7875774021172067e-06, -7.612106184671512e-07, 3.1600910770098893e-07, 1.3912433585154798e-06, 2.4275588705519135e-06, 3.4035965500952233e-06, 4.307944104491255e-06, 5.139495659800994e-06, 5.909114164229889e-06, 6.63962940483121e-06, 7.365841524630099e-06, 8.131808653967258e-06, 8.966413773326764e-06, 9.864914690741332e-06, 1.0788231498920466e-05, 1.1662941842313038e-05, 1.2381999907222619e-05, 1.2830638977818454e-05, 1.294062206482563e-05, 1.2700404579331193e-05, 1.2155140022344606e-05, 1.1406674207094562e-05, 1.0603360265595967e-05, 9.885292641258544e-06, 9.357889173272226e-06, 9.091150733633217e-06, 9.119662894481615e-06, 9.443333823177322e-06, 1.0040533308940128e-05, 1.0869740012101439e-05, 1.1866449293384784e-05, 1.294317068705329e-05, 1.3989430826384563e-05, 1.4876825009238239e-05, 1.550244519862372e-05, 1.5820814861914247e-05, 1.584511424519572e-05, 1.564717805828532e-05, 1.5356273240938512e-05, 1.511862025252331e-05, 1.5019792489303769e-05, 1.507112119299544e-05, 1.5209692863544097e-05, 1.529835198162664e-05, 1.5140176596113672e-05, 1.4576333426632503e-05, 1.3546811323940684e-05, 1.209252281359185e-05, 1.0355309610291806e-05, 8.57583357868844e-06, 7.029564545664401e-06, 5.915802363686317e-06, 5.339921887120552e-06, 5.313366272101717e-06, 5.753653783926602e-06, 6.500032047959871e-06, 7.376089645362414e-06, 8.205417378122702e-06, 8.811606048229208e-06, 9.018246457670401e-06, 8.648927470710617e-06, 8.939482505196264e-06, 9.673999309792634e-06], "voltages": [9.347449278814482, 8.636417034419544, 7.841430628384565, 6.986174692028075, 6.194142085973297, 5.454602675160716, 4.7568261978445046, 4.090082559938677, 3.4436415022078823, 2.806772930869762, 2.169312092250123, 1.5239223733133525, 0.8666599410980184, 0.19697460637106726, -0.4822906822181834, -1.1654839155274113, -1.8468450365089075, -2.521508185565766, -3.185521447677294, -3.835846517352622, -4.470340322783759, -5.0873346580463945, -5.6852742382256505, -6.262715104250342, -6.818325665097233, -7.350886162407672, -7.859269762561146, -8.34236497662622, -8.799053907587796, -9.22821191369383, -9.628707596657339, -9.999403167804658, -10.339150792437545, -10.646770995100272, -10.921045329197247, -11.160716828505533, -11.364490457678139, -11.53104699966635, -11.659257891746718, -11.748380745207948, -11.798067256282373, -11.808363202492089, -11.779700540852144, -11.712654253914732, -11.607537849718494, -11.464340862963606, -11.282729648147425, -11.062046592991875, -10.801405517794409, -10.500853779845219, -10.162372811750194, -9.789918097113663, -9.389421207645338, -8.96874709750106, -8.535508863918846, -8.091164041682923, -7.6297339981066985, -7.1378041980557185, -6.594523989785232, -5.973093650401575, -5.251417391410202, -4.419038916101334, -3.4773862017175823, -2.4397767049114316, -1.3311656339682156, -0.18208058779964947, 0.9785576246951377, 2.1240533608823897, 3.229936458516959, 4.273962055806507, 5.235920641779081, 6.1003157742234055, 6.860153376947768, 7.517126450509901, 8.081610249681532, 8.572483996851286, 9.011947150692379, 9.417270358317866, 9.799592481643153, 10.163920914026779, 10.509131221284456, 10.829023428346336, 11.117196292617237, 11.368855378091482, 11.580848467773606, 11.751664054086582, 11.8813979502646, 11.970941077712881, 12.021090695433006, 12.032490519694482, 12.005631107266787, 11.940849429553708, 11.838354188996778, 11.698329261928588, 11.520958191271193, 11.306424519946638, 11.054911790876977, 10.766603958557495, 10.435747193208663, 9.954597025191747]}