{"currents": [8.356725514470603e-07, 7.215359117021952e-07, 6.278163454107295e-07, 6.506303694225105e-07, 6.825046787663832e-07, 7.198148942013771e-07, 7.589366441219847e-07, 7.962455479303297e-07, 8.281172316444062e-07, 8.509273179933673e-07, 8.616135379962127e-07, 8.59924153817616e-07, 8.489800595709425e-07, 8.352747890608317e-07, 8.286745190683305e-07, 8.417173294782365e-07, 8.84176961794641e-07, 9.593128016117755e-07, 1.0637312654660516e-06, 1.1873857775941176e-06, 1.3137155027486538e-06, 1.4239385205386905e-06, 1.5046617292146461e-06, 1.5491249016831508e-06, 1.5572007138229122e-06, 1.5353946050593558e-06, 1.495671342993437e-06, 1.4494651538339357e-06, 1.405006552268434e-06, 1.3672541193084705e-06, 1.3378945543072081e-06, 1.315410767070094e-06, 1.296911440766879e-06, 1.2807454884327529e-06, 1.2668319877761233e-06, 1.2566601408015276e-06, 1.253289274610803e-06, 1.261024471755349e-06, 1.2829283919754213e-06, 1.3191179785091922e-06, 1.3667019002627656e-06, 1.419780521478858e-06, 1.4695085353950907e-06, 1.5063034731221545e-06, 1.524355261671631e-06, 1.522455766623952e-06, 1.5039989352046164e-06, 1.4769807354983646e-06, 1.4530944441479892e-06, 1.4414963077691745e-06, 1.4448722207796398e-06, 1.459299925378672e-06, 1.4742490828765105e-06, 1.4727189923242474e-06, 1.4360896179807382e-06, 1.3540267376992435e-06, 1.2263040847878893e-06, 1.0628040935943005e-06, 8.835171285967009e-07, 7.166611151058752e-07, 5.874365773560808e-07, 5.118359838237594e-07, 4.964472699879404e-07, 5.384541586792532e-07, 6.258321871504216e-07, 7.422067175069605e-07, 8.727668023335399e-07, 1.004813005840436e-06, 1.1277574193219162e-06, 1.233123706771244e-06, 1.314235449151132e-06, 1.3657354880441447e-06, 1.3841609304450425e-06, 1.3679836947245062e-06, 1.3176104307233029e-06, 1.2353420856731665e-06, 1.1247588675111132e-06, 9.910409015707598e-07, 8.41239784549502e-07, 6.842788240004496e-07, 5.309527569447075e-07, 3.93541771440751e-07, 2.828581236308165e-07, 2.0622868972656302e-07, 1.6742033560750502e-07, 1.6664031023220508e-07, 2.0061033831913767e-07, 2.642170850680175e-07, 3.51997028703326e-07, 4.581553583000489e-07, 5.765661178016107e-07, 7.007720958419983e-07, 8.2404026090399e-07, 9.395819119151331e-07, 1.0406085916085205e-06, 1.1203318427172453e-06, 1.1719632079743996e-06, 1.1887140238824852e-06, 1.0798158830234905e-06, 9.587227692605324e-07], "voltages": [-1.037059824066969, -0.9977610795915314, -0.9529855475397853, -0.9183331413998697, -0.8809947190823888, -0.8409313281137403, -0.7981040067745261, -0.7524738060508355, -0.7040017634677516, -0.6526489307770984, -0.5983919295443909, -0.5412853541078068, -0.48147728051106436, -0.41920934176173635, -0.3548166840228817, -0.28871143577904035, -0.22129748720831627, -0.15293223748799548, -0.0839255375296261, -0.014539724361763505, 0.055009461573937726, 0.12452927653599358, 0.1938245543654094, 0.2626958754980847, 0.33093969321971156, 0.39834827660113575, 0.4647107304756289, 0.5298239377355276, 0.5935013596382779, 0.6555733787910016, 0.715887297371137, 0.7743069985902714, 0.8307019401211677, 0.8849277672336132, 0.9368229332452691, 0.986208782303322, 1.0328896317174938, 1.0766555701253726, 1.1172962511966327, 1.1546060496272001, 1.1883841369120658, 1.2184344792385071, 1.244565766980222, 1.2666120072748432, 1.2845220469792498, 1.2983823635855642, 1.3084170564271462, 1.3149879010154868, 1.3185617514602737, 1.3193977012108924, 1.3173030486801, 1.3116236822190221, 1.301244108740497, 1.2845970328668854, 1.2599587866873836, 1.2259677342696536, 1.1817081576455628, 1.1267104219631818, 1.060950813968013, 0.984791592345046, 0.8990132023105962, 0.8050695518909387, 0.7051020146913484, 0.6019399706534764, 0.4990860747878825, 0.40017298074656565, 0.3077783746715769, 0.22319683094438755, 0.14643968248273048, 0.07623514701888627, 0.010255921163367918, -0.053708586515558834, -0.1172215310474167, -0.18118513408963, -0.24584026286853203, -0.31078048540684144, -0.37528536194703954, -0.43870349474095177, -0.5004828551289742, -0.5601708110354329, -0.6174141021080478, -0.6719438766248129, -0.7235460739858015, -0.7720814377468889, -0.8174873277544134, -0.8597774161320617, -0.8990402807164224, -0.9353898212145074, -0.9688769997053243, -0.9994753022062512, -1.0270808601780648, -1.0515123259099046, -1.0725238455666943, -1.0898566014745734, -1.1032518088280054, -1.1124506828214553, -1.117194438649388, -1.1172242671707138, -1.0972345586016221, -1.0703726916089216]}