{"currents": [-7.4886462976283e-06, -7.821723409604743e-06, -7.894736050431264e-06, -7.74759024921659e-06, -7.123621243506272e-06, -6.1591581119324414e-06, -4.990529665372021e-06, -3.754065044850562e-06, -2.5860931149616195e-06, -1.6229429272604115e-06, -9.901621132050198e-07, -7.593920997110634e-07, -9.375868067892426e-07, -1.4670127057344762e-06, -2.2252484930486815e-06, -3.037236045518958e-06, -3.7476050367112175e-06, -4.260652240775563e-06, -4.541611803928622e-06, -4.616655140987856e-06, -4.57162135128308e-06, -4.516052427163929e-06, -4.526933182787999e-06, -4.640655656134107e-06, -4.853019539529096e-06, -5.119232274493587e-06, -5.361344770086846e-06, -5.510740095380104e-06, -5.530326484211693e-06, -5.415207348470012e-06, -5.192681226726196e-06, -4.921571899369496e-06, -4.671993860337781e-06, -4.490698380468616e-06, -4.395596157106522e-06, -4.375757494049526e-06, -4.391411725120442e-06, -4.379456910095507e-06, -4.288839710009985e-06, -4.101516141839606e-06, -3.833153255432246e-06, -3.533129297862078e-06, -3.2838316256124506e-06, -3.1767263184633164e-06, -3.2650968010422153e-06, -3.555565867659766e-06, -4.008093382769388e-06, -4.5359781578430465e-06, -5.014554162780595e-06, -5.333448068020881e-06, -5.425505511778277e-06, -5.267712136131354e-06, -4.881193550808211e-06, -4.330294425860745e-06, -3.6995609559228424e-06, -3.0651184616798346e-06, -2.4918842061409424e-06, -2.03356623184665e-06, -1.732664212554605e-06, -1.6219398054905775e-06, -1.7227447704625613e-06, -2.037745078280277e-06, -2.550523280352551e-06, -3.22557691351553e-06, -4.008718314741461e-06, -4.839268528043598e-06, -5.671403603197257e-06, -6.477602511136521e-06, -7.248647672252533e-06, -7.993624524445875e-06, -8.736155636449413e-06, -9.485743285722327e-06, -1.0218262837947302e-05, -1.0875249675490731e-05, -1.1363895966728746e-05, -1.1557768249595328e-05, -1.1326511388692382e-05, -1.0605300469162183e-05, -9.408803065667254e-06, -7.831186891298991e-06, -6.046111863237626e-06, -4.291901737282371e-06, -2.7821654297875243e-06, -1.6561679075414451e-06, -9.772420721429837e-07, -7.327943523998356e-07, -8.35885141951778e-07, -1.1660108923362518e-06, -1.6230863804226422e-06, -2.133426192432755e-06, -2.6497456959117993e-06, -3.1511603676549503e-06, -3.6387868313504493e-06, -4.118139775117771e-06, -4.594734876403537e-06, -5.074087812654372e-06, -5.5617142613168975e-06, -6.063128910510597e-06, -6.469776305808885e-06, -6.9958334597224365e-06], "voltages": [1.2724883078739204, 1.2757962581832472, 1.2727442927730097, 1.2619249794992526, 1.2468878505729588, 1.2276800799754553, 1.2043488358900523, 1.1769412947529028, 1.1455046237030084, 1.11008600020846, 1.0707466934098107, 1.0276185220725254, 0.9809178998878029, 0.9309458923799743, 0.878088184476302, 0.8227988649575382, 0.7654945262856325, 0.7064908485655986, 0.6460003968638522, 0.5841326511441245, 0.5208960875330488, 0.4562630905215602, 0.3902807964978708, 0.3230887761979378, 0.2549189097387654, 0.1860954370967427, 0.11701797928589269, 0.0480625149514788, -0.020471387349077944, -0.08836219420618262, -0.1554664050340849, -0.22171693282085003, -0.28708042411057744, -0.35149902185848353, -0.4148832879724723, -0.47711230369974106, -0.5380337691877988, -0.5974680923516933, -0.655207329538356, -0.7109982475709653, -0.7645413470111763, -0.8154908590172405, -0.8634557299364773, -0.9080421347123804, -0.9489573094009314, -0.9860308516049431, -1.0192146370422337, -1.0485829831564708, -1.0743097841458178, -1.0965325229090577, -1.1152774107000294, -1.1304571157640615, -1.1418706474150833, -1.14920578226856, -1.152133140465462, -1.150519217546926, -1.1444683771979713, -1.1343229214150041, -1.120663019166888, -1.1042535480783155, -1.0855742274353897, -1.0644687133206523, -1.0401309777291523, -1.0111054604358087, -0.9753004902078704, -0.9304340761820893, -0.8748831296915168, -0.8078314239911397, -0.7292697794854754, -0.6399958806656881, -0.5414879300575621, -0.4355525906761137, -0.3243764904313888, -0.21053389594046729, -0.09698735153175689, 0.012920855575184083, 0.11587495636085439, 0.20965355721757478, 0.29335816081498556, 0.36741333044586366, 0.43356652692324466, 0.4946498567237707, 0.5532884305669651, 0.6112701335850438, 0.6695280677121809, 0.7281401647114198, 0.7863472564871037, 0.8430061582178271, 0.8971732259026445, 0.9481655771884212, 0.9955612787741202, 1.0391991579685658, 1.0791354599418184, 1.1154697632462354, 1.148301718748461, 1.17773097731514, 1.2038571898129171, 1.2267799420378211, 1.2477531475820642, 1.263063187646848]}