{"currents": [-7.0954512473657115e-06, -7.342678740443326e-06, -6.839727621448123e-06, -5.0119293931890675e-06, -3.528527885147493e-06, -2.3605650517754102e-06, -1.4790827539188636e-06, -8.551229510574346e-07, -4.5972755638601137e-07, -2.639384846298876e-07, -2.396435472772179e-07, -3.629599835194233e-07, -6.150804779366425e-07, -9.82273026406216e-07, -1.4558809715923162e-06, -2.0308479065225728e-06, -2.687868872754248e-06, -3.37807751316163e-06, -4.022417580996719e-06, -4.511642954515591e-06, -4.7069466914116934e-06, -4.470411160035321e-06, -3.7434102907297217e-06, -2.5632257518346855e-06, -1.0630439476710878e-06, 5.280434082933854e-07, 1.9036463195425198e-06, 2.804366941925144e-06, 3.094140577457832e-06, 2.7628560019440942e-06, 1.92635535890324e-06, 8.238140971290601e-07, -2.5950118223313313e-07, -1.1201255083655907e-06, -1.6559039067125934e-06, -1.865990885525596e-06, -1.850852579376479e-06, -1.7938882004750922e-06, -1.8595892490265975e-06, -2.1423516376516472e-06, -2.664985248120458e-06, -3.3787141706383824e-06, -4.164666548897831e-06, -4.877586779891416e-06, -5.417774364407954e-06, -5.741983273712209e-06, -5.863422369416596e-06, -5.851756284373617e-06, -5.822748375894795e-06, -5.8788543456151115e-06, -6.078042994864332e-06, -6.432849760058643e-06, -6.910375163088878e-06, -7.4332332982457655e-06, -7.905716652541469e-06, -8.253147165622696e-06, -8.427216970631553e-06, -8.405991317984333e-06, -8.193905835811021e-06, -7.81735746935498e-06, -7.306786304073171e-06, -6.69194332687684e-06, -6.001874051673577e-06, -5.264921703747386e-06, -4.5087392468063804e-06, -3.761646310250132e-06, -3.0570414679808822e-06, -2.43443617456631e-06, -1.9394533873394855e-06, -1.623828721025408e-06, -1.5438968314354647e-06, -1.7451413580817462e-06, -2.249801312935833e-06, -3.056376934063562e-06, -4.139626544590097e-06, -5.451064892359768e-06, -6.927010805622431e-06, -8.486657637238452e-06, -1.0029241267894743e-05, -1.1434040586527856e-05, -1.2560377590768048e-05, -1.3252482913992316e-05, -1.3388209937252517e-05, -1.2917769209842926e-05, -1.186526972580713e-05, -1.0328721315938416e-05, -8.478490097631838e-06, -6.515515080855014e-06, -4.610394635810807e-06, -2.8954731709468693e-06, -1.4648343778646377e-06, -3.743077652775486e-07, 3.5215682824321834e-07, 6.969857235367043e-07, 6.426055891499597e-07, 1.7144309363003486e-07, -7.340750944760198e-07, -2.091521798321107e-06, -4.455296580308618e-06, -6.12658074961106e-06], "voltages": [-4.381341765184013, -4.196500496375078, -3.9889364867696924, -3.8325317713274893, -3.660295714657653, -3.4733820848613726, -3.2729446068137253, -3.0601370643441115, -2.836113179688594, -2.602026739013003, -2.359012557232697, -2.1081111410094584, -1.850249454084824, -1.5862412453865042, -1.316786854870453, -1.042495869327913, -0.7640441843022729, -0.48227524923030707, -0.19820334663757574, 0.08698626490034175, 0.37194120977835726, 0.6552713342004908, 0.9358230554826373, 1.2127303146182975, 1.4854150809677646, 1.7535871186990448, 2.01718921561931, 2.2760515411146622, 2.5296897092094337, 2.777298049149804, 3.0177495969519614, 3.2496028459480844, 3.471296182866168, 3.681465035415503, 3.8789885604782106, 4.062989956173234, 4.2328367803209686, 4.388104693001025, 4.52852984722598, 4.654083040459158, 4.764974588326525, 4.861654326822983, 4.944806733084729, 5.01505128241902, 5.072089114649362, 5.11451317534797, 5.139808223347009, 5.144350981679861, 5.123605540651119, 5.073111668044351, 4.988919017348327, 4.867597762646428, 4.706239209497689, 4.502444357532043, 4.254696773601289, 3.9646018803260636, 3.6374981353704565, 3.282457609586575, 2.912285371076923, 2.5427844611123183, 2.187667305772678, 1.8553341400601582, 1.5487584746693863, 1.2654891175766367, 0.9977620014172258, 0.7356077569133035, 0.4714815543439884, 0.2008836118657794, -0.07764068286387907, -0.3625008786941682, -0.6495900133016654, -0.9347991075008859, -1.215008809743248, -1.4881116401348575, -1.7530102764820485, -2.009597602917651, -2.258231069476749, -2.4990845288433987, -2.7320862001860684, -2.9569187922539597, -3.173019381301066, -3.379619786668795, -3.5758965641233873, -3.7609979806310374, -3.934044242437046, -4.094126350765193, -4.240307402550555, -4.371672666900775, -4.487489334749577, -4.587243473078516, -4.670640481170736, -4.737604619275788, -4.788242688231274, -4.822697916246817, -4.841113586645034, -4.84363298274854, -4.83039938787995, -4.8015560637508745, -4.68346476104594, -4.543561939821326]}