{"currents": [-2.415424546174164e-07, -2.733162514921275e-07, -3.103968908345537e-07, -3.695474195798607e-07, -3.8595672146056973e-07, -3.694923939096508e-07, -3.3002202142608977e-07, -2.7741320488915295e-07, -2.215335305278894e-07, -1.72250594903623e-07, -1.3877281274666891e-07, -1.270127334656427e-07, -1.3892787210687552e-07, -1.725207075274937e-07, -2.2183866563389368e-07, -2.776959086981223e-07, -3.317501472709589e-07, -3.786018126520399e-07, -4.1585671693752647e-07, -4.4412603985228595e-07, -4.669637402105091e-07, -4.892320323755172e-07, -5.148838326916801e-07, -5.467056717225951e-07, -5.863177603190667e-07, -6.341739929039347e-07, -6.897292362248935e-07, -7.515954801066681e-07, -8.171146461060089e-07, -8.823316203872504e-07, -9.419942122314499e-07, -9.895802248879964e-07, -1.0184850930557793e-06, -1.0249082927017047e-06, -1.0084465302693793e-06, -9.720936973668808e-07, -9.222409145503103e-07, -8.680596434211043e-07, -8.180704108236841e-07, -7.784101806344463e-07, -7.527816683638215e-07, -7.424533799993685e-07, -7.463102002959674e-07, -7.619265068602869e-07, -7.863587868577875e-07, -8.161029934481997e-07, -8.470944116970506e-07, -8.747078011653579e-07, -8.93907124168374e-07, -9.00915588116234e-07, -8.946053591116587e-07, -8.765539941989232e-07, -8.510444438462528e-07, -8.250086108705835e-07, -8.060066218002887e-07, -7.980327055904914e-07, -8.007344278037711e-07, -8.094125121477362e-07, -8.150210321860677e-07, -8.050333800895289e-07, -7.69596360068288e-07, -7.05510912352407e-07, -6.163736368444053e-07, -5.125771115948397e-07, -4.1116793193866196e-07, -3.3141318269844535e-07, -2.8683465454493137e-07, -2.838901149365913e-07, -3.219726175232141e-07, -3.93411177397955e-07, -4.84684321686944e-07, -5.819664154392895e-07, -6.731417610689217e-07, -7.478412850829723e-07, -7.974422089492406e-07, -8.150318374701838e-07, -7.950765728910071e-07, -7.346086270887389e-07, -6.336953162249023e-07, -4.954397049592734e-07, -3.259799539214831e-07, -1.3400238241056716e-07, 7.085121592970953e-08, 2.7805840114507717e-07, 4.7619807827409087e-07, 6.529494627183224e-07, 7.951115083839665e-07, 8.899746613130191e-07, 9.29516041280717e-07, 9.113591154407978e-07, 8.387741777833885e-07, 7.206778262412428e-07, 5.706916852622412e-07, 4.033792608538713e-07, 2.3330366944274645e-07, 7.502802745547984e-08, -5.688454868131529e-08, -1.478705624401021e-07, -1.7695262992861962e-07, -2.0961327667510758e-07], "voltages": [1.2823724471776323, 1.321917625020033, 1.3553727516892389, 1.3685001095615776, 1.3764637573747196, 1.3795165994071765, 1.3779115382889262, 1.371901479359293, 1.3617393242256512, 1.3476779791836027, 1.329958998568485, 1.3087672195505164, 1.2842193870932792, 1.2563641818048614, 1.225182204659427, 1.190599093772483, 1.1525710926316521, 1.1111366870486394, 1.066418322633599, 1.018622425944963, 0.9680376014523804, 0.9149812412626547, 0.859706198061924, 0.8023859077413793, 0.7431142824410897, 0.6819057487383702, 0.6187114530289736, 0.5535391790013484, 0.4865336244754018, 0.41797929830646574, 0.3483005233699198, 0.278058532195668, 0.20785945410925116, 0.13818700128717876, 0.06937472625781453, 0.0016059163376844626, -0.06508651587311923, -0.13079301126686266, -0.195586763878868, -0.2594580896948003, -0.32231265613240356, -0.3839714810519113, -0.4441727057482846, -0.5026121160738066, -0.5589838172979583, -0.6129819505329841, -0.6643005441206129, -0.7126337606497453, -0.7576775094638742, -0.7991699797050528, -0.836932102625979, -0.8708694903550979, -0.9009722004418448, -0.9273131113615503, -0.9500137813537816, -0.9692295465430615, -0.9851541460038327, -0.9980197731414038, -1.008097023193954, -1.015679621011719, -1.0208544126596444, -1.023290557949302, -1.0222306581745364, -1.0164907586549436, -1.0044692202573913, -0.984425085971647, -0.9549783329404904, -0.9151926674842394, -0.8645756914085704, -0.8030787394435849, -0.7310380277114041, -0.6492251881932167, -0.559119766274355, -0.46292397418696046, -0.36356320617276605, -0.26467059045541796, -0.17000652252711534, -0.08217553631950471, -0.002377102128827451, 0.06959450661144254, 0.13535008270942872, 0.19765366101682996, 0.2590791407093381, 0.3213693973074815, 0.38541886671317593, 0.45127313203035196, 0.5181468873070497, 0.5848717521928535, 0.6504678947686782, 0.7142028856816034, 0.7755919136551946, 0.834397570423469, 0.8905887804055669, 0.9441754997955062, 0.9951677944702915, 1.0435757303069275, 1.0894093731824188, 1.1326786847235368, 1.1871562016435333, 1.2372611421859523]}