{"currents": [1.3800015549625638e-06, 1.0012946899863738e-06, 9.977070901384989e-07, 1.7209214039998167e-06, 2.538944640390531e-06, 3.4138505211681475e-06, 4.307712943385116e-06, 5.182605582934678e-06, 6.000602312001183e-06, 6.723776841292521e-06, 7.316881837237949e-06, 7.758063607437918e-06, 8.041541398079408e-06, 8.177606890053406e-06, 8.192624601914188e-06, 8.126240122592804e-06, 8.018071998470638e-06, 7.902439877249995e-06, 7.80825181134855e-06, 7.759004180821442e-06, 7.772894470835449e-06, 7.863072418175417e-06, 8.030865611843708e-06, 8.263549794968141e-06, 8.534349419967612e-06, 8.802437463649376e-06, 9.015743036830981e-06, 9.1310322258551e-06, 9.126964079614218e-06, 9.004555632779233e-06, 8.787181916468579e-06, 8.520110908346803e-06, 8.258676593988873e-06, 8.053113995816946e-06, 7.946980665475739e-06, 7.977156747662706e-06, 8.173844868832597e-06, 8.560750854475095e-06, 9.138105761944075e-06, 9.862346215838362e-06, 1.0645184249080303e-05, 1.135360637673665e-05, 1.1810806070388093e-05, 1.1835459604814054e-05, 1.1334541902327082e-05, 1.0322100628095158e-05, 8.919262966079425e-06, 7.354229641181889e-06, 5.941959422308534e-06, 4.955951977344272e-06, 4.553570051741851e-06, 4.773563704177306e-06, 5.536071924597281e-06, 6.645096105663934e-06, 7.854220600958124e-06, 8.958998361904233e-06, 9.808308262609097e-06, 1.0304359655975718e-05, 1.0402688470385565e-05, 1.0103955200553589e-05, 9.434146545872495e-06, 8.4514409479542e-06, 7.246892186221287e-06, 5.9444334140931614e-06, 4.700187863411227e-06, 3.677175189856003e-06, 2.9913907112483684e-06, 2.701580757049656e-06, 2.8092361332711634e-06, 3.2585984995867323e-06, 3.946401512593333e-06, 4.764667287513567e-06, 5.614876565584201e-06, 6.40817240106281e-06, 7.065356907148412e-06, 7.516692218466348e-06, 7.703644549891373e-06, 7.5997502213403076e-06, 7.216786797174333e-06, 6.604777546910945e-06, 5.851986822433124e-06, 5.077817432088607e-06, 4.390516698618972e-06, 3.864004777687131e-06, 3.5371415386359694e-06, 3.4137289612436464e-06, 3.4632409234031183e-06, 3.6382649780774427e-06, 3.893872938075719e-06, 4.188994013578382e-06, 4.486415238167528e-06, 4.752781199378688e-06, 4.95795103335696e-06, 5.072426653968116e-06, 5.066710161374747e-06, 4.911303655739444e-06, 4.576709237224798e-06, 4.033429102813873e-06, 2.9710953015201807e-06, 2.06132965946193e-06], "voltages": [-2.8484765139959283, -2.995650361220242, -3.127779301536454, -3.1896802429788393, -3.239361844902917, -3.2770871429224195, -3.303119174364557, -3.317720975701768, -3.3211555814015323, -3.3136860307270335, -3.2955616821618303, -3.2669635407177755, -3.227990543540394, -3.178659598382404, -3.11890556525264, -3.0485988841705978, -2.96769024300565, -2.876314436292086, -2.7747942214301293, -2.663640365076711, -2.543547598841973, -2.4152865536791985, -2.2795406030224425, -2.1368840337385615, -1.9877817777763194, -1.8325895026398875, -1.6715732372874268, -1.5050117859154741, -1.3332447837220518, -1.156673946406379, -0.9757630743830463, -0.7910367927468688, -0.6030666032859766, -0.41250374787042604, -0.2200942458812232, -0.026678596024219486, 0.1668085193781098, 0.35935768580183514, 0.5500470821168839, 0.7381570857343541, 0.9231745605265607, 1.1047928514440146, 1.2829075100529315, 1.4574809531381305, 1.6282987180619815, 1.7949287550755395, 1.9567209424426186, 2.1128078590264545, 2.2621456930458126, 2.403776214485581, 2.536979668170379, 2.6612804497234865, 2.776446278382548, 2.882483625617096, 2.9794802560285163, 3.067326192906135, 3.1456680259183516, 3.2139090609534486, 3.2712091727705244, 3.3165114259815267, 3.3483825262880558, 3.3647315253587156, 3.3627959456401153, 3.339141742656368, 3.28967724012531, 3.2104710470961706, 3.1000581836797467, 2.959950006430154, 2.7946346794592483, 2.6115766875878603, 2.420655233038092, 2.2306691555163116, 2.0473303027165324, 1.8731970590624667, 1.707675439293996, 1.5470840926623817, 1.3864085833289566, 1.2217855799853425, 1.050811861850214, 0.8725444287333441, 0.6875003997473569, 0.49740829675163195, 0.3041107137108019, 0.10919725903078442, -0.08600162654388335, -0.2804134745071625, -0.4732192050397053, -0.6637377152608139, -0.8513367447625457, -1.0354359779183437, -1.2155076523343964, -1.3910759483487567, -1.5617088310124032, -1.7269822847230383, -1.8864726356058208, -2.039756209785909, -2.1864093333884616, -2.3260080033890507, -2.512585745994699, -2.6871213361978974]}