{"currents": [6.151188092498705e-06, 6.262393579594758e-06, 6.365243853108878e-06, 7.4083884445768626e-06, 8.239813389158286e-06, 8.85424496681941e-06, 9.246409468220656e-06, 9.411033200984136e-06, 9.342842393329146e-06, 9.036563416702e-06, 8.492884614598056e-06, 7.742305574110284e-06, 6.85109831228662e-06, 5.9213082709175045e-06, 5.090753809040826e-06, 4.525309704994823e-06, 4.354704696335442e-06, 4.626206613035146e-06, 5.302866966543693e-06, 6.263520983416909e-06, 7.304543172444451e-06, 8.194398140681827e-06, 8.770788728584707e-06, 8.956609529310888e-06, 8.759946604772207e-06, 8.274076329067923e-06, 7.662217708700638e-06, 7.076558341009389e-06, 6.619877834559866e-06, 6.3444967181333104e-06, 6.252276989591586e-06, 6.295671834725421e-06, 6.4049897063265255e-06, 6.524908587655045e-06, 6.6186117809507365e-06, 6.667787681039072e-06, 6.672630034255645e-06, 6.648671583478541e-06, 6.6125625013482375e-06, 6.577101516115736e-06, 6.551153857620394e-06, 6.539651350290042e-06, 6.5436742346628304e-06, 6.561874175748704e-06, 6.59051138699079e-06, 6.62307474036723e-06, 6.650281657271135e-06, 6.660078245423482e-06, 6.638414023802043e-06, 6.578286083212447e-06, 6.487397542562052e-06, 6.388470534033856e-06, 6.319246238841333e-06, 6.332171774926547e-06, 6.480924368719042e-06, 6.788097347745201e-06, 7.238608533895482e-06, 7.779697928664248e-06, 8.320930205832832e-06, 8.741664346248833e-06, 8.94356638251372e-06, 8.884283406909216e-06, 8.578636161392968e-06, 8.098619060920017e-06, 7.572207520526593e-06, 7.14539128814148e-06, 6.912490824453155e-06, 6.904395274185157e-06, 7.088558681299687e-06, 7.369003778139157e-06, 7.597921014446411e-06, 7.641603284234363e-06, 7.414663958319858e-06, 6.881065219605595e-06, 6.054120342093287e-06, 4.995462442932007e-06, 3.79360630206416e-06, 2.5491305094488244e-06, 1.375857196107891e-06, 4.008506499371691e-07, -2.3558193185343674e-07, -3.840249076274838e-07, 6.089025288159684e-08, 1.1139514343391247e-06, 2.6974386375050918e-06, 4.641119185494667e-06, 6.684181625512055e-06, 8.53486402079764e-06, 9.975996016048628e-06, 1.08822274538336e-05, 1.1220035992018879e-05, 1.1047719430546442e-05, 1.0500092343678493e-05, 9.727277524326132e-06, 8.879395697762875e-06, 8.106567589262252e-06, 7.558913924097783e-06, 7.386557495194507e-06, 6.582437161106442e-06, 6.209078519045985e-06], "voltages": [1.1798092633144106, 1.2090544962891459, 1.2347075803264702, 1.2417590717237965, 1.2441170823129435, 1.2418605236157003, 1.2350683044925788, 1.2238193379161801, 1.2081925316195776, 1.1882667996821157, 1.164128620520987, 1.1359023519118074, 1.1037577644508527, 1.067910078933571, 1.0286199457682221, 0.9861850330475743, 0.9408897594321104, 0.8929778740598475, 0.8426515502418168, 0.7900714096296136, 0.7353573302590609, 0.6786052385596176, 0.6198940129300295, 0.5592832517215546, 0.49681316024378347, 0.4325045919233454, 0.36636479776898984, 0.2984572613074229, 0.22896195967113966, 0.15817782768273167, 0.08652276099084356, 0.014531144145973156, -0.057224707021267605, -0.1282780329017212, -0.19829147335226288, -0.26705717548506136, -0.3344969048533477, -0.400638743197278, -0.46549634982349597, -0.5290128159541757, -0.5910591532035112, -0.651434292224573, -0.7098665976156777, -0.7660514685431024, -0.8196984134204396, -0.8705356070749826, -0.9183097557860154, -0.9627863282783427, -1.0037482018786656, -1.0410268074617823, -1.0745425262691948, -1.104306744250217, -1.130421640838356, -1.1530784162021286, -1.1724889408535628, -1.1887431081315991, -1.2017821492654575, -1.211398683730688, -1.2172366695911232, -1.218821821820375, -1.2157901437243726, -1.2080421314396734, -1.1957483966462763, -1.179349711308223, -1.1595513247100018, -1.1370849534524274, -1.112144965966138, -1.0842741420429558, -1.0523637184444823, -1.0146533474004522, -0.9688572327697981, -0.913001640912776, -0.8459366669573838, -0.7673535390158913, -0.6777850475936914, -0.578587669906849, -0.4715923243981574, -0.3589163747666371, -0.24299987610224602, -0.12660562032471617, -0.012819077099730632, 0.0950322674903499, 0.19421277828562422, 0.28325106726466587, 0.36196732426886646, 0.4314727608211235, 0.494143021605989, 0.5528618876764896, 0.6098525508990515, 0.6665131543788938, 0.7234169749000054, 0.7803122348853968, 0.8362597710146517, 0.890182702186152, 0.9410042598151787, 0.987647675317012, 1.0290361801069328, 1.0640929007198308, 1.1077401071422903, 1.1462135367016468]}