{"currents": [1.2076800798453562e-06, 1.181621635269663e-06, 1.1736550025125641e-06, 1.1988076250462409e-06, 1.225841448937006e-06, 1.2485821888862639e-06, 1.2608555579091657e-06, 1.2564872750706956e-06, 1.2293030457830152e-06, 1.173128598333369e-06, 1.082695898464724e-06, 9.5726833784384e-07, 8.015468238892046e-07, 6.256699557068249e-07, 4.452139387196981e-07, 2.801207653006272e-07, 1.4726371403831067e-07, 5.5732083931244323e-08, 6.6653853719889696e-09, -6.746617271660383e-09, 9.017240689323735e-10, 1.1820315462415293e-08, 1.1948773477095533e-08, -8.098767340967297e-09, -5.3033719461198544e-08, -1.2289311206783423e-07, -2.138164897872724e-07, -3.211169166862292e-07, -4.400143432709299e-07, -5.656337624235816e-07, -6.930051582614303e-07, -8.170654780526615e-07, -9.330535576411727e-07, -1.0379536820801723e-06, -1.1308466923665173e-06, -1.2129101142782322e-06, -1.2874183422003642e-06, -1.3593433711316964e-06, -1.4328183476686055e-06, -1.509649236607646e-06, -1.589265319665725e-06, -1.6687191894930188e-06, -1.7427362659205084e-06, -1.8052670434297387e-06, -1.8522798783804767e-06, -1.8822238153723418e-06, -1.8960286236846424e-06, -1.8971048894163013e-06, -1.8908964546122126e-06, -1.8824448900816698e-06, -1.8751943089959868e-06, -1.8709573563888881e-06, -1.8699152120088318e-06, -1.8706515906770551e-06, -1.8712800503157045e-06, -1.8716080161633413e-06, -1.8735163574903506e-06, -1.8809593632358971e-06, -1.8999647510676832e-06, -1.9381493037256624e-06, -2.0001443931907757e-06, -2.0840581982906965e-06, -2.181337030426929e-06, -2.2767650072989075e-06, -2.3486031921223776e-06, -2.373412930327571e-06, -2.3357730972844683e-06, -2.230049798616256e-06, -2.060397481974248e-06, -1.8407578291429597e-06, -1.5931270377935803e-06, -1.3386892505379432e-06, -1.0938440505768145e-06, -8.701036927553759e-07, -6.740943729428186e-07, -5.07657264213167e-07, -3.6984510894616035e-07, -2.578832872335576e-07, -1.6692660423125497e-07, -9.005896690843093e-08, -1.8293738143555244e-08, 5.899173467857282e-08, 1.5061621180399872e-07, 2.6118992294451713e-07, 3.910253785639219e-07, 5.36136666527916e-07, 6.883295775260138e-07, 8.376453568289623e-07, 9.759579999531163e-07, 1.0974480821868046e-06, 1.1986032796273143e-06, 1.2782178501945589e-06, 1.3370083657010305e-06, 1.3760757771267961e-06, 1.3965210951881674e-06, 1.3994453306014565e-06, 1.3859494940829757e-06, 1.3571345745284483e-06, 1.3006187793237003e-06, 1.2488306946707865e-06], "voltages": [1.5965118418459343, 1.8691581463763434, 2.133585361112514, 2.2825971732724804, 2.4243089347893934, 2.5585334012619803, 2.6850833508857472, 2.8037715328071817, 2.91441072306175, 3.016813673005083, 3.110775686536231, 3.1960046297763247, 3.2721035687790634, 3.3385706593179543, 3.3947992173469395, 3.440100940621099, 3.4739091793106525, 3.495929625675743, 3.5061461712108217, 3.504820895171214, 3.492488253449212, 3.4697872207869755, 3.4371896539173337, 3.3949600027930136, 3.343155224794515, 3.2816247834586267, 3.2100499540048495, 3.1281884250988248, 3.0360154125154293, 2.9337282050244182, 2.821746166460072, 2.7007061846614384, 2.5713447412393364, 2.4343453225777254, 2.290322704938254, 2.1398227374567966, 1.9833221233324922, 1.8212414913853703, 1.6540166845283069, 1.4821360565731523, 1.3061415477233296, 1.1266286902590226, 0.9442455188316051, 0.7596583958813441, 0.573491834633788, 0.38631890639584127, 0.19866183874547724, 0.010991130889194817, -0.17626125949785182, -0.3625725202006288, -0.5472249627452164, -0.7293026527147815, -0.9076902691279276, -1.0810779981557608, -1.2482119932481777, -1.4086111551329692, -1.5627266216553906, -1.7119418679173533, -1.858572601326776, -2.00566141098429, -2.1552060792249303, -2.306853876678421, -2.4578521402036917, -2.603047383358081, -2.7349359141304417, -2.845317141507954, -2.9284568949901386, -2.98164055895894, -3.005173559093005, -3.0023808822717437, -2.979071009302948, -2.9407652839776626, -2.8914371604877744, -2.833479141637216, -2.767703032852509, -2.69337265692443, -2.609064774312483, -2.5138400128319187, -2.4073791035692267, -2.2899830601527986, -2.162572999530143, -2.026580844791695, -1.8833979875890077, -1.7341341715759826, -1.5796109108121577, -1.4203624098696468, -1.2566409157468539, -1.0885726600503827, -0.9163672607651833, -0.7403417682837832, -0.5609201474354263, -0.378633790824557, -0.19410307846023195, -0.007967055634939255, 0.17913562546464143, 0.3665663126518303, 0.5536863537399477, 0.73985670207835, 1.0307110056424857, 1.3166611373824217]}