{"currents": [1.869512048608847e-06, 1.858467797807545e-06, 1.8371542070134737e-06, 1.9114918068561648e-06, 1.9846335581226e-06, 2.0552668086276335e-06, 2.1220789179851875e-06, 2.1837572310945447e-06, 2.2389891055347245e-06, 2.2864618885841676e-06, 2.324962676047012e-06, 2.353777231231153e-06, 2.3727897578825863e-06, 2.3824828655344202e-06, 2.383937595855207e-06, 2.378724501752558e-06, 2.3682937833251114e-06, 2.353664636262802e-06, 2.335416085148649e-06, 2.3136869883733452e-06, 2.2881851806194542e-06, 2.258429380232249e-06, 2.2240838224897866e-06, 2.1849984573639447e-06, 2.141208872817598e-06, 2.092936309706782e-06, 2.0405504684151155e-06, 1.9843006364066148e-06, 1.9241397718968604e-06, 1.8597181686156896e-06, 1.7903834521386239e-06, 1.7151869242956085e-06, 1.6333621774465837e-06, 1.5458043584686367e-06, 1.4554103223512506e-06, 1.3670784874063041e-06, 1.287708742971475e-06, 1.2257492623723467e-06, 1.187107073183909e-06, 1.1720593025939017e-06, 1.1751335857894709e-06, 1.1851080085496866e-06, 1.1851308423776123e-06, 1.1566957322586998e-06, 1.0872772038916285e-06, 9.716703047330346e-07, 8.119913164916192e-07, 6.176770740725391e-07, 4.0418177470357647e-07, 1.8618133588447568e-07, -2.556163648784712e-08, -2.2428197347327818e-07, -4.0721077001447203e-07, -5.754928473394197e-07, -7.316410770318096e-07, -8.750998171176687e-07, -1.0015311817303474e-06, -1.1028153105030153e-06, -1.1670501318478515e-06, -1.179373000601578e-06, -1.1288798815295397e-06, -1.0136534052823614e-06, -8.409540459518643e-07, -6.27220674959482e-07, -3.978786195933624e-07, -1.8152398320217633e-07, 1.4687378136054772e-10, 1.3394645992387434e-07, 2.1519696297354866e-07, 2.477294865314542e-07, 2.4243660025077945e-07, 2.1092145299209646e-07, 1.6340145667868852e-07, 1.086787821465932e-07, 5.4140450485346555e-08, 5.787684620716888e-09, -3.1234954478410105e-08, -5.255764561236179e-08, -5.470476663582442e-08, -3.5095207656475145e-08, 7.957926279264593e-09, 7.535782801196917e-08, 1.6693593217434352e-07, 2.8071664851876666e-07, 4.128792269006595e-07, 5.577571313012746e-07, 7.078770228417495e-07, 8.552453567599731e-07, 9.938426478039358e-07, 1.1200642513337773e-06, 1.232720869506063e-06, 1.3330380462048366e-06, 1.4242540000500839e-06, 1.510009120226271e-06, 1.5939439650182674e-06, 1.6796990927109409e-06, 1.7709150615891613e-06, 1.8712322608373864e-06, 1.8738645699254037e-06, 1.8738026292853847e-06], "voltages": [2.205441912540817, 2.6174858767310356, 3.018887278031379, 3.2478498645361, 3.4655482763780188, 3.6716064814272396, 3.8656484821140893, 4.047298236512212, 4.216179743604709, 4.371916965011064, 4.514131242582296, 4.642430516529767, 4.7564068336866425, 4.855636181762396, 4.939678595709955, 5.008083053033139, 5.0604513354957374, 5.096493668628334, 5.116031122581156, 5.11899559407162, 5.105427479149099, 5.075429219818497, 5.029138685120414, 4.96673362115562, 4.888431521398626, 4.794489620346263, 4.68520058196382, 4.560915472435324, 4.422086995967574, 4.269271536907208, 4.103129165577417, 3.924421581569094, 3.733925550397129, 3.532235505573936, 3.319725137245547, 3.096547070653928, 2.862632538801913, 2.6177490846456783, 2.3621109941163336, 2.0968799429849763, 1.824185065440855, 1.547122976426913, 1.2697376472227588, 0.9960264862738547, 0.7273545789445616, 0.4619042417019694, 0.19467585840260487, -0.08251337653313712, -0.38037973643990797, -0.707324206880349, -1.066174607248482, -1.454068304888859, -1.8624500239853434, -2.277192062936201, -2.6819300115225913, -3.063225970229976, -3.411295945099007, -3.7200104057972734, -3.986893769282367, -4.212530075963208, -4.39846136356034, -4.546912833630324, -4.660808247612501, -4.743768923434409, -4.8000996671018195, -4.834275543546442, -4.849892549222929, -4.8494742700093845, -4.834472124100639, -4.8052651086901275, -4.761343330027156, -4.702131414077262, -4.627275789087975, -4.536649171283211, -4.430351039024387, -4.308702515345733, -4.172150111335931, -4.0212057888305885, -3.8564543177225477, -3.678553491882402, -3.488233909979227, -3.2862858520294655, -3.0734865205144706, -2.8505639276419434, -2.6181949695456916, -2.3770068134296074, -2.127576971474016, -1.8704792781511073, -1.6063942484152043, -1.3361319413696107, -1.0606311689333978, -0.7809602788189846, -0.4982947498372968, -0.21383281037614627, 0.07122791156053887, 0.3556897879688302, 0.6383551908447991, 0.9180258918007004, 1.3542904741823927, 1.7839303498895636]}