{"currents": [-0.00012870924497126874, -0.00011861466533796785, -0.00010658267080653353, -0.00010258424506300618, -9.768506262080296e-05, -9.224538210003872e-05, -8.662546102128842e-05, -8.118555825309293e-05, -7.628593155220177e-05, -7.228683945649975e-05, -6.950412316260994e-05, -6.803154186585725e-05, -6.769635466148694e-05, -6.805932186619253e-05, -6.841470337388922e-05, -6.784652464039126e-05, -6.567871204922583e-05, -6.17919848025091e-05, -5.6635702033243213e-05, -5.1227862703061375e-05, -4.7143255363478816e-05, -4.6099709838067334e-05, -4.912051452201001e-05, -5.6381269513484244e-05, -6.720990705640664e-05, -8.008669317694566e-05, -9.279938457930806e-05, -0.00010332799842017411, -0.00011030574601366331, -0.00011303291403825377, -0.00011147685719648562, -0.00010625813535878557, -9.833130013765893e-05, -8.866711520068316e-05, -7.823913597845631e-05, -6.80236991894396e-05, -5.899991243776486e-05, -5.213853617910472e-05, -4.815460074806909e-05, -4.726139823003609e-05, -4.915983055553969e-05, -5.3038406362600995e-05, -5.758390074651339e-05, -6.134700121895661e-05, -6.346825851999686e-05, -6.380886132309543e-05, -6.295064462495518e-05, -6.219608728667516e-05, -6.342644913909161e-05, -6.81210957890073e-05, -7.673714300280999e-05, -8.868771192808528e-05, -0.00010234188871468764, -0.00011504652518394639, -0.00012384318448452802, -0.00012683524160613058, -0.00012342631293522612, -0.00011432036195224997, -0.00010152159325227252, -8.809678765375616e-05, -7.682578247915117e-05, -6.950210675445388e-05, -6.691194952440004e-05, -6.883418739256917e-05, -7.406137673687176e-05, -8.097805657934591e-05, -8.842597286612056e-05, -9.582070183748438e-05, -0.00010315165390246301, -0.00011098207132472376, -0.00012033691696588687, -0.00013194146450439033, -0.0001457467965746111, -0.0001609133668591116, -0.0001758109330110544, -0.0001880350869345424, -0.00019496890351241566, -0.00019489303903506348, -0.00018718497411988368, -0.0001723191383173826, -0.00015186678589345544, -0.00012830390811671444, -0.00010406571351853358, -8.114956653761583e-05, -6.110558408645296e-05, -4.5036743202481186e-05, -3.3608135526168115e-05, -2.7210815689092563e-05, -2.5974303967297648e-05, -2.9725468933548192e-05, -3.798849234203845e-05, -4.9984909347943924e-05, -6.468407459857944e-05, -8.100482196943067e-05, -9.786602279154722e-05, -0.00011418654839597862, -0.00012888527011377447, -0.00014088102182065312, -0.00014020289354793188, -0.0001360735239748388], "voltages": [-0.9624934802921319, -1.2508098054896042, -1.5325340010729094, -1.6955494385499905, -1.8523479451284404, -2.002481640856421, -2.145502671741708, -2.2809631502881333, -2.4084152202857227, -2.527410996573517, -2.6375215842250843, -2.7384128035945388, -2.8298642818309725, -2.9117693224895302, -2.984134988486274, -3.047060469215895, -3.10060127997865, -3.1446901192597783, -3.1791343351964523, -3.203615903370135, -3.217694050685954, -3.220890696222611, -3.2128521285908844, -3.19337705541239, -3.1624165566532003, -3.120074059697623, -3.0665817263847104, -3.0022374333900093, -2.9274181837035442, -2.842581702972318, -2.748266444302058, -2.6450899799103524, -2.533685977906877, -2.414568118645571, -2.288104454827114, -2.1545172218171422, -2.013882644140453, -1.8661602406480016, -1.7113951359440684, -1.549847918421114, -1.3819991677587515, -1.2085494599652375, -1.030414827274771, -0.8486010116786027, -0.6640163132332578, -0.477446702626696, -0.289556426721412, -0.10088712451104768, 0.08812062049584182, 0.27702985482990716, 0.46537064477164236, 0.6526401663245629, 0.8383015316275796, 1.0217852655249666, 1.2024914075871953, 1.3797505713303624, 1.5528108718434255, 1.7208379936151985, 1.8829151268673252, 2.0380692082253007, 2.1856128280382503, 2.3254447329442156, 2.4580629358042816, 2.5845638238168966, 2.70663023602424, 2.8259138831217165, 2.942426311856574, 3.0541958687509427, 3.1572677747032913, 3.245704065929635, 3.3119815961669774, 3.3498656460651, 3.3562918584137122, 3.3314338998521427, 3.2787034163223283, 3.2046824301479138, 3.1171954704701106, 3.022252283475084, 2.9236039145221273, 2.822742750685571, 2.718902464461446, 2.609454230303688, 2.4918665673945606, 2.3645359469569773, 2.2268060462743646, 2.078968565627298, 1.9222428873188688, 1.7582787779415585, 1.5885287038510405, 1.4141848517705076, 1.2361786245937487, 1.0551811371357331, 0.8716460671084275, 0.6859844726121189, 0.49860701940879293, 0.30992437326043504, 0.12034719992903037, -0.06971343931592758, -0.3707805672548238, -0.6687609173504399]}