{"currents": [-5.9015411775066176e-05, -6.12864255029519e-05, -4.7031059478806325e-05, -5.614548267597079e-05, -6.166661265612149e-05, -6.47278697148119e-05, -6.646267428324499e-05, -6.800444633981882e-05, -7.048660685961419e-05, -7.50425749799e-05, -8.266196965779266e-05, -9.361538805238525e-05, -0.00010731061893555979, -0.00012229262653215404, -0.00013624355791838792, -0.00014615355032420458, -0.0001495170892586715, -0.00014509793944797244, -0.0001329561661137212, -0.00011444813700472305, -9.219949251903294e-05, -6.937146290513929e-05, -4.858941749385202e-05, -3.1803310532889984e-05, -2.0287654864704768e-05, -1.4641555280481234e-05, -1.4892534676141004e-05, -2.0746558557222658e-05, -3.150025304853058e-05, -4.603224174444439e-05, -6.280313394519333e-05, -7.98642172158647e-05, -9.517272070539904e-05, -0.00010725194283509931, -0.0001153148832959665, -0.0001192642474168643, -0.00011969246862113073, -0.00011775941163712052, -0.00011456412902224934, -0.00011086148290870713, -0.0001070548112185656, -0.00010319593189496815, -9.899246610904614e-05, -9.406803647850172e-05, -8.849773643143294e-05, -8.290721676528332e-05, -7.847269813561044e-05, -7.692094791896206e-05, -8.041279178213176e-05, -9.060701972469682e-05, -0.00010799957458291771, -0.00013189883377557544, -0.0001604255161561808, -0.00019053752688276792, -0.00021871874180760586, -0.00024202712475346978, -0.0002582391930710949, -0.0002658501370194561, -0.0002640737101633078, -0.000252739156498348, -0.0002321953497650118, -0.00020357423722732056, -0.00016880744768431476, -0.00013062642602451848, -9.254563905387183e-05, -5.829620587095134e-05, -3.0709848744775355e-05, -1.151906721395209e-05, -1.3569985511128064e-06, 2.4244890564046814e-07, -5.340993429184784e-06, -1.660241628048583e-05, -3.215055570616943e-05, -5.0710239839816126e-05, -7.112232112568888e-05, -9.234132438849445e-05, -0.00011337512169489902, -0.0001332105708717327, -0.00015080639644559184, -0.00016509322754164118, -0.00017497356552019283, -0.00017933676619171122, -0.000177314381168344, -0.00016852143098568533, -0.00015306669344308376, -0.0001315527563807796, -0.00010506565858964447, -7.497300545497572e-05, -4.2826110775935564e-05, -1.0384425674512594e-05, 2.038455230839883e-05, 4.7305192832381466e-05, 6.802843820557825e-05, 8.017052729552704e-05, 8.134771877708269e-05, 6.917627132509999e-05, 4.127244361443378e-05, -4.747499981492352e-06, -2.58256714207278e-05, -4.551339068368552e-05], "voltages": [5.027890552272477, 4.9705118945277285, 4.887575556640685, 4.805508599904876, 4.704638286176532, 4.586012534324637, 4.45067923184107, 4.299686309832473, 4.134081652233473, 3.9549131934331414, 3.763207534700923, 3.5598850491610325, 3.3457383333689714, 3.1214324737119985, 2.8875048911377807, 2.6443905539687753, 2.3925934250267398, 2.1327948558324255, 1.8658571140068927, 1.5928235154330845, 1.3149143614240533, 1.0334198044165483, 0.749528867078104, 0.46430534318519967, 0.178687272259214, -0.10651283493866737, -0.39058612151719696, -0.6728253789362595, -0.9524855306351245, -1.2287828127249796, -1.500894765766907, -1.7679610746344108, -2.029098949739157, -2.2834103171109685, -2.5299788345239103, -2.767870280718278, -2.9961329441539104, -3.213804120923357, -3.420020372689989, -3.6141183915050785, -3.795639167090133, -3.9643279820216772, -4.1201302564869655, -4.263030830746248, -4.392705902308559, -4.508455943120696, -4.609205463205861, -4.69350351372112, -4.7595679114789124, -4.805120271314978, -4.82703302500631, -4.821311522786189, -4.783093989707554, -4.7066694962786935, -4.586604875697397, -4.421005628470514, -4.212245122372847, -3.9669652765822057, -3.6960758539008594, -3.41394702703432, -3.1333485536379593, -2.8625232999433496, -2.60508975462478, -2.3600436480213167, -2.1218532666525105, -1.8830530932527783, -1.6379710767848081, -1.3832028580016673, -1.1176119367401676, -0.8423295165363571, -0.5603633825073684, -0.2747822844526845, 0.011965509823372494, 0.2980666012868136, 0.5823406976261516, 0.86422858221749, 1.1434590274772005, 1.4196289928536618, 1.6921613916740517, 1.9603051494405048, 2.2231351490171916, 2.4795825461552834, 2.7285805461661217, 2.969122894266125, 3.200266212681125, 3.4211285088898307, 3.630888830828755, 3.8287762692941048, 4.014116154466741, 4.1863475363259575, 4.345023841863009, 4.489812205806156, 4.620474906878129, 4.73679278461896, 4.838546907870951, 4.925518345476397, 4.997488166277598, 5.054237240600194, 5.068744177892323, 5.060340525558824]}