{"currents": [9.69427230373105e-05, 0.0001032926766336231, 0.00011140949741554363, 0.00011105469257867046, 0.00011247391248834803, 0.00011495754701720489, 0.00011779598658454605, 0.00012027962111340293, 0.00012169884055782395, 0.00012134403549219968, 0.00011859275981232228, 0.0001132583931099216, 0.000105677296841079, 9.670882252341485e-05, 8.773530849651037e-05, 8.055871295761405e-05, 7.66792706304971e-05, 7.683565708929781e-05, 8.098877568940995e-05, 8.832175767172673e-05, 9.725617512238165e-05, 0.0001059275149113204, 0.00011296907789164055, 0.00011763098287725067, 0.00011978017127114242, 0.00011990039638758876, 0.00011898161376760622, 0.0001179289154403075, 0.00011727988620700203, 0.00011719678307459449, 0.00011746653695773118, 0.00011750856899003494, 0.00011661991879646564, 0.00011441620846052977, 0.0001109047511841531, 0.00010648454277376993, 0.0001019462633987811, 9.839586736867033e-05, 9.673740685562515e-05, 9.735168247985638e-05, 0.00010008512562058766, 0.00010424979680505401, 0.00010863450742501646, 0.0001118602160402779, 0.00011303341087969893, 0.00011185656173929377, 0.00010862813943047188, 0.00010424260370707832, 0.00010007991277054162, 9.735160395590629e-05, 9.674487244593456e-05, 9.841140109822881e-05, 0.0001019673606839152, 0.00010650457921187099, 0.00011091316746150926, 0.00011440225572577586, 0.00011657717809862513, 0.0001174394952282947, 0.00011738697259498853, 0.00011713595654703422, 0.0001171905487134756, 0.00011750988705970557, 0.00011749654210762249, 0.00011599652902693339, 0.000111310897382339, 0.00010163052216488345, 8.597520996186991e-05, 6.437336991815129e-05, 3.7862109878729926e-05, 8.487137451733023e-06, -2.087616732400698e-05, -4.744481895660703e-05, -6.894594298181814e-05, -8.36277288393894e-05, -9.025933588898747e-05, -8.8120071971786e-05, -7.689906897285736e-05, -5.7042933831315634e-05, -2.9894185394209725e-05, 2.3086320014065637e-06, 3.643107150224087e-05, 6.861940220933408e-05, 9.55266533808254e-05, 0.00011509064639915127, 0.00012656144829428998, 0.00013050126630480537, 0.000128757137562368, 0.0001237364398299293, 0.00011739516919568639, 0.000111114866116407, 0.00010570259764178738, 0.00010139097052599828, 9.793386783923094e-05, 9.498943855359574e-05, 9.22158264795313e-05, 8.927117542747625e-05, 8.581362920786925e-05, 8.15013367930533e-05, 8.68198768684876e-05, 9.169713921699178e-05], "voltages": [3.552318494198468, 3.8778734815372022, 4.182472070371689, 4.345726875262039, 4.4917494679628405, 4.620752631168336, 4.732949164717505, 4.828551847709829, 4.907773475743988, 4.970826832103954, 5.017913278023385, 5.049176974857988, 5.064693489010777, 5.064469752688206, 5.048444094745774, 5.016499510984288, 4.9685515927974055, 4.904602234615565, 4.824741457170831, 4.729147440610777, 4.618084568069859, 4.4918684464822345, 4.35085164631187, 4.195429240681663, 4.026038506273145, 3.843158997689242, 3.6473081191942565, 3.4390686477850276, 3.219137834378015, 2.988329739498157, 2.7475752418187214, 2.4979196811228177, 2.240451996007473, 1.9761885716581478, 1.7060566840092761, 1.4308940853255645, 1.1514485874355938, 0.8683959508891619, 0.5824475512163805, 0.29441404887361045, 0.00520747738158156, -0.2841587471069793, -0.5725719378645415, -0.8588823840837736, -1.1420076547985636, -1.420948349748942, -1.6947872586139674, -1.9626906624993865, -2.2238928634364057, -2.477620032013888, -2.7230550772651316, -2.9593377955783904, -3.1855633461815147, -3.4007841379283157, -3.6040850829469635, -3.794822439311478, -3.9726791098501697, -4.13766484651871, -4.290116046833109, -4.430623811708587, -4.559412324215543, -4.675880431762834, -4.778584623004856, -4.86523832883875, -4.932729882549536, -4.977504251270293, -4.995878863997731, -4.984039003746615, -4.938038292649309, -4.853798227210479, -4.727210435514986, -4.5560672526932064, -4.341926413225542, -4.0901905653893, -3.810108491585334, -3.5146939478955552, -3.218085880762852, -2.930515784787593, -2.6574301590875806, -2.399490252543628, -2.1525723025357992, -1.908620883165289, -1.6601246844218323, -1.4021999992613199, -1.1326455763376106, -0.8519442953905952, -0.5632060883590239, -0.2707240153289709, 0.02194546559842271, 0.31219658984753135, 0.5983752158581486, 0.8797779017210383, 1.1564942664322895, 1.4287713061671967, 1.6968565833570597, 1.9609976604331782, 2.2214420998268523, 2.478436906248331, 2.849754984745424, 3.2086627622149146]}