{"currents": [-1.3457706884677388e-05, -1.226128223320662e-05, -1.0789367242769484e-05, -8.628476185408915e-06, -7.196897951670167e-06, -6.366102995715861e-06, -6.007561819452767e-06, -5.992744849764364e-06, -6.19312261128627e-06, -6.480165541881324e-06, -6.7312688429974555e-06, -6.85345124157918e-06, -6.789279571479009e-06, -6.516868829228301e-06, -6.049882306360989e-06, -5.431323316714631e-06, -4.703311589044114e-06, -3.894635328908118e-06, -3.0204671204043607e-06, -2.0823642780489644e-06, -1.0685514181487764e-06, 3.3104083448804576e-08, 1.202772287798144e-06, 2.3819250394770213e-06, 3.473338351057408e-06, 4.341090714130883e-06, 4.819130658498737e-06, 4.785761647840579e-06, 4.218784952927502e-06, 3.1976124366464224e-06, 1.9032673870650253e-06, 6.162696497447976e-07, -3.537851544042658e-07, -8.0383501242925e-07, -6.611981159825778e-07, 1.642864775017977e-08, 1.0409677857728146e-06, 2.117846063375299e-06, 2.9824666715014746e-06, 3.4714926703893446e-06, 3.5249998349564816e-06, 3.1864760261688805e-06, 2.600669917233629e-06, 1.9547364269861732e-06, 1.3914882938324853e-06, 9.979425589850589e-07, 8.053207485469867e-07, 7.890476824460496e-07, 8.784869499452415e-07, 1.0041372467800077e-06, 1.1169311543792238e-06, 1.1886701995408106e-06, 1.212024810059498e-06, 1.2000994128187498e-06, 1.173467678667396e-06, 1.138312293119383e-06, 1.0830248724250435e-06, 9.78206264145164e-07, 7.766663541232802e-07, 4.1743714529929277e-07, -1.3826565707160864e-07, -8.799762961034383e-07, -1.7469323646755103e-06, -2.628071571143203e-06, -3.3630828628054507e-06, -3.782237787502409e-06, -3.7934172902604218e-06, -3.398889078332691e-06, -2.695314246828899e-06, -1.8737403936349101e-06, -1.201587639635935e-06, -9.071737257741827e-07, -1.111434601368254e-06, -1.8256376670848916e-06, -2.951380223331341e-06, -4.2828782566957105e-06, -5.572386961950559e-06, -6.634241997505011e-06, -7.360015357663775e-06, -7.718521147984643e-06, -7.755810176072398e-06, -7.581855628855724e-06, -7.308875877943667e-06, -7.028276631336009e-06, -6.810207691485774e-06, -6.703563065684765e-06, -6.736423815520171e-06, -6.924243923546258e-06, -7.272038433074783e-06, -7.772826957177709e-06, -8.407633793053642e-06, -9.14548796339519e-06, -9.94542408247737e-06, -1.076447395000508e-05, -1.1559671164265746e-05, -1.2288049323546791e-05, -1.2906642026135645e-05, -1.3372481166855502e-05, -1.4232574759016843e-05, -1.4185041755173899e-05], "voltages": [-8.530324882751394, -9.22939245038195, -9.880112387342363, -10.212500556475227, -10.506494505377809, -10.762260827792925, -10.979966149082678, -11.159777057375532, -11.30186016818277, -11.406382079439974, -11.473499627064704, -11.50332072377698, -11.495894613994881, -11.4512118393718, -11.369204276949187, -11.249759840290888, -11.09287391463975, -10.898771793347763, -10.667913491842796, -10.400993847247513, -10.098937302317676, -9.762796185671876, -9.393678469888181, -8.992753935359072, -8.56125340369884, -8.100468949031733, -7.61174883158506, -7.09656432966061, -6.556608213300682, -5.993799243181821, -5.4102821907434455, -4.808423288972537, -4.190674502720908, -3.5593538470704114, -2.916615049888984, -2.264446562996322, -1.6046705689953378, -0.9389757346770247, -0.26909909187107617, 0.4030729452563715, 1.0755014379042394, 1.7459949012471512, 2.4122125002073265, 3.071755997664681, 3.722320801119536, 4.361717934601064, 4.987872126101921, 5.598824786533395, 6.1927115620845266, 6.767650622461426, 7.321687633884379, 7.852796641127075, 8.358876628112146, 8.83775522883293, 9.287331553810844, 9.7060440630709, 10.092980103070603, 10.447876410815766, 10.771118612828657, 11.06359634848705, 11.325422654142852, 11.55497755271189, 11.748872275707857, 11.901947898362254, 12.007312949281975, 12.057124949736037, 12.043173412288967, 11.956850075124187, 11.789150062387616, 11.530670770036291, 11.17187299587718, 10.707820383685595, 10.142720493452419, 9.490117691510143, 8.772896387697301, 8.023083781647426, 7.275422730535916, 6.55508355125567, 5.875516287270579, 5.238450001034809, 4.633893441764792, 4.042219168363028, 3.4449877965192828, 2.829912595722447, 2.190987850372137, 1.5284928729437937, 0.8488583129864088, 0.16135134710643495, -0.5261546870526495, -1.2076154034832374, -1.8788175513933052, -2.537376844654715, -3.182435009526523, -3.813436129241616, -4.4298255969537355, -5.0310488058166225, -5.61655114898402, -6.18577674092705, -7.004098751522082, -7.787111597962991]}