{"currents": [-6.400613556846595e-06, -6.474467970791344e-06, -6.465836443895434e-06, -6.4733220714562344e-06, -6.44902720706054e-06, -6.3966278021436675e-06, -6.319799786424273e-06, -6.2222191203338074e-06, -6.107561730076434e-06, -5.979503578634043e-06, -5.841314027479074e-06, -5.694229744889142e-06, -5.537047950179831e-06, -5.366126603075305e-06, -5.175384291806325e-06, -4.956828063398012e-06, -4.704964989554014e-06, -4.4199947754837145e-06, -4.107930682347136e-06, -3.7805996480782056e-06, -3.45552083433561e-06, -3.151622958145633e-06, -2.880467936643681e-06, -2.6446326609611367e-06, -2.437708629151994e-06, -2.244302180356745e-06, -2.041707893395556e-06, -1.8099428403515087e-06, -1.5372887079933e-06, -1.2204674117817746e-06, -8.646410614813942e-07, -4.832364331250434e-07, -9.305702309047984e-08, 2.9313583908967266e-07, 6.676412626904411e-07, 1.0278192994580665e-06, 1.376091580002994e-06, 1.719015020364965e-06, 2.06203130058244e-06, 2.4067458926412245e-06, 2.750846442981722e-06, 3.0881027482413412e-06, 3.4084484333912336e-06, 3.7006406984601776e-06, 3.9572688926622625e-06, 4.175618388954679e-06, 4.357670197331147e-06, 4.510101885954185e-06, 4.643420428628714e-06, 4.7669037908658875e-06, 4.885890248363356e-06, 5.0016950904613285e-06, 5.111609840172064e-06, 5.208986586086089e-06, 5.285750983582633e-06, 5.3366711369436375e-06, 5.360026530532242e-06, 5.357608476260886e-06, 5.334719665937538e-06, 5.299524005419462e-06, 5.259209330870743e-06, 5.2179059277576655e-06, 5.176621308103254e-06, 5.133240446678871e-06, 5.082590685304204e-06, 5.017955955956632e-06, 4.932644703917234e-06, 4.820072696540898e-06, 4.673763469768846e-06, 4.487347915869096e-06, 4.254623128909621e-06, 3.971243317026433e-06, 3.6364646679867134e-06, 3.253220893559349e-06, 2.828125267435874e-06, 2.3713923533710254e-06, 1.8949058322304063e-06, 1.4097756018937351e-06, 9.260910928981266e-07, 4.529212165519632e-07, -1.6856334236431826e-09, -4.3060521773004126e-07, -8.286530944354994e-07, -1.1941100397299779e-06, -1.5287975235445406e-06, -1.8380753662970716e-06, -2.130769381245317e-06, -2.417081186435215e-06, -2.705316591441519e-06, -3.001417659119289e-06, -3.3089635788374486e-06, -3.6291697813669985e-06, -3.96128290214204e-06, -4.304154181391229e-06, -4.656635591606496e-06, -5.017579105279768e-06, -5.385836694902977e-06, -5.76025958174627e-06, -6.034932077287098e-06, -6.251403296309387e-06], "voltages": [-2.0260957101838457, -3.0776327464181845, -4.1179285921564786, -4.724195429774471, -5.313013431249021, -5.882817124207837, -6.432041137979925, -6.95911996960701, -7.4624882417892, -7.940580458607672, -8.391846183992602, -8.81480930507718, -9.208083520518167, -9.570371792247135, -9.900466689184523, -10.197239500378815, -10.45968020345007, -10.68698121880376, -10.878542077153373, -11.033969303157177, -11.153072218072959, -11.235751821817958, -11.281855069991975, -11.291158849509804, -11.263369962397613, -11.198124985960773, -11.09501064958025, -10.953803285871132, -10.774673967218035, -10.558196599762809, -10.30534792942506, -10.01749943286314, -9.696202541999149, -9.342908935858585, -8.95894160109139, -8.54549426053278, -8.103630798374844, -7.634312423790439, -7.138582548859674, -6.617688514647588, -6.0730857174526385, -5.506437624074446, -4.919611607395938, -4.314603367522509, -3.693532524990537, -3.0586624773689457, -2.4124025178270503, -1.7573048063342374, -1.096036412168331, -0.43115492250392096, 0.23504284629521863, 0.9005291781978599, 1.5635413121793968, 2.222578646896701, 2.876237807958865, 3.5229395496978135, 4.160886854209675, 4.788065073252479, 5.402241796344936, 6.001003989085289, 6.581921780584956, 7.142602751080294, 7.680695174618002, 8.19388454552145, 8.679894975311083, 9.136605919069467, 9.562577108203506, 9.957183468462421, 10.320615617258136, 10.65387936748431, 10.958563778888555, 11.234084547491584, 11.47533474210271, 11.672589650691334, 11.811505491443253, 11.87321631898766, 11.838320895865895, 11.696191589668462, 11.446844013162414, 11.100938739302823, 10.679779558221934, 10.213347624945367, 9.728779038671703, 9.24416482106341, 8.76835649207235, 8.30096891127721, 7.83257088265276, 7.349785471550495, 6.842409694234096, 6.304280740931381, 5.733274553592281, 5.131307239802188, 4.503659907360095, 3.856289755729701, 3.1951525971190153, 2.5262042437360495, 1.855400507788814, 1.1886986113774147, 0.10867443397383136, -0.963604840341227]}