{"currents": [5.200836541627157e-05, 4.648670015209612e-05, 5.691852858279613e-05, 7.882148948319827e-05, 9.56751106398302e-05, 0.00010799331923374693, 0.00011629004297565866, 0.00012107920919523263, 0.00012287474495285106, 0.00012219057809372647, 0.00011954736497888721, 0.00011549941105885407, 0.00011064139612712662, 0.00010560837888480678, 0.00010107579437839473, 9.77459380688282e-05, 9.616492466572979e-05, 9.655984308312346e-05, 9.883196364113994e-05, 0.00010255673832926082, 0.00010699059332842272, 0.00011127326560186944, 0.00011476881202195887, 0.00011711861688874688, 0.00011824139442781236, 0.0001183331833777719, 0.00011781849774720011, 0.00011710484396087026, 0.0001164759099486555, 0.00011608892892152045, 0.00011597468102096573, 0.00011604012541942442, 0.00011613969984477562, 0.00011617873032994725, 0.00011612677130035433, 0.00011601760473069228, 0.00011594924098617478, 0.00011607049531619148, 0.00011647565972512047, 0.00011713128492421839, 0.00011787346491819577, 0.00011840783528577193, 0.00011831229289171296, 0.00011714839550988333, 0.00011471943606323277, 0.00011112204336533308, 0.00010674620116849743, 0.00010227522876861148, 9.862885811110965e-05, 9.65827760576895e-05, 9.65348430938712e-05, 9.849704245903793e-05, 0.00010209548016529236, 0.00010657843580037121, 0.00011104535058341586, 0.00011480811191558229, 0.0001174431828233417, 0.00011879162150796836, 0.00011895906332366055, 0.00011827130756195735, 0.00011709054127363088, 0.0001157638549106376, 0.00011462292002023305, 0.00011398398976687982, 0.00011414821938246481, 0.00011534786018280651, 0.00011750886904455656, 0.00012019003591021787, 0.0001225829757973539, 0.00012351214006656736, 0.00012151323606989702, 0.00011547427757778426, 0.0001050930499563748, 9.089432744909648e-05, 7.422992613187037e-05, 5.726141418949096e-05, 4.242964538277626e-05, 3.152162525208539e-05, 2.5519093316975584e-05, 2.459844119899183e-05, 2.8130791461562538e-05, 3.482499876609669e-05, 4.346713099257491e-05, 5.3257296786627374e-05, 6.38184873422887e-05, 7.51965236793059e-05, 8.785128647569325e-05, 0.00010236116916665118, 0.00011884879497843333, 0.00013687927798654298, 0.00015546026110974126, 0.0001730418798028731, 0.00018760968980073204, 0.00019705630905569204, 0.00019927437291519757, 0.00019215651672669306, 0.00017359537583762293, 0.00014148358557716754, 0.00010126362439114752, 7.094032183636014e-05], "voltages": [-2.9659133990347906, -3.0944010469270213, -3.2119962337858725, -3.2634656478486885, -3.302003198128045, -3.3279006083765448, -3.3414496014163158, -3.3429419028146072, -3.3326692323845686, -3.31092331862592, -3.2779997758382735, -3.234213730963488, -3.1799036600525437, -3.115431446579777, -3.041182351305831, -2.957559215186694, -2.864921962693501, -2.763539050468099, -2.6535854445789666, -2.53514267286506, -2.408200636927923, -2.2727377557314528, -2.128905982328695, -1.9770681937460681, -1.8177979036953698, -1.6518793583146827, -1.4802705479351241, -1.3039166137706955, -1.123668900848165, -0.9402829234940153, -0.7544183732601164, -0.5666411336225914, -0.37746689069157546, -0.18739714775058014, 0.0030805678502962702, 0.19349300126962507, 0.38338146712420507, 0.5722976381428188, 0.7597659295395184, 0.9452525413321371, 1.1281642089485973, 1.307848197003308, 1.4835935642498654, 1.6546656395394923, 1.820359225594738, 1.9800058011690385, 2.1329730725619327, 2.278665707613681, 2.416521861375567, 2.5460592068727834, 2.666939036869981, 2.778969873766002, 2.882106713270705, 2.9764484236115747, 3.062125514663734, 3.1390626932909176, 3.206933983196249, 3.265162867776527, 3.3129221496348165, 3.3491887359321897, 3.373208957142974, 3.384838523266657, 3.3845556117167663, 3.373460782835431, 3.3532640029797607, 3.3257067001172516, 3.2911445982590717, 3.2482549668009915, 3.1940367506287854, 3.123810451352389, 3.0315401264085793, 2.911923529640527, 2.761643127084747, 2.5794078458968044, 2.365954050720796, 2.12400249745116, 1.857492844056299, 1.571434332669312, 1.2720689836253265, 0.9668717917147497, 0.6645504939557729, 0.37476430513556297, 0.10555678861793615, -0.13859453541352032, -0.35685522925208957, -0.5520324206244118, -0.7304997890381603, -0.9000824054028936, -1.0668325627518696, -1.2345839918856378, -1.404952383859622, -1.5773348542257812, -1.7492801992644038, -1.9179667845607318, -2.0805733301457807, -2.2342785560505676, -2.3762611823061066, -2.503699590213695, -2.671079681074109, -2.8250823804655516]}