{"currents": [2.352732162917863e-06, 2.040739202839397e-06, 1.7286487425104613e-06, 1.3972506254469298e-06, 1.115560767463637e-06, 8.744407376702561e-07, 6.647520717073794e-07, 4.77356349314415e-07, 3.0311510718520626e-07, 1.3288992640256193e-07, -4.176958080444789e-08, -2.2587323960840322e-07, -4.2030249237088705e-07, -6.218101429883822e-07, -8.230204989539912e-07, -1.0131968278924868e-06, -1.1828222570758803e-06, -1.3261158545458323e-06, -1.441112332350175e-06, -1.5296619807458448e-06, -1.597351243613142e-06, -1.6514466968033042e-06, -1.6981566784878853e-06, -1.742324113045225e-06, -1.7874265906138962e-06, -1.8355763414948437e-06, -1.8877209884321832e-06, -1.9439382076300213e-06, -2.003047592504219e-06, -2.0625839217525743e-06, -2.1187971334935793e-06, -2.1666791218493525e-06, -2.200849433608196e-06, -2.2172514109950656e-06, -2.21344900676222e-06, -2.1886267638973377e-06, -2.1435898378340746e-06, -2.0805077765217495e-06, -2.00215181186286e-06, -1.9119427504145567e-06, -1.8139646668630862e-06, -1.7129649468675107e-06, -1.6143404864759546e-06, -1.52310757061635e-06, -1.440734650677512e-06, -1.36441629111654e-06, -1.2870733956082079e-06, -1.1973528455185897e-06, -1.0804992152249778e-06, -9.248651269576175e-07, -7.262848231018988e-07, -4.882328059002967e-07, -2.2182500534831467e-07, 5.434142985305943e-08, 3.189744534364903e-07, 5.562501306757232e-07, 7.570970754435414e-07, 9.19197064938184e-07, 1.0469844548273168e-06, 1.1505243481685886e-06, 1.2410902108269698e-06, 1.3301177550786975e-06, 1.4292089080239578e-06, 1.5501309773857666e-06, 1.7048137547967642e-06, 1.904033986379404e-06, 2.1523921240585763e-06, 2.4470731441354e-06, 2.7778458063056127e-06, 3.1270634288563118e-06, 3.471025688681127e-06, 3.787822884461775e-06, 4.061471956531541e-06, 4.282043876939823e-06, 4.445662161405688e-06, 4.554377498036845e-06, 4.613235307291386e-06, 4.6272479210454315e-06, 4.6012364386784695e-06, 4.53983134372948e-06, 4.447471862453086e-06, 4.328470293307072e-06, 4.187881525942753e-06, 4.032277158838257e-06, 3.869777290748286e-06, 3.710051308449384e-06, 3.564285016567848e-06, 3.4436007783366037e-06, 3.354963866257219e-06, 3.300312476433486e-06, 3.2765572330996067e-06, 3.2755817049927706e-06, 3.2850800851323703e-06, 3.291908654373865e-06, 3.282923723483337e-06, 3.2449816032268686e-06, 3.164938604370542e-06, 3.0296510547360853e-06, 2.8722345436355016e-06, 2.6383796020933523e-06], "voltages": [6.855445745003416, 5.941716993971291, 4.996022193762772, 4.39044507016637, 3.765667050453883, 3.124658918085792, 2.4703913244060516, 1.8058350974840387, 1.1339608875236085, 0.45773952295512943, -0.2198842593801578, -0.8960946753923249, -1.568231686327508, -2.2337901173189794, -2.89042018959351, -3.5359037543385052, -4.168111993768181, -4.785038701293366, -5.3848035925183755, -5.965651990608529, -6.5259527886169355, -7.064144340268084, -7.5787040715694, -8.068152016656349, -8.531051694532705, -8.966009625627136, -9.371670662469256, -9.746747890470097, -10.090074141761253, -10.400604300321808, -10.677415291014599, -10.91970380186864, -11.12673212034873, -11.297789326625317, -11.432192882138096, -11.529288865871218, -11.588452211380037, -11.609089359077878, -11.590796861945554, -11.533534627281322, -11.437633336557706, -11.303794448890507, -11.133082772509463, -10.926667770516971, -10.685322813031464, -10.409336468933006, -10.098513687526168, -9.752174395708309, -9.36928018806741, -8.949798764049866, -8.495826615493028, -8.011632644066207, -7.5036609179053535, -6.980483363728417, -6.450507360299419, -5.915928590357283, -5.371434279925103, -4.804203348578303, -4.193906306734327, -3.5142149402348677, -2.743747801752038, -1.873262156062399, -0.9059091879383413, 0.14276059321334128, 1.2450597784529722, 2.367778120007224, 3.480823734662385, 4.558156436302583, 5.577788376791604, 6.521783531049393, 7.375724949562141, 8.129289908141445, 8.7788500705239, 9.327617274165616, 9.785639365966276, 10.169659957616231, 10.498983398586393, 10.788765676189684, 11.049013660425782, 11.284585528971535, 11.495190303205462, 11.676272005658525, 11.823036116092446, 11.931901325664837, 12.000525987773074, 12.027807488104637, 12.013856641915122, 11.959412540882731, 11.86528337379726, 11.732329301761897, 11.56146238987068, 11.353646632646182, 11.109888611361278, 10.831204880939307, 10.518611373543045, 10.173124021335273, 9.795758756478758, 9.387532203976559, 8.579692738034465, 7.735282616013626]}