{"currents": [-1.2740754954055332e-05, -1.6197025375372093e-05, -8.448338507921137e-06, 4.016599666845696e-05, 7.55345267956448e-05, 9.964276833983919e-05, 0.0001144762382739064, 0.00012202045333027261, 0.00012426092961156574, 0.00012318318419972786, 0.00012067679426279374, 0.00011815164086312387, 0.00011644197032553763, 0.00011580639449468774, 0.00011592788897831745, 0.00011602005903563874, 0.00011544834725124569, 0.00011406342793207203, 0.00011221153117275154, 0.00011073444193246019, 0.00011095917693811492, 0.00011430823498457724, 0.00012145298522656961, 0.0001321510229948207, 0.00014524619658501557, 0.0001586686002744226, 0.0001696116124534158, 0.00017571038547598223, 0.0001757634988245169, 0.00016975767418655306, 0.00015886777531546676, 0.00014543209330198498, 0.00013223600546644583, 0.00012135472660598797, 0.00011398158897678833, 0.00011042804363981148, 0.00011012363867810037, 0.00011177068937765187, 0.0001141085734242844, 0.00011623707962294374, 0.00011762408241248448, 0.00011810553628344163, 0.00011787781521882193, 0.00011730506262601179, 0.00011667774585928974, 0.00011618871682060307, 0.00011593321304330701, 0.00011590885623098964, 0.00011603238917149772, 0.00011621547365927779, 0.00011639168136856117, 0.00011651696037780367, 0.00011656963510036673, 0.00011654994000654387, 0.00011647064930179546, 0.00011635176147552685, 0.00011622138477987944, 0.00011611573735806636, 0.00011607914694733448, 0.00011616155741489622, 0.00011638685666762821, 0.00011672525946886517, 0.00011709216512939171, 0.00011734815737431737, 0.00011730014712541693, 0.00011673545290084362, 0.00011547932713228807, 0.00011340390877615376, 0.00011042823666387774, 0.00010651823669926704, 0.00010168298873178897, 9.603726097823996e-05, 8.98874945869981e-05, 8.373586491749054e-05, 7.828030839511938e-05, 7.441042366918673e-05, 7.303013922625972e-05, 7.462974484824525e-05, 7.919828487948842e-05, 8.622351022309342e-05, 9.469192771675946e-05, 0.00010318264140379985, 0.00011043874701137866, 0.0001156880856323583, 0.00011865358882035836, 0.00011955325208905121, 0.00011908982612026035, 0.00011815874589122096, 0.00011739150664258704, 0.00011709050105772104, 0.00011722901355686753, 0.00011745122506607688, 0.0001171270544789504, 0.0001155715804460517, 0.00011209987802077158, 0.00010602702225650085, 9.666808820663024e-05, 8.333815926064007e-05, 3.464471341320331e-05, 3.5014646633762517e-06], "voltages": [-11.642282530216193, -11.62553300954336, -11.547899871589527, -11.429054935971537, -11.266636829440388, -11.062146643564041, -10.817085409983907, -10.532954244973043, -10.211254170713703, -9.85348631254443, -9.461170547578703, -9.03592141652495, -8.579466420877457, -8.093646582158982, -7.580416120502599, -7.041824246887209, -6.479945877191954, -5.896870658063493, -5.294702740378737, -4.675561075054926, -4.041578439791507, -3.3948902665523937, -2.7376050530587155, -2.0718001316747765, -1.3995204374175279, -0.7227790151925584, -0.04356411279042799, 0.6361080836035264, 1.3141559087009367, 1.9884308314074137, 2.6567174322835254, 3.3167348465953506, 3.966192284568864, 4.602917968101999, 5.2248823821241075, 5.830199252249919, 6.417126526190601, 6.984038811692931, 7.529291600022413, 8.05115584456981, 8.547815991727933, 9.01736996184569, 9.457831165966175, 9.867234397838995, 10.24393783453698, 10.586689244891202, 10.894625210706993, 11.167272643401702, 11.404474609454915, 11.605940357317603, 11.770989648933206, 11.898545348433567, 11.987132408708442, 12.034886637717937, 12.040054157653845, 12.00241813118377, 11.923615898664469, 11.807139626483776, 11.658335645266034, 11.483963954859894, 11.287933959309681, 11.06796757312128, 10.815466651485607, 10.515514577736866, 10.147006746582226, 9.687083511654018, 9.11977666945631, 8.437545123104652, 7.641276732608813, 6.740286482038831, 5.75097437843398, 4.692631310098886, 3.5874597753768604, 2.460631714870921, 1.3402948734822386, 0.25750639744245923, -0.757182963468748, -1.683123825089089, -2.5116222421072796, -3.245941295529569, -3.9012995194561997, -4.5027287507555, -5.0736537143647915, -5.630448958485028, -6.182291353760462, -6.731156372090055, -7.271970516947226, -7.796360515010859, -8.297303071410298, -8.769574284581019, -9.209751376526079, -9.616210949638333, -9.98883018071882, -10.327784959607753, -10.633251851737617, -10.905407422540904, -11.1444282374501, -11.350490256380496, -11.502170165545495, -11.600342069738161]}