{"currents": [6.039411528035999e-07, 6.039411528035998e-07, 6.039411528035999e-07, 5.497677950188518e-07, 5.497677950188518e-07, 6.039411528035999e-07, 6.310298107564449e-07, 6.852031685411929e-07, 7.664612028747797e-07, 7.935458794236183e-07, 7.935458794236183e-07, 8.47719213925302e-07, 8.47719213925302e-07, 8.206345373764634e-07, 8.477231953293085e-07, 9.018965298309923e-07, 8.477231953293085e-07, 9.56069864332676e-07, 9.56069864332676e-07, 9.018965298309923e-07, 8.748078718781472e-07, 9.289812063798309e-07, 8.206345373764634e-07, 8.47719213925302e-07, 8.748038904741407e-07, 8.47719213925302e-07, 7.664572214707732e-07, 7.664572214707732e-07, 7.393725449219346e-07, 7.12287868373096e-07, 7.664612028747797e-07, 7.935498608276248e-07, 7.393765030428768e-07, 6.852031452581287e-07, 6.852031452581286e-07, 6.310298107564449e-07, 5.497678183019161e-07, 5.226791836321354e-07, 4.685058724135161e-07, 4.4141721446067104e-07, 3.3307054545730353e-07, 3.0598586890846496e-07, 2.7890119235962634e-07, 2.7890119235962634e-07, 1.97643181309104e-07, 1.434698235243559e-07, 1.434698235243559e-07, 1.434698235243559e-07, 1.7055450007319452e-07, 1.1638114228844643e-07, 1.1638114228844643e-07, 1.1638114228844644e-07, 1.1638114228844644e-07, 6.220778450369835e-08, 1.1638114228844644e-07, 1.7055450007319452e-07, 1.1638114228844643e-07, 1.1638114228844644e-07, 8.929646573960782e-08, 3.5123107954859746e-08, -1.9050249829888344e-08, -1.9050249829888344e-08, -1.9050249829888344e-08, -1.9050249829888347e-08, -1.9050249829888344e-08, -1.9050249829888344e-08, 3.512310795485973e-08, -1.9050249829888347e-08, -1.9050249829888344e-08, -1.9050249829888344e-08, -1.9050249829888344e-08, -7.322360761463642e-08, -7.322360761463642e-08, -7.322360761463642e-08, -7.322360761463642e-08, -7.322360761463642e-08, -7.322360761463642e-08, -1.9050249829888344e-08, 3.512310795485973e-08, 3.512310795485973e-08, 8.929646573960782e-08, 1.1638114228844643e-07, 1.1638114228844644e-07, 1.1638114228844643e-07, 1.9763917662203314e-07, 2.2472385317087176e-07, 1.9763917662203314e-07, 1.9763917662203314e-07, 1.9763917662203314e-07, 1.7055450007319452e-07, 1.434698235243559e-07, 2.518164925277233e-07, 3.059898037463427e-07, 3.330744802951813e-07, 3.872477915138006e-07, 4.4142110273241993e-07, 4.685058025643229e-07, 4.6850580256432297e-07, 5.497677950188518e-07, 6.039411528035999e-07], "voltages": [1.620348358154297, 1.8198303222656251, 2.010244750976563, 2.1812259674072267, 2.34055233001709, 2.4895193099975588, 2.634598541259766, 2.770612335205078, 2.891083717346192, 3.0063703536987307, 3.1112926483154304, 3.1967882156372074, 3.2732130050659185, 3.341864204406739, 3.393679428100586, 3.4299524307250975, 3.4597419738769535, 3.4688159942626955, 3.4688159942626955, 3.455859184265137, 3.4312461853027347, 3.3897985458374027, 3.343159675598145, 3.275803947448731, 3.1980855941772464, 3.1112962722778326, 3.0115505218505865, 2.8975610733032227, 2.7757974624633794, 2.643671417236328, 2.497301483154297, 2.343157958984375, 2.1851234436035156, 2.019317054748535, 1.8418558120727542, 1.659210014343262, 1.471381187438965, 1.2757837295532226, 1.0737077713012697, 0.8716337203979493, 0.6669637680053712, 0.45841274261474607, 0.24856643676757817, 0.038721847534179676, -0.17112789154052738, -0.37838516235351566, -0.5830482482910156, -0.7864160537719727, -0.9871913909912109, -1.1814952850341798, -1.3732049942016602, -1.5571428298950196, -1.7358993530273439, -1.9055917739868165, -2.071391487121582, -2.2242380142211915, -2.3706144332885746, -2.507920074462891, -2.6296834945678715, -2.743676567077637, -2.8486021041870115, -2.9405710220336916, -3.019586563110352, -3.089534759521485, -3.141348266601563, -3.1840944290161133, -3.2125885009765627, -3.2268405914306637, -3.2294313430786135, -3.21906852722168, -3.193161773681641, -3.156895828247071, -3.1063777923583986, -3.0442016601562503, -2.9690721511840823, -2.8835798263549806, -2.7851341247558596, -2.677617835998535, -2.5571481704711916, -2.4276145935058593, -2.2877149581909184, -2.1374542236328127, -1.9768323898315432, -1.8097339630126954, -1.6348583221435549, -1.4535093307495117, -1.2643918991088867, -1.07138671875, -0.8719047546386719, -0.6685386657714844, -0.4612865447998047, -0.25402584075927737, -0.04547328948974609, 0.1630777359008789, 0.3729257583618164, 0.5801830291748047, 0.7861433029174805, 0.9908065795898438, 1.2045419692993165, 1.4130945205688477]}