{"currents": [1.616507796570659e-05, 2.527535390108824e-05, 3.438562983646989e-05, 2.9830827750265602e-05, 2.9830827750265602e-05, 3.894110368564725e-05, 3.438562983646989e-05, 2.5275353901088242e-05, 3.438562983646989e-05, 4.3495904747396715e-05, 4.805070692673326e-05, 6.171645568683744e-05, 7.082673162221908e-05, 7.082673162221908e-05, 6.171645671129226e-05, 5.716165453195571e-05, 4.80513796210289e-05, 5.7161654531955725e-05, 5.7161654531955725e-05, 5.716165453195571e-05, 5.716165453195571e-05, 6.171645671129226e-05, 6.171645671129227e-05, 6.171645671129227e-05, 6.171645671129227e-05, 5.260618077591061e-05, 4.805137859657407e-05, 2.9830827750265602e-05, 2.9830827750265602e-05, 2.98308277502656e-05, 3.438562983646989e-05, 3.438562983646989e-05, 3.4385629836469895e-05, 3.438562983646989e-05, 3.438562983646989e-05, 3.894110368564725e-05, 2.9830827750265602e-05, 4.34959058649838e-05, 4.34959058649838e-05, 3.438562992960214e-05, 2.5275353994220497e-05, 2.52753539942205e-05, 1.1610275879502296e-05, 2.4999999441206454e-06, 2.4999999441206454e-06, 2.4999999441206454e-06, 2.4999999441206454e-06, -6.61027543246746e-06, -1.5720550809055564e-05, -3.3941102586686615e-05, -4.305137796327472e-05, -4.305137796327472e-05, -4.305137796327472e-05, -3.394110258668661e-05, -2.4830826185643673e-05, -2.9386300407350064e-05, -4.3052050005644564e-05, -4.3052050005644564e-05, -5.216232538223267e-05, -6.127260178327561e-05, -6.12726017832756e-05, -6.12726017832756e-05, -7.038287818431855e-05, -7.949315458536149e-05, -7.94931545853615e-05, -7.49376803636551e-05, -7.949248254299164e-05, -7.949248254299165e-05, -7.03822061419487e-05, -7.03822061419487e-05, -7.949248254299165e-05, -7.949248254299165e-05, -7.949248254299165e-05, -7.949248254299164e-05, -7.493768036365508e-05, -7.038287818431855e-05, -7.038287818431855e-05, -7.038287818431855e-05, -7.94931545853615e-05, -8.404795676469804e-05, -7.949248254299164e-05, -7.038220614194869e-05, -5.216165436431766e-05, -4.305137796327472e-05, -3.3941101562231775e-05, -2.9386300127953292e-05, -2.9386300127953292e-05, -2.9386300127953285e-05, -2.4831498693674802e-05, -2.0276697259396315e-05, -2.4831498693674802e-05, -3.3941775094717744e-05, -3.394177509471774e-05, -2.9386301152408122e-05, -2.48308272100985e-05, -1.5720551833510394e-05, 2.4999999441206454e-06, 2.4999999441206454e-06, 7.054802030324936e-06, 1.616507796570659e-05], "voltages": [1.2176216125488282, 1.4261741638183594, 1.6282499313354493, 1.8108905792236327, 1.9844657897949218, 2.152862930297852, 2.30959701538086, 2.458557510375977, 2.595866584777832, 2.7279941558837892, 2.8432809829711916, 2.948208236694336, 3.042770957946777, 3.128263282775879, 3.1982082366943363, 3.2590873718261726, 3.3096021652221683, 3.341989135742188, 3.3653053283691405, 3.373077392578125, 3.367895889282227, 3.349763107299805, 3.3212657928466798, 3.2733383178710938, 3.21893424987793, 3.151573371887207, 3.0673746109008793, 2.972808265686035, 2.867885780334473, 2.750009918212891, 2.6217733383178716, 2.4844675064086914, 2.3367990493774418, 2.1813587188720702, 2.016851043701172, 1.8419822692871097, 1.6632225036621098, 1.4766990661621096, 1.2849891662597657, 1.0855039596557619, 0.8860187530517578, 0.6813554763793945, 0.47409648895263673, 0.2642486572265625, 0.05699462890624998, -0.1541452407836914, -0.36398983001708984, -0.5712471008300781, -0.7759138107299806, -0.9754022598266602, -1.1735921859741212, -1.3691879272460938, -1.555716323852539, -1.7396507263183594, -1.9158132553100586, -2.082913398742676, -2.239654159545898, -2.3912086486816406, -2.531108283996582, -2.6658266067504885, -2.787588119506836, -2.8976917266845703, -2.9935499191284185, -3.0790454864501955, -3.1489936828613283, -3.2098730087280276, -3.2578022003173834, -3.295367050170899, -3.3186798095703134, -3.3290426254272463, -3.321273994445801, -3.3057300567626955, -3.2772325515747074, -3.237077140808106, -3.1826711654663087, -3.1179025650024417, -3.0362962722778324, -2.9430320739746096, -2.8355224609375003, -2.7228300094604494, -2.599771308898926, -2.4663482666015626, -2.32255916595459, -2.169706153869629, -2.0077856063842776, -1.8367994308471682, -1.660633659362793, -1.4754005432128907, -1.2849842071533204, -1.0867958068847656, -0.8860204696655274, -0.6787698745727541, -0.4715160369873047, -0.262965202331543, -0.054414558410644534, 0.15543346405029296, 0.3639894485473633, 0.5712434768676758, 0.7901571273803711, 1.0051864624023437]}