{"currents": [-0.00030088662505149845, -0.00029169306755065917, -0.00029169306755065917, -0.0002687095195055008, -0.00025491885244846346, -0.00024572529792785645, -0.00024112885892391204, -0.0002273381918668747, -0.0002181446373462677, -0.00019516108930110935, -0.00017677398025989536, -0.00015838687121868134, -0.00015379042923450471, -0.0001445968747138977, -0.0001445968747138977, -0.0001445968747138977, -0.0001445968747138977, -0.00013080620616674423, -0.00013080620616674423, -0.00010322554213926198, -7.564487811177971e-05, -4.806421408429742e-05, -2.5080664083361622e-05, 2.4999999441206454e-06, 2.4999999441206454e-06, 2.4999999441206454e-06, 2.4999999441206454e-06, 2.4999999441206454e-06, 2.4999999441206454e-06, 2.4999999441206454e-06, 2.4999999441206454e-06, 2.4999999441206454e-06, 2.4999999441206454e-06, 2.4999999441206454e-06, 1.1693554744124413e-05, 1.1693554744124413e-05, 1.1693554744124413e-05, 1.1693554744124413e-05, 1.1693554744124413e-05, -1.588710956275463e-05, -1.5887109562754626e-05, -1.5887109562754626e-05, -1.5887109562754623e-05, -1.5887109562754623e-05, -1.588710956275463e-05, -3.42742190696299e-05, -4.8064216040074826e-05, -6.645132554695009e-05, -8.483843505382538e-05, -8.483843505382538e-05, -8.483843505382538e-05, -0.00010322554409503937, -0.00011241909861564635, -0.00012161265313625336, -0.00013080620765686037, -0.00014919331669807433, -0.0001721775382757187, -0.00018137109279632569, -0.0001905646473169327, -0.00020895175635814666, -0.00022274174988269805, -0.00022274174988269805, -0.0002503224104642868, -0.00027790307104587553, -0.0002962901771068573, -0.0003100808441638946, -0.00032846795320510863, -0.00032846795320510863, -0.00033766151070594786, -0.0003422579526901245, -0.0003514515101909637, -0.0003514515101909637, -0.000360645067691803, -0.000360645067691803, -0.00037443573474884033, -0.0003836292862892151, -0.0003928228378295899, -0.00039282283782958986, -0.0003928228378295898, -0.0003928228378295898, -0.00038822572827339175, -0.00038822572827339175, -0.00040201572179794317, -0.00042040283083915713, -0.000415805721282959, -0.00041120927929878234, -0.00040661216974258424, -0.0003928221762180328, -0.0003836286187171936, -0.00037903217673301696, -0.0003836286187171936, -0.00037903217673301696, -0.00037903217673301696, -0.0003698386251926422, -0.0003698386251926422, -0.000360645067691803, -0.00034685440063476566, -0.0003284672915935517, -0.00032387017607688905, -0.0003146766185760498], "voltages": [-4.8211489677429205, -4.09660587310791, -3.3524805068969723, -2.642297554016113, -1.9255874633789065, -1.1958223342895509, -0.4634462356567382, 0.27545700073242185, 1.0104438781738283, 1.7480419158935547, 2.484334373474121, 3.202349853515625, 3.907310676574707, 4.6057439804077145, 5.28851146697998, 5.938641929626465, 6.580939674377442, 7.199738502502441, 7.784594917297364, 8.334203338623047, 8.85770206451416, 9.338119888305664, 9.788511657714844, 10.202349662780762, 10.575717735290528, 10.911226844787597, 11.208876991271973, 11.45300235748291, 11.654046821594239, 11.815926551818848, 11.932114601135254, 11.99999942779541, 12.030025672912599, 12.007832527160646, 11.946474838256837, 11.828981399536135, 11.665796279907228, 11.468668365478518, 11.22454299926758, 10.933420372009278, 10.6005220413208, 10.23629207611084, 9.817231941223145, 9.369451332092286, 8.878589820861817, 8.36422939300537, 7.808093643188476, 7.2245426177978525, 6.616187667846681, 5.979111862182618, 5.315926742553712, 4.635770034790039, 3.936031150817871, 3.220626449584961, 2.496083450317383, 1.7650129318237306, 1.0326372146606448, 0.2963449478149415, -0.4425584793090821, -1.1723234176635742, -1.900783157348633, -2.626631736755371, -3.3407310485839847, -4.0352479934692385, -4.716710186004639, -5.374673461914063, -6.009138202667236, -6.616187763214111, -7.203655147552491, -7.757180023193359, -8.279373264312744, -8.76501293182373, -9.219321060180665, -9.63577003479004, -10.01436004638672, -10.351174545288085, -10.648824691772461, -10.900782775878907, -11.110965728759766, -11.278067588806152, -11.40208854675293, -11.476501083374025, -11.515665626525879, -11.494777870178224, -11.43211479187012, -11.323759651184083, -11.176240158081056, -10.981723213195801, -10.751958084106445, -10.472584533691407, -10.152741241455079, -9.792427825927735, -9.387728118896485, -8.943863868713379, -8.471279048919678, -7.960835266113282, -7.417754459381104, -6.845952892303467, -6.198433589935303, -5.519582366943359]}