{"currents": [7.054801937192678e-06, 1.1610275879502296e-05, 2.0720551814883946e-05, 2.98308277502656e-05, 3.894110368564725e-05, 3.894110368564725e-05, 5.7161654531955725e-05, 6.627192944288254e-05, 7.08267316222191e-05, 7.538153380155565e-05, 8.449180871248245e-05, 7.538153380155563e-05, 7.538153380155564e-05, 7.993700653314591e-05, 8.449247926473619e-05, 9.360275566577913e-05, 0.00010271303057670594, 0.00010271303057670595, 0.0001072678327560425, 0.00011637810915708543, 9.815755784511567e-05, 9.815755784511567e-05, 9.815755784511567e-05, 9.360275566577913e-05, 8.904728144407274e-05, 9.815755635499955e-05, 0.00010726783275604248, 0.0001072678327560425, 0.0001072678327560425, 0.00010271303057670595, 0.00010271303057670595, 8.449247926473618e-05, 7.993700653314591e-05, 7.993700653314592e-05, 7.993700653314591e-05, 7.082673162221908e-05, 7.082673162221908e-05, 6.627192944288254e-05, 6.171645671129226e-05, 5.260618180036544e-05, 5.260618180036544e-05, 5.260618180036544e-05, 5.260618180036544e-05, 3.894110368564725e-05, 2.9830827750265602e-05, 1.1610276438295846e-05, 2.500000502914191e-06, -6.61027543246746e-06, -1.1165749374777078e-05, -2.0276024751365183e-05, -2.0276024751365183e-05, -2.9386300127953292e-05, -3.84965755045414e-05, -5.216165333986282e-05, -5.2161653339862826e-05, -5.2161653339862826e-05, -5.2161653339862826e-05, -6.127192974090577e-05, -5.671712756156922e-05, -5.671712756156922e-05, -5.671712756156922e-05, -6.582740396261216e-05, -8.404795527458192e-05, -8.860275745391847e-05, -0.00010226850807666779, -0.00012048906087875368, -0.0001295993372797966, -0.0001204890623688698, -0.0001204890623688698, -0.00011593358814716341, -0.00011593358814716341, -0.00011593358814716341, -0.00011593358814716341, -0.0001204890623688698, -0.00012959933876991272, -0.0001204890623688698, -0.00011137878596782686, -0.00010682398378849032, -0.00010226850956678393, -9.315823316574098e-05, -8.860343098640442e-05, -8.860343098640443e-05, -8.404795676469804e-05, -8.404795676469804e-05, -7.49376803636551e-05, -7.038220614194869e-05, -7.03822061419487e-05, -6.127192974090575e-05, -5.2161653339862826e-05, -6.127192974090577e-05, -6.127192974090575e-05, -5.2161653339862826e-05, -5.2161653339862826e-05, -5.2161653339862826e-05, -3.8496575504541394e-05, -3.8496575504541394e-05, -3.3941774070262904e-05, -2.4831498693674802e-05, -1.5721223317086693e-05, -1.116574937477708e-05], "voltages": [1.1917116165161135, 1.5168426513671873, 1.8380895614624024, 2.1282482147216797, 2.4106351852416994, 2.6839509963989254, 2.9430252075195313, 3.190437698364258, 3.430076789855957, 3.664534187316895, 3.8730869293212895, 4.072565269470216, 4.257798576354981, 4.419717407226562, 4.558320045471191, 4.6891525268554695, 4.797964286804199, 4.884751701354981, 4.958587455749512, 5.0091091156005865, 5.042781066894532, 5.055734252929689, 5.051848602294922, 5.027235412597657, 4.983192253112793, 4.918428802490235, 4.8394166946411135, 4.738380241394044, 4.615323448181153, 4.47542552947998, 4.314803886413574, 4.139926719665528, 3.9521011352539066, 3.7448471069335936, 3.5285259246826177, 3.299247932434082, 3.053133964538574, 2.7940650939941407, 2.5298149108886716, 2.2500186920166017, 1.9637491226196286, 1.6671171188354494, 1.3665988922119143, 1.0595989227294924, 0.7487146377563477, 0.4365318298339844, 0.12435226440429686, -0.1930086135864258, -0.5077770233154297, -0.816070556640625, -1.1230653762817382, -1.4261775970458985, -1.7241085052490237, -2.0155645370483395, -2.3005386352539063, -2.5777408599853517, -2.841989517211914, -3.093288040161133, -3.330332756042481, -3.56090259552002, -3.7707469940185554, -3.9676416397094734, -4.146404838562012, -4.313505172729492, -4.4547018051147464, -4.5868330001831055, -4.698235321044923, -4.794087028503418, -4.869216537475586, -4.930095863342285, -4.968955993652344, -4.989681243896484, -4.988385772705079, -4.968957328796387, -4.924919319152832, -4.860149002075195, -4.777244186401367, -4.67879695892334, -4.558329010009766, -4.423610496520997, -4.274645042419434, -4.1062513351440435, -3.9236072540283207, -3.7215347290039067, -3.509096145629883, -3.2772293090820312, -3.038887214660645, -2.7824071884155277, -2.518155097961426, -2.2383657455444337, -1.9559822082519531, -1.6606420516967773, -1.3601238250732424, -1.0544242858886719, -0.746129035949707, -0.4326576232910156, -0.11788902282714846, 0.19558582305908206, 0.5297861099243164, 0.861393928527832]}