{"currents": [3.230580128729344e-07, 8.672934956848622e-07, 1.4115289784967902e-06, 8.672534488141537e-07, 1.4114889316260816e-06, 1.6836066730320452e-06, 1.6836066730320452e-06, 2.2278822027146814e-06, 3.044275473803282e-06, 3.0442754738032817e-06, 3.5885510034859183e-06, 4.404944274574519e-06, 4.404944274574518e-06, 4.949219804257154e-06, 5.493495333939791e-06, 5.493495333939791e-06, 5.221377592533827e-06, 4.677102062851191e-06, 4.1328265331685545e-06, 4.1328265331685545e-06, 3.5885510034859183e-06, 3.5885510034859183e-06, 4.1328265331685545e-06, 4.1328265331685545e-06, 3.5885510034859183e-06, 4.1328265331685545e-06, 3.5885510034859183e-06, 3.5885510034859183e-06, 4.1328265331685545e-06, 4.677102062851191e-06, 4.1328265331685545e-06, 4.1328265331685545e-06, 3.588551003485918e-06, 2.500039990991354e-06, 2.500039990991354e-06, 2.500039990991354e-06, 2.500039990991354e-06, 2.7721977792680266e-06, 3.3164332620799543e-06, 2.7721577323973176e-06, 2.7721577323973176e-06, 2.500039990991354e-06, 1.683646719902754e-06, 5.951357074081898e-07, -4.933753050863742e-07, -1.037610787898302e-06, -1.0376107878983022e-06, -1.037610787898302e-06, -4.933352582156658e-07, 5.0940271466970463e-08, 5.0940271466970463e-08, -1.309728529304266e-06, -1.5818863175809385e-06, -1.8540441058576109e-06, -1.8540441058576107e-06, -1.8540441058576107e-06, -1.3097685761749742e-06, -1.5818863175809383e-06, -1.8540040589869023e-06, -2.3982795886695385e-06, -3.486830648034811e-06, -2.942555118352175e-06, -3.2146728597581388e-06, -3.2146728597581388e-06, -3.2146728597581383e-06, -2.670397330075502e-06, -3.7589483894407746e-06, -3.4868306480348114e-06, -3.758948389440775e-06, -4.303223919123412e-06, -4.303223919123412e-06, -3.7589483894407746e-06, -4.031066130846739e-06, -3.758948389440775e-06, -3.7589483894407746e-06, -3.758948389440775e-06, -4.303223919123411e-06, -4.303223919123412e-06, -3.758948389440775e-06, -3.2146728597581388e-06, -2.6703973300755025e-06, -2.126121800392866e-06, -1.8540040589869023e-06, -1.8540040589869023e-06, -1.8540040589869023e-06, -2.3982795886695385e-06, -1.8540040589869023e-06, -1.8540040589869023e-06, -1.8540040589869023e-06, -1.309728529304266e-06, -7.654529996216296e-07, -7.654529996216296e-07, -7.654529996216297e-07, -7.654529996216296e-07, -7.654529996216296e-07, -7.654529996216296e-07, -7.654529996216296e-07, -2.2117746993899346e-07, 5.0940271466970463e-08, 5.0940271466970463e-08], "voltages": [0.8873050689697266, 1.1023309707641602, 1.3121755599975586, 1.5051809310913087, 1.6917095184326174, 1.8678754806518558, 2.0427459716796874, 2.205958366394043, 2.358808135986328, 2.505181312561035, 2.6437820434570316, 2.7694295883178714, 2.8860099792480467, 2.9935228347778318, 3.088082122802734, 3.1683933258056642, 3.2357507705688477, 3.2901550292968755, 3.33160572052002, 3.3613985061645515, 3.379533004760743, 3.382123947143555, 3.373056221008301, 3.3523309707641604, 3.3173568725585945, 3.268134117126465, 3.208548736572266, 3.1373054504394533, 3.0492223739624027, 2.952072143554688, 2.8432640075683597, 2.7240928649902343, 2.5919685363769536, 2.454662895202637, 2.303108596801758, 2.1424867630004885, 1.9740930557250977, 1.8018131256103518, 1.6152847290039063, 1.4261655807495117, 1.234455680847168, 1.0375642776489258, 0.8341964721679689, 0.6321239471435547, 0.42746067047119146, 0.21891136169433595, 0.010362243652343714, -0.1994823455810547, -0.40803165435791017, -0.6178762435913085, -0.8238348007202149, -1.0246118545532226, -1.2227983474731445, -1.414508056640625, -1.6010366439819337, -1.7823837280273438, -1.955958938598633, -2.120466613769531, -2.278497886657715, -2.4235754013061523, -2.55829029083252, -2.6852334976196293, -2.803109359741211, -2.9080316543579103, -3.0038866043090824, -3.0893789291381837, -3.1619174957275393, -3.2202075958251957, -3.2629537582397465, -3.2940418243408205, -3.3121765136718753, -3.317358016967774, -3.3108812332153326, -3.294041633605957, -3.2603628158569338, -3.2163213729858398, -3.1567358016967773, -3.0841970443725586, -3.003886413574219, -2.9106222152709966, -2.8044046401977543, -2.6891197204589847, -2.5621767044067387, -2.4222803115844727, -2.274612045288086, -2.1165809631347656, -1.9507780075073244, -1.7759075164794924, -1.5971509933471681, -1.413213157653809, -1.218912696838379, -1.020726203918457, -0.8186536788940431, -0.6126951217651366, -0.4028505325317383, -0.19430122375488285, 0.01295280456542966, 0.22279739379882812, 0.4468906402587891, 0.6670978546142579]}