{"currents": [-1.5052695572376253e-05, -1.4778454229235652e-05, -1.4778454229235652e-05, -1.3681408390402796e-05, -1.2858644127845767e-05, -1.231012120842934e-05, -1.231012120842934e-05, -1.176159828901291e-05, -1.176159828901291e-05, -1.1761598289012912e-05, -1.1761598289012912e-05, -1.0664552077651025e-05, -9.841747488826515e-06, -9.841747488826515e-06, -9.841747488826515e-06, -9.293224196881057e-06, -9.293224196881057e-06, -9.56750549376011e-06, -9.018982201814651e-06, -8.196177612990141e-06, -7.921896316111088e-06, -7.921896316111087e-06, -7.373373489826918e-06, -6.824850663542747e-06, -6.55060913413763e-06, -6.276367604732513e-06, -6.00208630785346e-06, -5.7278048247098925e-06, -6.00204635411501e-06, -5.453523341566324e-06, -5.453523341566324e-06, -4.630758799612522e-06, -4.356517270207404e-06, -4.082275740802288e-06, -4.630798753350973e-06, -4.90504028275609e-06, -5.453563295304775e-06, -6.276327837258578e-06, -6.824850663542747e-06, -6.824850663542747e-06, -6.55060913413763e-06, -7.099131960421801e-06, -6.824890431016683e-06, -6.824890431016683e-06, -7.373413257300854e-06, -7.921936083585025e-06, -7.921936083585025e-06, -8.196177612990141e-06, -8.196177612990141e-06, -8.196177612990141e-06, -8.196177612990141e-06, -8.744700904935599e-06, -1.0116028413176537e-05, -1.0664551705121995e-05, -1.1213074997067453e-05, -1.1761598289012912e-05, -1.1761598289012912e-05, -1.1487316712737084e-05, -1.1761558055877686e-05, -1.2858603894710542e-05, -1.2858603894710542e-05, -1.3955649733543397e-05, -1.4229931309819223e-05, -1.450421288609505e-05, -1.450421288609505e-05, -1.5052735805511477e-05, -1.450421288609505e-05, -1.5052735805511477e-05, -1.5601258724927904e-05, -1.5601258724927904e-05, -1.6149781644344333e-05, -1.669830456376076e-05, -1.6424022987484933e-05, -1.6698264703154566e-05, -1.6972506418824196e-05, -1.69725064188242e-05, -1.6972506418824196e-05, -1.7246787995100022e-05, -1.697254627943039e-05, -1.697254627943039e-05, -1.7521069198846818e-05, -1.8069592118263247e-05, -1.8069592118263247e-05, -1.8069592118263247e-05, -1.7246827483177185e-05, -1.669830456376076e-05, -1.6149781644344333e-05, -1.6149781644344333e-05, -1.6424023360013963e-05, -1.7246787995100022e-05, -1.7521029710769656e-05, -1.6972506791353227e-05, -1.7521029710769656e-05, -1.7521029710769656e-05, -1.7246787995100022e-05, -1.697254627943039e-05, -1.724678762257099e-05, -1.6149741783738137e-05, -1.5875500068068503e-05, -1.560121849179268e-05], "voltages": [-2.0639686584472656, -1.7624019622802736, -1.4516971588134766, -1.1527416229248049, -0.8498695373535157, -0.5417755126953125, -0.2310705184936524, 0.0796344757080078, 0.38903408050537114, 0.7010446548461915, 1.0117496490478517, 1.3159271240234376, 1.6161880493164062, 1.9138381958007813, 2.2049610137939455, 2.484334182739258, 2.7571802139282227, 3.018277168273926, 3.268929672241211, 3.505221939086914, 3.7310705184936523, 3.942558479309082, 4.1383808135986335, 4.317231941223145, 4.475195503234863, 4.62010440826416, 4.746736526489258, 4.857702445983887, 4.9490861892700195, 5.018276596069336, 5.07049560546875, 5.1057435989379885, 5.116187477111817, 5.112271308898926, 5.09268913269043, 5.04960823059082, 4.986945152282715, 4.907310485839844, 4.805482673645019, 4.687989234924316, 4.5509138107299805, 4.395561218261719, 4.225848770141602, 4.040470123291016, 3.838120079040527, 3.6201042175292963, 3.387728118896484, 3.1436025619506838, 2.8864225387573246, 2.618798637390137, 2.3407308578491213, 2.0548301696777345, 1.7610965728759767, 1.4608354568481448, 1.1566579818725589, 0.8498693466186523, 0.5417753219604492, 0.2310703277587891, -0.08094005584716796, -0.39033946990966795, -0.699738883972168, -1.0052219390869142, -1.3041774749755861, -1.599216651916504, -1.889033889770508, -2.1671018600463867, -2.4412532806396485, -2.703655242919922, -2.9543079376220702, -3.1958223342895504, -3.4216707229614256, -3.630547904968262, -3.8342033386230474, -4.014360046386719, -4.173629188537598, -4.321148872375488, -4.446475219726563, -4.552219390869141, -4.64751968383789, -4.7245429992675785, -4.7832897186279295, -4.825065231323242, -4.844647407531738, -4.843341827392578, -4.8224540710449215, -4.780678558349609, -4.723237228393555, -4.644908332824707, -4.5469972610473635, -4.432114791870117, -4.297650146484375, -4.148825073242188, -3.981723213195801, -3.798955535888672, -3.600522041320801, -3.385117340087891, -3.1540470123291016, -2.9112270355224608, -2.638381004333496, -2.35378589630127]}