{"currents": [-1.477845422923565e-05, -1.4504172652959824e-05, -1.4229931309819223e-05, -1.3681408390402796e-05, -1.3681408390402796e-05, -1.2858603894710542e-05, -1.2584362551569941e-05, -1.2035839632153514e-05, -1.2035839632153514e-05, -1.0938793420791628e-05, -1.0938793420791626e-05, -1.0938793420791628e-05, -1.0938793420791628e-05, -1.039027012884617e-05, -1.0664511844515802e-05, -1.0390270501375199e-05, -1.0390270501375199e-05, -9.841747209429743e-06, -1.0115988925099374e-05, -9.567465912550689e-06, -9.567465912550689e-06, -9.01894262060523e-06, -9.567465912550689e-06, -9.567465912550689e-06, -9.841747209429741e-06, -9.293223917484283e-06, -9.567465633153917e-06, -9.018942341208459e-06, -8.744700625538827e-06, -9.293223917484285e-06, -9.018942620605232e-06, -8.744700904935599e-06, -8.470419608056545e-06, -8.470419608056545e-06, -7.921896316111088e-06, -8.196177612990141e-06, -8.196177612990141e-06, -8.470458909869193e-06, -8.470458909869193e-06, -8.470458909869193e-06, -8.470458909869193e-06, -8.470458909869193e-06, -9.018982201814651e-06, -9.018982201814651e-06, -9.018982201814651e-06, -9.018982201814651e-06, -9.018982201814651e-06, -8.470458909869193e-06, -8.470458909869193e-06, -9.018982201814651e-06, -9.293223917484283e-06, -9.293223917484283e-06, -9.293223917484283e-06, -9.841747209429743e-06, -9.841747209429743e-06, -1.0116028785705567e-05, -1.0116028785705567e-05, -1.0664552077651025e-05, -1.0664552077651025e-05, -1.0664552077651025e-05, -1.0664552077651025e-05, -1.1213075369596483e-05, -1.176159828901291e-05, -1.176159828901291e-05, -1.176159828901291e-05, -1.231012120842934e-05, -1.2584362551569941e-05, -1.2584362551569941e-05, -1.2858603894710542e-05, -1.340712681412697e-05, -1.340712681412697e-05, -1.4229931309819223e-05, -1.477845422923565e-05, -1.5052735805511477e-05, -1.5601258724927904e-05, -1.5875500068068507e-05, -1.532697714865208e-05, -1.532697714865208e-05, -1.532697714865208e-05, -1.5052695572376255e-05, -1.5326977148652078e-05, -1.5875500068068507e-05, -1.5875500068068507e-05, -1.6698264703154566e-05, -1.6424023360013963e-05, -1.6149741783738137e-05, -1.6149741783738137e-05, -1.6149741783738137e-05, -1.532697714865208e-05, -1.560121849179268e-05, -1.532697714865208e-05, -1.4778454229235652e-05, -1.4229931309819223e-05, -1.4229931309819223e-05, -1.3955689966678622e-05, -1.3955689966678622e-05, -1.3955689966678622e-05, -1.4229931309819223e-05, -1.4229931309819225e-05, -1.4229931309819223e-05], "voltages": [-1.5469972610473635, -1.3537858963012694, -1.1514360427856445, -0.9543081283569336, -0.7532636642456054, -0.5509140014648438, -0.34464759826660163, -0.13838119506835939, 0.06919059753417969, 0.2741514205932617, 0.4804178237915039, 0.6866842269897461, 0.8929504394531251, 1.0939949035644532, 1.289817237854004, 1.4791122436523436, 1.6657962799072266, 1.8394254684448241, 2.013054656982422, 2.1814619064331056, 2.3407308578491213, 2.4882505416870115, 2.634464645385742, 2.765012741088867, 2.8851171493530274, 2.99477767944336, 3.093994140625, 3.1762395858764654, 3.248041343688965, 3.3107048034667974, 3.359007835388184, 3.3942560195922855, 3.4177547454833985, 3.430809783935547, 3.4268930435180662, 3.409921646118164, 3.3825065612792966, 3.3433420181274416, 3.2885114669799806, 3.2206266403198245, 3.1449087142944334, 3.0509138107299805, 2.949086380004883, 2.83289852142334, 2.7075719833374023, 2.5718017578125, 2.4308095932006832, 2.276762390136719, 2.1161880493164062, 1.9477807998657226, 1.7715404510498047, 1.5835508346557616, 1.392950439453125, 1.1997388839721679, 1.001305389404297, 0.7989557266235352, 0.5953004837036133, 0.38903408050537114, 0.17754573822021483, -0.03133144378662111, -0.23759784698486328, -0.4412532806396484, -0.6436031341552735, -0.8420364379882813, -1.0404699325561524, -1.2310705184936523, -1.417754554748535, -1.5979112625122072, -1.771540641784668, -1.9373369216918948, -2.099216651916504, -2.2467361450195313, -2.389033699035645, -2.5208873748779297, -2.6396863937377932, -2.7519580841064455, -2.853785896301269, -2.939947700500489, -3.013054656982422, -3.0770233154296878, -3.125326156616211, -3.1644905090332034, -3.1906002044677733, -3.2062662124633787, -3.206266212463379, -3.194516944885254, -3.1671018600463867, -3.1279375076293947, -3.075718116760254, -3.011749458312988, -2.934725761413574, -2.8472583770751956, -2.750652503967285, -2.64099178314209, -2.5182764053344724, -2.3864227294921876, -2.242819595336914, -2.090078163146973, -1.917754554748535, -1.7375978469848632]}