{"currents": [-0.00022733818888664246, -0.00022733818888664246, -0.00022274174988269805, -0.00023193530440330506, -0.00023193530440330506, -0.00022274174988269808, -0.00022274174988269805, -0.0002181446373462677, -0.00021354752480983737, -0.00020435397028923036, -0.00021354752480983737, -0.00020895108580589296, -0.00019975753128528595, -0.00019056397676467894, -0.0001859668642282486, -0.0001767733097076416, -0.0001675797551870346, -0.00016757975518703463, -0.00017217686772346498, -0.00016298331171274184, -0.0001629833117127419, -0.00015378975719213488, -0.00014919331520795822, -0.00013999976068735124, -0.0001445968747138977, -0.00013540332019329072, -0.0001445968747138977, -0.0001445968747138977, -0.0001445968747138977, -0.0001445968747138977, -0.00013540332019329072, -0.00012620976567268374, -0.00012620976567268374, -0.00012620976567268374, -0.00012620976567268374, -0.00013999976217746735, -0.00013999976217746735, -0.00013999976217746735, -0.00013999976217746735, -0.00013999976217746735, -0.00013540332019329072, -0.00013540332019329072, -0.00013999976217746735, -0.00013999976217746735, -0.00013999976217746735, -0.00014459620416164398, -0.00014459620416164398, -0.00014459620416164398, -0.0001491926461458206, -0.00015378908812999727, -0.00015838620066642765, -0.0001675797551870346, -0.00017217686772346498, -0.00016758042573928835, -0.00017217753827571868, -0.00017217753827571868, -0.00017677398025989533, -0.00017677398025989536, -0.00018596753478050231, -0.00018596753478050231, -0.00018596753478050231, -0.0001721775382757187, -0.00018137109279632569, -0.0001905646473169327, -0.0001997582018375397, -0.00020895175635814669, -0.00022733886539936068, -0.00022733886539936068, -0.00022733886539936068, -0.00022733886539936068, -0.00023193530440330506, -0.00023653174340724944, -0.00024112818241119383, -0.00024112818241119383, -0.00024112818241119386, -0.00024112818241119383, -0.00023653174340724944, -0.00024572530090808867, -0.0002595152974128723, -0.0002687088519334793, -0.0002733059674501419, -0.0002779024064540863, -0.00027330596446990964, -0.000259515967965126, -0.00025032241344451905, -0.00025032241344451905, -0.00025491952896118165, -0.0002595159709453583, -0.0002733059674501419, -0.0002733059674501419, -0.0002733059674501419, -0.0002641124129295349, -0.0002595159709453583, -0.00025491952896118165, -0.0002641130834817886, -0.0002733066350221634, -0.0002779030740261078, -0.00027330595850944515, -0.0002549188494682312, -0.0002457252949476242], "voltages": [-1.7885118484497071, -1.6057441711425782, -1.411227035522461, -1.2232376098632813, -1.0326370239257812, -0.8342035293579102, -0.6331592559814453, -0.42950401306152347, -0.22454319000244144, -0.016971397399902347, 0.19060039520263672, 0.399477767944336, 0.604438591003418, 0.8093994140625, 1.0104436874389648, 1.2088769912719726, 1.4020885467529296, 1.5913835525512696, 1.7741512298583986, 1.9490859985351565, 2.1174934387207034, 2.2806787490844727, 2.4321147918701174, 2.574412536621094, 2.711488151550293, 2.83420352935791, 2.947780799865723, 3.0522195816040036, 3.14229793548584, 3.216710472106934, 3.2819847106933593, 3.33289852142334, 3.3720628738403318, 3.399477958679199, 3.417754936218262, 3.4190601348876957, 3.406005096435547, 3.382506561279297, 3.3472583770751956, 3.2963443756103517, 3.2349868774414063, 3.1605743408203124, 3.0718013763427736, 2.972584915161133, 2.860313415527344, 2.740208816528321, 2.6070495605468755, 2.4660572052001957, 2.3159263610839846, 2.1579627990722656, 1.9908611297607424, 1.8172319412231444, 1.6357700347900388, 1.4477806091308594, 1.2532638549804689, 1.0548303604125977, 0.8537858963012697, 0.6488250732421876, 0.44125328063964847, 0.23629245758056638, 0.027415275573730455, -0.17885093688964845, -0.3825063705444336, -0.5835508346557617, -0.7859006881713868, -0.9830286026000977, -1.1762401580810549, -1.3642295837402345, -1.549608039855957, -1.725848197937012, -1.8955612182617188, -2.0561357498168946, -2.2114883422851563, -2.3550914764404296, -2.489556312561035, -2.6135770797729494, -2.7297649383544926, -2.831592750549317, -2.9229766845703127, -3.00130558013916, -3.067885208129883, -3.1227155685424806, -3.1671018600463867, -3.195822334289551, -3.21409912109375, -3.2193210601806643, -3.208876991271973, -3.1866838455200197, -3.1514360427856447, -3.103133201599121, -3.0417755126953123, -2.9712795257568363, -2.885117530822754, -2.791122627258301, -2.6801565170288084, -2.5600521087646486, -2.4281984329223634, -2.2911228179931644, -2.1305482864379885, -1.9634466171264648]}