{"currents": [-1.1354561429470776e-06, -1.1081238277256488e-06, -1.0534552857279779e-06, -1.0534552857279779e-06, -1.0534552857279779e-06, -9.987867437303067e-07, -9.441182017326356e-07, -9.441182017326356e-07, -9.441182017326356e-07, -9.441182017326355e-07, -9.987867437303067e-07, -1.0807876009494066e-06, -1.0807876009494066e-06, -1.0261190589517354e-06, -9.714505169540645e-07, -9.714505169540645e-07, -9.441182017326356e-07, -9.441182017326355e-07, -9.714505169540645e-07, -1.0261190589517356e-06, -9.714505169540645e-07, -9.714505169540645e-07, -9.167819749563934e-07, -9.441182017326356e-07, -9.441182017326356e-07, -9.441182017326356e-07, -8.894496597349645e-07, -8.894496597349645e-07, -8.347811177372934e-07, -8.074448909610511e-07, -8.074448909610511e-07, -8.621134329587222e-07, -9.167819749563933e-07, -9.167819749563934e-07, -8.894496597349645e-07, -9.167819749563934e-07, -8.621134329587223e-07, -8.074448909610511e-07, -8.621134329587222e-07, -9.441142901778221e-07, -9.441142901778221e-07, -9.987828321754934e-07, -9.987828321754932e-07, -9.71446605399251e-07, -8.894457481801511e-07, -9.441142901778222e-07, -9.167780634015799e-07, -9.167780634015799e-07, -8.894457481801511e-07, -9.1677806340158e-07, -8.89445748180151e-07, -9.167819749563933e-07, -1.0261190589517356e-06, -1.0807876009494068e-06, -1.1901246383786202e-06, -1.19012463837862e-06, -1.2447931803762914e-06, -1.1354560963809492e-06, -1.1354560963809492e-06, -9.987867437303067e-07, -9.987867437303067e-07, -9.441182017326356e-07, -1.0261190589517356e-06, -1.0261190589517356e-06, -1.0534513741731644e-06, -1.0534513741731644e-06, -1.1081199161708356e-06, -1.0807876009494068e-06, -1.0807876009494066e-06, -1.1081238277256488e-06, -1.1354561429470776e-06, -1.1081199161708354e-06, -1.1081199161708354e-06, -1.1081199161708354e-06, -1.1627884581685066e-06, -1.1354561429470776e-06, -1.16279236972332e-06, -1.1627923697233198e-06, -1.1901246849447488e-06, -1.1627884581685066e-06, -1.1627884581685066e-06, -1.1354522313922644e-06, -1.1354522313922644e-06, -1.1627884581685066e-06, -1.1354561429470776e-06, -1.1354561429470778e-06, -1.16279236972332e-06, -1.1901246849447488e-06, -1.1901246849447488e-06, -1.2721254955977201e-06, -1.299457810819149e-06, -1.299457810819149e-06, -1.2994578108191491e-06, -1.299457810819149e-06, -1.2721255421638488e-06, -1.24479322694242e-06, -1.2174570001661776e-06, -1.24479322694242e-06, -1.1901246849447488e-06, -1.1354561429470778e-06], "voltages": [-0.4503913879394531, -0.3785896301269531, -0.30678806304931644, -0.23629207611083985, -0.16318511962890625, -0.09007816314697267, -0.015665626525878912, 0.05874691009521485, 0.13446502685546877, 0.21018314361572266, 0.28851222991943365, 0.3642301559448242, 0.43994808197021484, 0.5143606185913087, 0.5874675750732422, 0.6579635620117187, 0.7271541595458985, 0.7950393676757812, 0.8577024459838868, 0.9190601348876954, 0.97650146484375, 1.0326372146606446, 1.083551025390625, 1.1344648361206053, 1.1788513183593752, 1.2180156707763672, 1.2532636642456056, 1.2859006881713868, 1.3120103836059571, 1.3368144989013673, 1.3577022552490234, 1.3733680725097657, 1.3838119506835938, 1.389033889770508, 1.386422920227051, 1.383811950683594, 1.372062683105469, 1.3563968658447267, 1.3394256591796878, 1.317232322692871, 1.2885116577148439, 1.2584856033325196, 1.2219322204589844, 1.1801567077636719, 1.1370759963989259, 1.0900785446166994, 1.0378589630126953, 0.9830286026000977, 0.9242818832397461, 0.8629240036010742, 0.7976499557495117, 0.7323759078979492, 0.6644908905029296, 0.5939949035644532, 0.5208879470825195, 0.447780990600586, 0.37336845397949225, 0.2976503372192383, 0.22193222045898436, 0.14751968383789063, 0.07180156707763673, -0.005221939086914058, -0.0796344757080078, -0.1527414321899414, -0.22715396881103517, -0.30026092529296877, -0.3681459426879883, -0.4347255706787109, -0.49999980926513676, -0.5613574981689453, -0.6174934387207032, -0.673629379272461, -0.7258487701416017, -0.7728462219238281, -0.8185380935668947, -0.8590078353881837, -0.8968666076660158, -0.9308090209960939, -0.9608350753784181, -0.9843338012695313, -1.0052215576171877, -1.0208875656127931, -1.0313314437866212, -1.0365533828735352, -1.037858772277832, -1.0365533828735352, -1.028720283508301, -1.016971015930176, -0.9999996185302734, -0.9778064727783203, -0.95169677734375, -0.9190597534179688, -0.8825063705444336, -0.8433420181274414, -0.797650146484375, -0.7493473052978517, -0.6997390747070313, -0.6436031341552736, -0.5809398651123047, -0.518276596069336]}