{"currents": [5.497677950188518e-07, 6.310297874733806e-07, 6.310297874733806e-07, 6.852031452581286e-07, 7.393765030428767e-07, 6.852031685411929e-07, 7.393765030428767e-07, 7.393765030428768e-07, 7.664611795917154e-07, 8.20634514093399e-07, 8.20634514093399e-07, 7.935458561405539e-07, 9.018925484269858e-07, 9.289812063798309e-07, 9.289812063798309e-07, 9.831545408815146e-07, 1.0102431988343597e-06, 1.0102431988343597e-06, 9.56069864332676e-07, 9.56069864332676e-07, 9.56069864332676e-07, 9.56069864332676e-07, 9.56069864332676e-07, 1.0102431988343597e-06, 1.0644165333360435e-06, 1.0644165333360435e-06, 1.0102431988343597e-06, 1.0102431988343597e-06, 9.831545408815146e-07, 8.748078718781472e-07, 8.748078718781472e-07, 8.748078718781472e-07, 8.206345373764634e-07, 7.935498608276248e-07, 7.935498608276248e-07, 7.393765263259411e-07, 7.393765263259411e-07, 7.393765263259411e-07, 7.393765263259411e-07, 6.85203168541193e-07, 6.581145105883479e-07, 6.310258526355028e-07, 5.768524948507548e-07, 5.226791370660066e-07, 5.226791370660066e-07, 4.955944372341037e-07, 4.4142110273242e-07, 3.8724779151380067e-07, 3.330744802951813e-07, 2.78901169076562e-07, 2.247278578579426e-07, 1.97643181309104e-07, 1.97643181309104e-07, 1.97643181309104e-07, 1.434698235243559e-07, 1.7055450007319452e-07, 1.1638114228844643e-07, 1.1638114228844644e-07, 6.220778450369837e-08, 8.929246105253699e-08, -1.905420795083046e-08, -4.6142842620611195e-08, -1.2740483507514e-07, -1.5449346974492073e-07, -2.3575145751237872e-07, -2.6283613406121734e-07, -3.1700949184596543e-07, -3.711828496307135e-07, -3.711828496307135e-07, -3.711828496307135e-07, -3.711828496307135e-07, -3.1700949184596543e-07, -2.8992081061005596e-07, -2.8992081061005596e-07, -2.357474993914366e-07, -2.357474993914366e-07, -3.170055337250233e-07, -2.899208571761847e-07, -3.170055337250233e-07, -3.4409416839480405e-07, -3.1700949184596543e-07, -1.5448946505784988e-07, -1.2740083038806916e-07, -7.32275191694498e-08, -4.613888449966908e-08, -1.9050249829888344e-08, -7.322360761463642e-08, -1.9050249829888344e-08, -1.9050249829888347e-08, 3.512310795485973e-08, 8.929646573960781e-08, 1.9764313474297524e-07, 1.9764313474297527e-07, 2.5181649252772336e-07, 3.059898037463427e-07, 3.330744802951813e-07, 3.059858456254006e-07, 3.601591568440199e-07, 4.1433246806263924e-07, 4.1433246806263924e-07], "voltages": [1.3781171798706056, 1.7032516479492188, 2.0219045639038087, 2.3094724655151366, 2.5879730224609374, 2.8586950302124023, 3.115175247192383, 3.361289215087891, 3.5957469940185547, 3.8159578323364256, 4.020620918273925, 4.211033630371094, 4.388501358032227, 4.543943595886231, 4.686430549621582, 4.809490966796876, 4.914414787292481, 4.9960210800170906, 5.067261123657227, 5.116484069824219, 5.148867416381837, 5.16182098388672, 5.152753829956056, 5.1229642868042, 5.065972518920899, 4.990843200683594, 4.902756690979004, 4.7965387344360355, 4.667003631591797, 4.532281875610352, 4.374250793457032, 4.195494461059571, 4.003781318664551, 3.7978208541870115, 3.5711370468139645, 3.336677551269531, 3.085382270812988, 2.822429084777832, 2.5504085540771486, 2.2693170547485355, 1.9791601181030274, 1.6825263977050784, 1.3794141769409183, 1.0711206436157228, 0.7602399826049805, 0.44547138214111337, 0.13199653625488283, -0.1788877487182617, -0.49236259460449217, -0.8058374404907227, -1.1115402221679689, -1.4146509170532227, -1.7151689529418945, -2.0027338027954102, -2.2825300216674806, -2.554549026489258, -2.8149150848388675, -3.0623243331909182, -3.3006696701049805, -3.522170448303223, -3.728135681152344, -3.921142387390137, -4.094722557067872, -4.254050445556641, -4.397838020324707, -4.52348747253418, -4.62970848083496, -4.720385360717773, -4.790333557128906, -4.8421470642089846, -4.873235130310059, -4.884889793395996, -4.878411483764649, -4.849914169311524, -4.798097229003907, -4.730739784240723, -4.647843360900879, -4.54551010131836, -4.426340866088868, -4.29033203125, -4.136185264587403, -3.962600135803223, -3.7721839904785157, -3.5662220001220706, -3.3473085403442386, -3.115441513061523, -2.870626068115235, -2.614146041870118, -2.3447160720825195, -2.0649200439453126, -1.7773519515991212, -1.480713081359863, -1.1776042938232423, -0.8719015121459961, -0.5623126983642578, -0.25013484954833987, 0.06463031768798828, 0.37810516357421875, 0.7148962020874023, 1.049093246459961]}