{"currents": [4.4142110273241993e-07, 4.1433642618358136e-07, 4.1433642618358136e-07, 3.872477915138006e-07, 3.872477915138006e-07, 3.872477915138006e-07, 4.4142110273241993e-07, 4.4142110273241993e-07, 5.226830951869487e-07, 4.95594460517168e-07, 4.95594460517168e-07, 4.95594460517168e-07, 4.95594460517168e-07, 4.4142110273241993e-07, 4.685097374022007e-07, 4.955944372341037e-07, 4.955944372341037e-07, 4.955944372341037e-07, 5.497677950188518e-07, 5.497677950188518e-07, 5.226830951869487e-07, 5.768564529716969e-07, 5.768564529716969e-07, 5.226830951869487e-07, 5.226830951869487e-07, 5.226830951869487e-07, 4.685097374022007e-07, 4.685097374022007e-07, 4.1433642618358136e-07, 3.6016311496496205e-07, 3.87247814796865e-07, 4.414211725816131e-07, 4.4142117258161306e-07, 4.955944838002324e-07, 6.039411528035998e-07, 5.768564529716969e-07, 5.768564529716969e-07, 5.768564529716969e-07, 5.768564529716969e-07, 4.95594460517168e-07, 5.497678183019162e-07, 4.95594460517168e-07, 4.95594460517168e-07, 4.95594460517168e-07, 4.143364261835813e-07, 3.601630683988333e-07, 3.0598975718021396e-07, 2.789011225104332e-07, 2.518124878406525e-07, 3.059858456254006e-07, 2.7889721095561985e-07, 2.7889721095561985e-07, 2.7889721095561985e-07, 2.5181253440678123e-07, 2.5181253440678123e-07, 2.5181253440678123e-07, 2.5181253440678123e-07, 2.247278578579426e-07, 2.247278578579426e-07, 2.247278578579426e-07, 2.518164925277233e-07, 2.518164925277233e-07, 2.5181649252772336e-07, 3.059898037463427e-07, 3.059898037463427e-07, 2.78901169076562e-07, 2.78901169076562e-07, 2.78901169076562e-07, 1.7055450007319452e-07, 1.7055450007319452e-07, 1.7055450007319452e-07, 1.1638114228844643e-07, 8.929246105253699e-08, 1.4346581883728505e-07, 1.4346581883728505e-07, 1.1638114228844643e-07, 1.9763917662203314e-07, 2.247278578579426e-07, 2.247278578579426e-07, 2.247278578579426e-07, 2.5181253440678123e-07, 2.247278578579426e-07, 2.789011690765619e-07, 2.789011690765619e-07, 2.78901169076562e-07, 2.5181649252772336e-07, 2.5181649252772336e-07, 1.97643181309104e-07, 1.97643181309104e-07, 1.97643181309104e-07, 2.518164925277233e-07, 3.059898037463427e-07, 3.330744802951813e-07, 3.601591568440199e-07, 3.601591568440199e-07, 3.601591568440199e-07, 3.3307052217423917e-07, 3.601591568440199e-07, 3.872477915138006e-07, 4.4142110273241993e-07], "voltages": [0.31593399047851567, 0.3949478149414063, 0.47396335601806644, 0.545205307006836, 0.6190395355224609, 0.6889877319335939, 0.7563486099243164, 0.8224107742309571, 0.8832965850830078, 0.9402898788452149, 0.9946939468383789, 1.0439167022705078, 1.0905487060546877, 1.1345869064331056, 1.1734485626220703, 1.2084245681762695, 1.2408079147338866, 1.2667146682739259, 1.2874433517456056, 1.3068735122680664, 1.3211204528808593, 1.3288959503173827, 1.332781982421875, 1.332778549194336, 1.3250064849853518, 1.314643669128418, 1.3003915786743165, 1.2783708572387695, 1.2550514221191407, 1.2265506744384767, 1.1915782928466798, 1.1527215957641603, 1.1125661849975588, 1.0659374237060548, 1.0141305923461914, 0.9610200881958009, 0.9027297973632813, 0.8405536651611328, 0.7783775329589844, 0.7149011611938476, 0.644956398010254, 0.5763002395629883, 0.5050567626953125, 0.42992725372314455, 0.3560878753662109, 0.28225021362304686, 0.20452671051025392, 0.12810020446777343, 0.05167369842529298, -0.026043128967285157, -0.1037649154663086, -0.17889442443847658, -0.25402393341064455, -0.32526912689208987, -0.3978080749511719, -0.4651655197143555, -0.5299324035644533, -0.5934057235717773, -0.6581726074218751, -0.7151674270629883, -0.7708652496337891, -0.8200880050659181, -0.8693107604980469, -0.9120534896850586, -0.9535041809082032, -0.989775276184082, -1.0260448455810547, -1.0519515991210937, -1.0739789962768556, -1.0895231246948245, -1.1037717819213868, -1.111547088623047, -1.1154346466064455, -1.1154314041137696, -1.1128406524658203, -1.1011844635009767, -1.0895212173461915, -1.0700897216796876, -1.0454782485961915, -1.0169809341430665, -0.9845956802368164, -0.9418514251708986, -0.9029878616333008, -0.855060386657715, -0.8058374404907227, -0.7553211212158204, -0.7009168624877931, -0.6387441635131835, -0.5791587829589844, -0.5143920898437501, -0.44703121185302735, -0.379670524597168, -0.30972042083740237, -0.23588428497314456, -0.1607545852661133, -0.08303432464599608, -0.004020309448242186, 0.07370147705078126, 0.15530910491943362, 0.23562316894531252]}