{"currents": [-1.2721294537186622e-06, -1.24479322694242e-06, -1.2174570001661778e-06, -1.2174570001661778e-06, -1.1081199161708354e-06, -9.987828321754932e-07, -9.714505169540645e-07, -9.441182017326356e-07, -8.894496597349644e-07, -8.894496597349645e-07, -9.441182017326356e-07, -8.894496597349645e-07, -8.347811177372933e-07, -8.621134329587223e-07, -8.621134329587223e-07, -8.074448909610511e-07, -8.621134329587222e-07, -9.167819749563933e-07, -8.894496597349644e-07, -8.894496597349645e-07, -8.894496597349645e-07, -8.347811177372934e-07, -7.801125757396222e-07, -7.801125757396222e-07, -7.801125757396222e-07, -7.801125757396222e-07, -7.527763023972512e-07, -6.9810776039958e-07, -6.981077603995801e-07, -6.70771487057209e-07, -6.70771487057209e-07, -6.981077603995801e-07, -7.254400290548802e-07, -6.981037557125092e-07, -7.254400290548802e-07, -6.981037557125092e-07, -6.981037557125092e-07, -6.981037557125092e-07, -7.254400290548802e-07, -6.981037557125092e-07, -7.801085710525513e-07, -7.527722977101803e-07, -7.801085710525513e-07, -7.801085710525513e-07, -8.074448443949224e-07, -7.527763023972513e-07, -8.347811177372933e-07, -8.347811177372933e-07, -8.074448443949223e-07, -8.621133863925935e-07, -8.621133863925935e-07, -8.074448443949224e-07, -8.621133863925935e-07, -9.441182017326356e-07, -9.167819749563933e-07, -9.714505169540645e-07, -1.0261190589517356e-06, -1.0261190589517356e-06, -1.0261190589517356e-06, -1.0807876009494066e-06, -1.1081199161708354e-06, -1.0534513741731644e-06, -9.987828321754932e-07, -9.987828321754934e-07, -9.714505169540645e-07, -9.987867437303067e-07, -1.0534552857279779e-06, -1.16279236972332e-06, -1.217460911720991e-06, -1.217460911720991e-06, -1.2174609117209912e-06, -1.2721294537186622e-06, -1.2721294537186622e-06, -1.2721294537186622e-06, -1.3814665377140046e-06, -1.3814665377140046e-06, -1.3541303109377624e-06, -1.4087988529354334e-06, -1.3814626261591911e-06, -1.3814626261591911e-06, -1.4361311681568623e-06, -1.4907996635884047e-06, -1.4361311215907335e-06, -1.518135890364647e-06, -1.4634673483669757e-06, -1.436131075024605e-06, -1.4361310750246047e-06, -1.4907996170222759e-06, -1.490799617022276e-06, -1.4907996170222759e-06, -1.4361311215907335e-06, -1.4087988529354334e-06, -1.4087988529354334e-06, -1.3541303109377622e-06, -1.4087988529354334e-06, -1.4361350797116756e-06, -1.4361350797116756e-06, -1.3814665377140044e-06, -1.3267979957163334e-06, -1.2721294537186624e-06], "voltages": [-1.4138378143310546, -1.218015480041504, -1.0156658172607422, -0.8211488723754884, -0.6253263473510743, -0.4255874633789063, -0.22193202972412113, -0.01436004638671877, 0.19190635681152346, 0.4007837295532227, 0.6096609115600586, 0.8133161544799805, 1.0169713973999024, 1.2180156707763672, 1.413838005065918, 1.6031330108642579, 1.791122627258301, 1.9712793350219726, 2.1422977447509766, 2.3093996047973633, 2.468668556213379, 2.6148826599121096, 2.755874633789063, 2.886422920227051, 3.0026107788085943, 3.109660530090332, 3.2088771820068365, 3.287206459045411, 3.357702445983887, 3.4190601348876957, 3.4660575866699217, 3.5000001907348635, 3.52480411529541, 3.5339424133300783, 3.5300260543823243, 3.5091381072998047, 3.4778064727783202, 3.433420181274414, 3.378590202331543, 3.3093994140625003, 3.2310703277587893, 3.1370756149291994, 3.032637023925781, 2.9164487838745115, 2.788511657714844, 2.652741622924805, 2.5065275192260748, 2.35378589630127, 2.187989616394043, 2.0182767868041993, 1.8407310485839843, 1.6579633712768556, 1.4660573959350585, 1.2741514205932618, 1.0744125366210937, 0.8694517135620118, 0.6605745315551759, 0.45300273895263676, 0.24543094635009768, 0.039164543151855455, -0.16710186004638672, -0.37206268310546875, -0.5757179260253906, -0.7754568099975586, -0.9738901138305665, -1.1631851196289062, -1.347258186340332, -1.5221929550170898, -1.6971277236938476, -1.8616186141967772, -2.0208873748779297, -2.1684070587158204, -2.3133157730102543, -2.4412530899047855, -2.5600519180297856, -2.669712638854981, -2.767623901367188, -2.8498691558837894, -2.924281692504883, -2.9882503509521485, -3.032636642456055, -3.0691902160644533, -3.0952999114990236, -3.1044382095336918, -3.0992162704467776, -3.0822450637817385, -3.054829788208008, -3.0130544662475587, -2.960835266113281, -2.8955612182617188, -2.822454261779785, -2.7323759078979495, -2.630548095703125, -2.5169710159301757, -2.3916446685791017, -2.255874252319336, -2.1096601486206055, -1.958224105834961, -1.7845949172973632, -1.6031328201293944]}