{"currents": [6.851991871371866e-07, 7.664611795917153e-07, 8.748078718781472e-07, 9.56069864332676e-07, 1.0373278753831983e-06, 1.091501209884882e-06, 1.226932555437088e-06, 1.2811058899387717e-06, 1.3081905664876103e-06, 1.3894525589421391e-06, 1.4707105699926615e-06, 1.5519725624471905e-06, 1.6332305734977129e-06, 1.7144925659522417e-06, 1.7686659004539255e-06, 1.8228392349556092e-06, 1.7686659004539255e-06, 1.7957545584067704e-06, 1.904101227410138e-06, 1.904101227410138e-06, 1.904101227410138e-06, 2.0124479196965697e-06, 2.0666212774813174e-06, 1.95827460847795e-06, 2.012447966262698e-06, 1.9853632897138593e-06, 1.9311899319291115e-06, 1.8228432396426799e-06, 1.7686699051409961e-06, 1.6603232128545643e-06, 1.6061498783528808e-06, 1.551976543851197e-06, 1.551976543851197e-06, 1.551976543851197e-06, 1.524887885898352e-06, 1.4707145513966682e-06, 1.3623678823933007e-06, 1.308194547891617e-06, 1.1998478788882493e-06, 1.0644165333360435e-06, 9.56069864332676e-07, 9.018965298309923e-07, 7.935498608276248e-07, 7.12287868373096e-07, 6.310258759185671e-07, 5.226792069151997e-07, 4.1433253791183237e-07, 3.601591801270843e-07, 2.2472781129181384e-07, 1.4346977695822718e-07, 8.929641917347909e-08, 8.034426718950277e-09, -1.5448555350303653e-07, -2.086588647216559e-07, -2.628321759402752e-07, -3.711788449436426e-07, -3.982635214924813e-07, -5.066101904958487e-07, -5.607835482805967e-07, -6.149569060653449e-07, -6.691302172839642e-07, -7.774768862873317e-07, -7.774768862873317e-07, -8.31650197505951e-07, -8.858235087245703e-07, -8.858235087245703e-07, -8.858235087245703e-07, -8.858235087245703e-07, -8.858235087245703e-07, -8.587388321757317e-07, -8.31654155626893e-07, -8.858275134116411e-07, -8.858275134116412e-07, -8.858275134116411e-07, -9.670855477452279e-07, -9.941702242940663e-07, -9.399968665093183e-07, -9.399968665093183e-07, -9.399968665093183e-07, -8.858235087245703e-07, -8.31650197505951e-07, -8.31650197505951e-07, -7.774768862873317e-07, -7.233035750687123e-07, -6.69130263850093e-07, -6.149569060653449e-07, -5.336989182978868e-07, -4.795255605131388e-07, -4.2535220272839076e-07, -3.711788449436427e-07, -3.170055337250233e-07, -2.3574354127049447e-07, -1.2739687226712706e-07, -1.905020326375961e-08, 1.4346977695822715e-07, 2.518164459615946e-07, 3.330744802951813e-07, 3.872477915138006e-07, 5.226791370660066e-07, 5.768524948507548e-07], "voltages": [3.3975559234619146, 4.160514259338379, 4.907930374145508, 5.5802150726318365, 6.235660362243653, 6.862606430053711, 7.464946365356446, 8.043965339660645, 8.589303779602051, 9.099671745300293, 9.573770141601562, 10.012894439697266, 10.405386543273925, 10.77326717376709, 11.088037109375, 11.36135654449463, 11.595809173583985, 11.786225318908693, 11.92483310699463, 12.02716464996338, 12.081569099426272, 12.07639446258545, 12.028470230102538, 11.937789916992188, 11.79530658721924, 11.617843437194825, 11.392451477050782, 11.121719360351564, 10.806949043273926, 10.454610633850098, 10.054348373413088, 9.628179359436036, 9.15667667388916, 8.652790641784668, 8.11651954650879, 7.5465681076049815, 6.942934226989746, 6.318578720092774, 5.665722274780274, 4.986957168579102, 4.296535873413086, 3.584097290039063, 2.8587018966674806, 2.122945785522461, 1.3871896743774415, 0.6436595916748047, -0.09987049102783208, -0.8408065795898438, -1.5752710342407228, -2.3097320556640626, -3.0351240158081056, -3.743678092956543, -4.437988662719727, -5.114157867431641, -5.769601726531983, -6.399142169952393, -7.00924768447876, -7.584383869171143, -8.128428745269776, -8.643976211547852, -9.1206636428833, -9.555903434753418, -9.954867172241212, -10.317564773559571, -10.634925651550295, -10.917308998107911, -11.155650901794434, -11.357723426818847, -11.50927791595459, -11.610312271118165, -11.666009902954102, -11.67637596130371, -11.634925270080567, -11.555909729003908, -11.427676582336426, -11.252807807922364, -11.040369224548341, -10.786483192443846, -10.480783653259278, -10.136220741271973, -9.757979202270509, -9.327927398681641, -8.864193344116211, -8.366780662536621, -7.84605188369751, -7.2877583503723145, -6.703556346893311, -6.081791400909425, -5.439301013946533, -4.7631319046020515, -4.0740093231201175, -3.370636558532715, -2.6556039810180665, -1.9276180267333987, -1.1983333587646485, -0.45091724395751953, 0.2990879058837891, 1.0452053070068361, 1.8353694915771488, 2.622937774658203]}