{"currents": [3.2305801287293434e-07, 3.2305801287293434e-07, 5.951757542788983e-07, 1.1394112370908261e-06, 5.951757542788983e-07, 5.951757542788983e-07, 1.1394112370908261e-06, 8.672934956848621e-07, 1.1394512839615345e-06, 1.6836867667734623e-06, 1.6836867667734623e-06, 1.6836867667734623e-06, 2.22792224958539e-06, 1.955764461308718e-06, 2.2279222495853904e-06, 2.772157732397318e-06, 2.22792224958539e-06, 1.1394112370908261e-06, 5.951757542788983e-07, 8.672934956848622e-07, 8.672934956848622e-07, 8.672934956848621e-07, 1.9558045081794264e-06, 1.4115289784967902e-06, 8.672534488141537e-07, 1.41152897849679e-06, 1.955764461308718e-06, 1.955764461308718e-06, 3.0442754738032817e-06, 3.0442754738032817e-06, 2.227882202714682e-06, 2.227882202714682e-06, 1.6836467199027538e-06, 1.41152897849679e-06, 1.4115289784967902e-06, 1.6836467199027538e-06, 1.6836467199027538e-06, 1.955764461308718e-06, 1.683646719902754e-06, 1.41152897849679e-06, 1.4115289784967902e-06, 1.1394112370908261e-06, 1.1394112370908261e-06, 1.41152897849679e-06, 1.1394112370908261e-06, 5.951757542788985e-07, 3.230580128729344e-07, 5.0940271466970463e-08, -2.2117746993899346e-07, -2.2117746993899346e-07, -2.2117746993899346e-07, 3.2305801287293434e-07, 5.951757542788983e-07, 5.951757542788983e-07, 5.951757542788983e-07, 3.230179660022261e-07, -2.2121751680970188e-07, -4.933352582156658e-07, -2.2121751680970188e-07, -2.2121751680970188e-07, 5.0940271466970463e-08, 5.0940271466970463e-08, 3.230580128729344e-07, -4.933352582156658e-07, -4.933352582156658e-07, -1.037610787898302e-06, -1.037610787898302e-06, -1.8540040589869023e-06, -1.309728529304266e-06, -1.8540040589869023e-06, -1.309728529304266e-06, -1.5818863175809385e-06, -1.037610787898302e-06, -1.037610787898302e-06, -4.933352582156658e-07, -4.933352582156658e-07, -4.933352582156658e-07, -4.933352582156658e-07, -1.037610787898302e-06, -1.037610787898302e-06, -1.037610787898302e-06, -7.654529996216296e-07, -7.654529996216296e-07, -2.2117746993899346e-07, -2.2117746993899346e-07, -7.654529996216297e-07, -7.654529996216296e-07, -7.654529996216296e-07, -7.654529996216296e-07, -7.654529996216296e-07, -2.2117746993899346e-07, -2.2117746993899346e-07, -2.2117746993899346e-07, -2.2117746993899346e-07, -2.2117746993899346e-07, -2.2117746993899346e-07, -2.2117746993899346e-07, -2.2117746993899346e-07, -2.2117746993899346e-07, 3.2305801287293434e-07], "voltages": [0.23445529937744142, 0.31476612091064454, 0.39378166198730474, 0.46632080078125004, 0.5375642776489259, 0.6049217224121094, 0.6722793579101562, 0.7370462417602539, 0.7966314315795899, 0.8549217224121094, 0.9106212615966797, 0.9598442077636719, 1.0064764022827148, 1.047927474975586, 1.0867874145507812, 1.1191709518432618, 1.1502588272094727, 1.1774608612060546, 1.2033674240112306, 1.2189115524291991, 1.2318649291992188, 1.2396369934082032, 1.2409322738647461, 1.2383417129516603, 1.231865119934082, 1.2189115524291991, 1.2033676147460939, 1.1813468933105469, 1.1554401397705079, 1.1269426345825195, 1.0945592880249024, 1.0544038772583009, 1.012952995300293, 0.965025520324707, 0.9145074844360352, 0.8613986968994142, 0.8031085968017578, 0.7422279357910156, 0.6813470840454101, 0.6165802001953126, 0.5479272842407227, 0.48186492919921875, 0.4106212615966797, 0.3341962814331055, 0.2603620529174805, 0.18393707275390628, 0.1049215316772461, 0.02720127105712892, -0.04922351837158204, -0.12694377899169923, -0.2020732879638672, -0.27720279693603517, -0.34844627380371096, -0.42098522186279297, -0.493524169921875, -0.5621768951416016, -0.6295345306396485, -0.6955966949462892, -0.7564773559570314, -0.8160627365112305, -0.8717622756958008, -0.9222803115844728, -0.9702077865600587, -1.0129539489746096, -1.051814079284668, -1.0854927062988282, -1.1178762435913085, -1.1450782775878907, -1.1683944702148439, -1.1839384078979494, -1.1968919754028322, -1.203368377685547, -1.208549690246582, -1.205958938598633, -1.203368377685547, -1.1955963134765626, -1.1800523757934571, -1.1593271255493165, -1.1334203720092775, -1.099741554260254, -1.0660627365112305, -1.028498077392578, -0.9844566345214844, -0.9404151916503907, -0.893783187866211, -0.8393789291381837, -0.7836793899536134, -0.7266845703125, -0.6645084381103517, -0.5971508026123047, -0.5297933578491212, -0.45854988098144533, -0.38342018127441413, -0.31088123321533206, -0.2383424758911133, -0.1632129669189453, -0.08808345794677735, -0.012953948974609376, 0.0699474334716797, 0.15155372619628907]}