{"currents": [1.1394112370908261e-06, 2.5000800378620626e-06, 3.0443155206739902e-06, 4.1328265331685545e-06, 4.949219804257155e-06, 5.493455380201341e-06, 6.037690956145526e-06, 7.126202061772348e-06, 8.214712981134655e-06, 9.031106159090997e-06, 9.575381502509117e-06, 1.0391774773597718e-05, 1.0936050117015838e-05, 1.1480325832962989e-05, 1.148032583296299e-05, 1.2024601548910143e-05, 1.2296759337186813e-05, 1.3385270535945894e-05, 1.3929506018757822e-05, 1.5018017217516901e-05, 1.529013477265835e-05, 1.5834370255470277e-05, 1.55622523277998e-05, 1.55622523277998e-05, 1.55622523277998e-05, 1.529013477265835e-05, 1.4745899289846422e-05, 1.4473781734704972e-05, 1.4473781734704972e-05, 1.3929546251893045e-05, 1.3929546251893045e-05, 1.3385270535945893e-05, 1.311311274766922e-05, 1.2024601548910141e-05, 1.148032583296299e-05, 1.0936050117015838e-05, 1.0391774773597718e-05, 1.011965684592724e-05, 9.031145926564933e-06, 9.031145926564932e-06, 8.486870583146812e-06, 7.942635007202626e-06, 6.8541240878403185e-06, 6.8541240878403185e-06, 5.221337638795376e-06, 4.1328265331685545e-06, 3.3164332620799543e-06, 2.2279222495853904e-06, 1.6836467199027538e-06, 5.951357074081898e-07, -4.933753050863743e-07, -1.8540441058576109e-06, -2.9425951652228837e-06, -4.575381707400084e-06, -5.1196572370827205e-06, -5.663932766765357e-06, -5.663932766765357e-06, -6.2081683427095416e-06, -7.296679262071848e-06, -8.385190181434156e-06, -9.473701100796461e-06, -1.0562212020158769e-05, -1.1106487363576889e-05, -1.1106487363576889e-05, -1.1106487363576889e-05, -1.1650722846388816e-05, -1.2194958329200743e-05, -1.2739193812012672e-05, -1.32834292948246e-05, -1.3827664777636529e-05, -1.3827664777636529e-05, -1.3827664777636529e-05, -1.3827664777636529e-05, -1.3827664777636529e-05, -1.3827664777636529e-05, -1.3283429294824601e-05, -1.2739193812012674e-05, -1.2194958329200745e-05, -1.2194958329200745e-05, -1.1650722846388816e-05, -1.2194958329200745e-05, -1.2739193812012672e-05, -1.2739193812012672e-05, -1.2194958329200745e-05, -1.2194958329200745e-05, -1.1106447502970696e-05, -1.0562212020158767e-05, -1.0562212020158767e-05, -1.0017936676740647e-05, -9.473661333322525e-06, -8.92942575737834e-06, -7.840914838016034e-06, -6.752403918653727e-06, -6.208168342709542e-06, -5.1196572370827205e-06, -4.575381707400084e-06, -3.7589884363114836e-06, -2.6704373769462107e-06, -1.5818863175809383e-06, -4.933753050863743e-07], "voltages": [1.3626939773559572, 2.1541444778442385, 2.9365278244018556, 3.6567350387573243, 4.362693595886231, 5.053108024597169, 5.721502113342286, 6.365284729003907, 6.987046623229982, 7.5803106307983406, 8.141191482543945, 8.673574829101563, 9.180051612854005, 9.645077514648438, 10.075129318237305, 10.465025520324708, 10.809584999084473, 11.117874908447266, 11.379533004760743, 11.589377784729006, 11.761657714843752, 11.887305450439456, 11.958548927307131, 11.990932273864747, 11.98445568084717, 11.923574829101565, 11.816061782836915, 11.67227954864502, 11.472797584533692, 11.229274177551272, 10.944300270080566, 10.613989639282227, 10.23963737487793, 9.832901573181152, 9.387305450439454, 8.902849388122558, 8.387305450439454, 7.836787223815919, 7.249999618530274, 6.641191482543946, 6.005181312561036, 5.343263816833497, 4.664507293701172, 3.965025520324707, 3.2474090576171877, 2.518134307861328, 1.782383155822754, 1.0414505004882815, 0.3018133163452149, -0.4455961227416993, -1.186528778076172, -1.9235754013061526, -2.6593265533447266, -3.380829238891602, -4.082901668548585, -4.774611473083496, -5.448186588287354, -6.090673828125, -6.709844779968263, -7.300518321990967, -7.860103797912598, -8.388601207733155, -8.891191864013672, -9.362694358825685, -9.792746353149415, -10.186528778076173, -10.538860511779786, -10.847150611877442, -11.103627586364746, -11.313472175598145, -11.489638137817384, -11.619171714782714, -11.704664039611817, -11.74611473083496, -11.753886795043947, -11.702073097229004, -11.603627586364746, -11.468912506103514, -11.284974670410158, -11.05699520111084, -10.774611854553221, -10.453368377685548, -10.090674018859863, -9.696891403198244, -9.26165828704834, -8.796632480621339, -8.288860321044922, -7.744818878173828, -7.1722802162170405, -6.568653392791749, -5.937824249267578, -5.287565135955811, -4.613989925384521, -3.917098617553711, -3.2111400604248046, -2.4883420944213865, -1.7564767837524413, -1.0207256317138673, -0.2266843795776367, 0.5712432861328125]}