{"currents": [-1.873483415693045e-06, -1.8188148736953737e-06, -1.7914786003530027e-06, -1.7368100583553315e-06, -1.6274729743599893e-06, -1.518135890364647e-06, -1.4634673483669757e-06, -1.3814665377140044e-06, -1.2721294537186622e-06, -1.2721294537186624e-06, -1.217460911720991e-06, -1.1081238277256488e-06, -9.714504703879356e-07, -9.167819283902645e-07, -8.074448443949224e-07, -6.981077603995801e-07, -6.16102945059538e-07, -4.794335924088955e-07, -3.700965084135533e-07, -2.8809169307351117e-07, -2.3342315107584002e-07, -2.0609088242053988e-07, -2.60759424418211e-07, -2.0609088242053988e-07, -1.240900717675686e-07, 1.2583285570144655e-08, 1.219203695654869e-07, 2.312574535608292e-07, 2.312574535608292e-07, 2.8592599555850033e-07, 2.585897222161293e-07, 3.1325826421380037e-07, 3.132582642138004e-07, 3.6792680621147156e-07, 4.2259534820914265e-07, 4.2259534820914265e-07, 3.9526307955384256e-07, 3.9526307955384256e-07, 4.2259935289621355e-07, 3.6793081089854246e-07, 3.6793081089854246e-07, 3.4059453755617147e-07, 2.8592599555850033e-07, 2.585897222161293e-07, 2.585897222161293e-07, 2.0392118021845814e-07, 1.4925263822078703e-07, 1.2192036956548688e-07, 1.2583285570144642e-08, -1.2408606708049774e-07, -1.7875460907816888e-07, -2.880916930735111e-07, -3.7009650841355325e-07, -4.2476505041122433e-07, -4.521013237535953e-07, -5.614384077489377e-07, -6.161069497466089e-07, -6.707754917442799e-07, -7.254440337419511e-07, -8.347811177372933e-07, -8.621134329587222e-07, -9.167819749563933e-07, -1.0261190589517356e-06, -1.162788411602378e-06, -1.217456953600049e-06, -1.3267939910292625e-06, -1.463463343679905e-06, -1.4907956123352052e-06, -1.5454641543328764e-06, -1.6548012383282186e-06, -1.7368060536682608e-06, -1.7641423270106318e-06, -1.9554842263460163e-06, -2.037489041686058e-06, -2.0921575836837293e-06, -2.0921575836837293e-06, -2.1468261256814005e-06, -2.037489041686058e-06, -2.0374890416860585e-06, -2.0648213103413582e-06, -2.1741583943367006e-06, -2.228826936334372e-06, -2.3381640203297138e-06, -2.365496288985014e-06, -2.392832562327385e-06, -2.392832562327385e-06, -2.3381640203297138e-06, -2.365496288985014e-06, -2.392832562327385e-06, -2.392832562327385e-06, -2.392832562327385e-06, -2.3381640203297138e-06, -2.256163209676743e-06, -2.2014946676790717e-06, -2.1468261256814005e-06, -2.0921575836837293e-06, -2.0921575836837293e-06, -2.0374890416860585e-06, -1.9828204996883873e-06, -1.928151957690716e-06], "voltages": [-6.694516468048096, -6.048302364349366, -5.3759787559509284, -4.72584810256958, -4.050913429260254, -3.356396484375, -2.650130271911621, -1.9255870819091798, -1.1932111740112306, -0.4569187164306641, 0.2793737411499024, 1.0143606185913088, 1.7428201675415038, 2.468668746948242, 3.191906356811524, 3.9047000885009764, 4.603133583068848, 5.28981761932373, 5.95169734954834, 6.586161994934082, 7.2010444641113285, 7.791122817993164, 8.343342018127442, 8.866840744018555, 9.368146324157717, 9.827676010131835, 10.24412498474121, 10.626631546020509, 10.976501083374025, 11.27284564971924, 11.527415084838868, 11.746736335754395, 11.917754554748536, 12.041775512695313, 12.114882469177246, 12.143602943420412, 12.127937126159667, 12.0652738571167, 11.959529495239257, 11.810704612731934, 11.609660530090332, 11.368146133422853, 11.087467384338378, 10.757180404663087, 10.390339660644532, 9.992167091369629, 9.546997451782227, 9.062663269042968, 8.545692062377931, 7.996083450317383, 7.4177545547485355, 6.806788444519043, 6.180156517028808, 5.524803924560547, 4.852480506896972, 4.161880111694336, 3.4569192886352536, 2.7323762893676755, 2.0026111602783203, 1.2637077331542972, 0.5221933364868165, -0.21409912109375007, -0.9438640594482424, -1.6736289978027346, -2.396866607666016, -3.109660339355469, -3.804177284240723, -4.485639476776123, -5.140991973876954, -5.775456714630128, -6.392950153350831, -6.9817229270935055, -7.536553001403808, -8.065273571014405, -8.563968086242676, -9.01827621459961, -9.441252708435059, -9.832897758483886, -10.176239776611329, -10.46997356414795, -10.725848197937012, -10.945169448852539, -11.10704917907715, -11.238903045654299, -11.326370429992677, -11.361618423461916, -11.353785514831543, -11.305482864379885, -11.207571601867677, -11.066579246520998, -10.881200790405275, -10.651435661315919, -10.386422538757325, -10.066579055786132, -9.706265830993654, -9.318537139892578, -8.887727737426758, -8.42036476135254, -7.8785894393920906, -7.3054823875427255]}