{"currents": [-1.4634673949331046e-06, -1.4087988529354334e-06, -1.24479322694242e-06, -1.2174570001661776e-06, -1.24479322694242e-06, -1.24479322694242e-06, -1.24479322694242e-06, -1.24479322694242e-06, -1.1354560963809492e-06, -1.0534513276070356e-06, -9.441142436116935e-07, -8.894457016140223e-07, -8.347771596163512e-07, -8.347771596163512e-07, -8.621133863925935e-07, -8.894457016140223e-07, -8.074408862739802e-07, -8.074408862739802e-07, -8.347771596163512e-07, -7.801086176186801e-07, -7.527763023972513e-07, -7.527763023972512e-07, -7.254400290548801e-07, -6.70771487057209e-07, -6.161029450595378e-07, -5.614344030618668e-07, -5.341021344065666e-07, -5.341021344065666e-07, -5.067658610641957e-07, -5.067658610641957e-07, -4.520973190665246e-07, -4.520973190665245e-07, -3.7009650841355325e-07, -3.974327817559242e-07, -3.974327817559242e-07, -4.521013237535953e-07, -4.521013237535953e-07, -4.521013237535954e-07, -4.521013237535954e-07, -4.521013237535954e-07, -4.521013237535953e-07, -4.521013237535953e-07, -5.067698657512665e-07, -5.067698657512665e-07, -5.341021344065666e-07, -5.341021344065666e-07, -5.887706764042378e-07, -6.43439218401909e-07, -6.981077603995801e-07, -6.981077603995801e-07, -8.074448443949223e-07, -8.074448443949224e-07, -8.074448443949224e-07, -8.621133863925935e-07, -9.441182017326356e-07, -9.167819749563933e-07, -9.714505169540645e-07, -9.714505169540645e-07, -9.714505169540645e-07, -9.714505169540645e-07, -9.987867437303067e-07, -9.987867437303067e-07, -1.0534552857279779e-06, -1.1081238277256488e-06, -1.16279236972332e-06, -1.217460911720991e-06, -1.2721294537186622e-06, -1.3267979957163334e-06, -1.3541302643716336e-06, -1.4087988063693047e-06, -1.463467348366976e-06, -1.4087988063693047e-06, -1.4634673483669757e-06, -1.4908036217093468e-06, -1.4908036217093468e-06, -1.4908036217093468e-06, -1.6001407057046892e-06, -1.6001407057046892e-06, -1.6001407057046892e-06, -1.6001407057046892e-06, -1.6548092477023604e-06, -1.6274729743599893e-06, -1.6274729743599893e-06, -1.6274729743599893e-06, -1.6274729743599893e-06, -1.6274729743599893e-06, -1.6548092477023604e-06, -1.7094777897000315e-06, -1.7094777897000315e-06, -1.6821415163576605e-06, -1.6274729743599893e-06, -1.6274729743599893e-06, -1.5728044323623181e-06, -1.518135890364647e-06, -1.545472163707018e-06, -1.545472163707018e-06, -1.545472163707018e-06, -1.6001407057046892e-06, -1.6001407057046892e-06, -1.5181359369307757e-06], "voltages": [-2.5600521087646486, -2.278067779541016, -1.9895559310913087, -1.7101827621459962, -1.416448974609375, -1.118798828125, -0.818537712097168, -0.5130546569824219, -0.20234966278076172, 0.10574436187744142, 0.4164493560791016, 0.7297651290893554, 1.0404699325561524, 1.3472583770751951, 1.6501304626464846, 1.947780418395996, 2.23629207611084, 2.519581985473633, 2.792428016662598, 3.0535245895385748, 3.305482864379883, 3.546997451782227, 3.776762199401856, 3.9921669006347655, 4.190600395202637, 4.374673461914063, 4.540469741821289, 4.68798942565918, 4.821148872375488, 4.938642311096191, 5.030026245117188, 5.1070495605468755, 5.161879920959474, 5.201044464111329, 5.219321060180665, 5.221932029724122, 5.202350044250489, 5.16579647064209, 5.104438591003418, 5.028720664978027, 4.932114982604981, 4.818537712097168, 4.686684036254883, 4.535248184204102, 4.369451904296875, 4.185378646850586, 3.9869455337524418, 3.7728462219238286, 3.54699764251709, 3.3028722763061524, 3.0509141921997074, 2.784595489501953, 2.5104440689086918, 2.227154159545899, 1.9373369216918945, 1.6396865844726565, 1.3381200790405274, 1.0287206649780274, 0.7206266403198244, 0.4099218368530274, 0.09921703338623049, -0.21540451049804688, -0.5221929550170898, -0.8302869796752932, -1.1357700347900392, -1.4334201812744143, -1.7193208694458009, -2.0026107788085943, -2.275456809997559, -2.536553382873535, -2.7924280166625977, -3.0378587722778323, -3.2663181304931643, -3.481722640991211, -3.681461524963379, -3.8642292022705083, -4.027414703369141, -4.178850746154786, -4.3146209716796875, -4.434725570678712, -4.533942222595215, -4.6148822784423835, -4.677545547485352, -4.719321060180665, -4.73890323638916, -4.73890323638916, -4.725848197937012, -4.689294624328614, -4.634464263916016, -4.561357307434082, -4.469973564147949, -4.355091094970703, -4.227153778076173, -4.083550643920899, -3.9216707229614256, -3.742819404602051, -3.549607849121094, -3.335508728027344, -3.0874670028686526, -2.8302869796752934]}