{"currents": [-0.00025032241344451905, -0.00024112885892391204, -0.00023193530440330506, -0.00022274175286293032, -0.00021354819834232334, -0.00020435464382171633, -0.00019516108930110932, -0.00019056397676467897, -0.0001997575283050537, -0.00020435397028923036, -0.00020435397028923036, -0.00020435397028923036, -0.00019975752830505368, -0.00017677398025989533, -0.0001629839837551117, -0.0001721775382757187, -0.0001629839837551117, -0.00016298398375511172, -0.0001629839837551117, -0.0001537904292345047, -0.00013540332019329072, -0.00013540332019329072, -0.00011701621115207673, -0.00011701621115207673, -0.00012161265164613725, -0.00012161265164613725, -0.00011241909712553026, -0.00011241909712553026, -0.00010322554260492326, -0.00010322554260492326, -9.862842857837677e-05, -9.862842857837677e-05, -9.862842857837677e-05, -0.00010782198309898377, -0.00010322554260492325, -9.862910211086274e-05, -9.862910211086274e-05, -0.00011701621115207673, -0.00010782265663146972, -0.00011701621115207672, -0.00011701621115207673, -0.00012620976567268374, -0.00011701621115207673, -0.00012620976567268374, -0.00012620976567268374, -0.00013540332019329072, -0.0001445968747138977, -0.00015379042923450471, -0.00016298398375511172, -0.00017217753827571868, -0.0001721775382757187, -0.00016758042573928832, -0.00016758042573928835, -0.000172176867723465, -0.00017217686772346498, -0.00018596686422824864, -0.00019056397676467894, -0.00020895108580589293, -0.00021354819834232331, -0.0002227417528629303, -0.00023193530440330506, -0.00024112885892391204, -0.00023193530440330506, -0.00024112885892391204, -0.00024572529792785645, -0.0002549188554286957, -0.0002595152944326401, -0.00026870884895324705, -0.00025951529443264004, -0.0002549188554286957, -0.00025032241344451905, -0.00025491952896118165, -0.00025491952896118165, -0.0002733066350221634, -0.00029169374108314514, -0.00029169374108314514, -0.00029169374108314514, -0.00029169374108314514, -0.00029169374108314514, -0.0002825001895427704, -0.00028250018954277035, -0.00028250018954277035, -0.00028250018954277035, -0.0002733066380023956, -0.0002733066380023956, -0.00027790307998657224, -0.00028709663152694703, -0.00029169307351112366, -0.0003008866250514984, -0.0003054830670356751, -0.00030088662505149845, -0.00029169307351112366, -0.00029629018306732177, -0.00028709663152694703, -0.00028250018954277035, -0.00028250018954277035, -0.00028250018954277035, -0.0002733066380023956, -0.000268709522485733, -0.000259515967965126], "voltages": [-1.8133157730102538, -1.5065273284912108, -1.1879894256591799, -0.8838119506835938, -0.5757179260253906, -0.2676239013671875, 0.04438648223876954, 0.3550912857055664, 0.6644906997680664, 0.9765010833740235, 1.2845949172973632, 1.5835506439208986, 1.881200981140137, 2.168407249450684, 2.4451696395874025, 2.7193212509155273, 2.9856395721435547, 3.23629207611084, 3.4778066635131832, 3.704960632324219, 3.9164485931396484, 4.112271118164062, 4.2911224365234375, 4.458224105834962, 4.607049179077149, 4.733681106567383, 4.844647026062012, 4.932114219665528, 5.001305007934571, 5.057440948486328, 5.09138355255127, 5.109660530090332, 5.112271690368653, 5.092689132690429, 5.050913619995118, 4.994778060913086, 4.909921646118164, 4.813315963745117, 4.693211555480957, 4.556135940551758, 4.399477767944337, 4.231070518493652, 4.04308090209961, 3.843342018127442, 3.6279371261596682, 3.3981719970703126, 3.157962989807129, 2.9020883560180666, 2.637075424194336, 2.3590076446533206, 2.074412536621094, 1.779373359680176, 1.4817232131958011, 1.1775455474853516, 0.8707571029663086, 0.5613574981689453, 0.2532636642456055, -0.05744132995605468, -0.3668407440185547, -0.6775457382202148, -0.983028793334961, -1.2872064590454102, -1.5848566055297852, -1.8746736526489258, -2.152741622924805, -2.4242820739746094, -2.684073257446289, -2.9373369216918945, -3.177545928955078, -3.4086162567138674, -3.626631736755371, -3.8250650405883793, -4.005221748352051, -4.16971263885498, -4.315926742553711, -4.449085998535157, -4.566579437255859, -4.663185119628906, -4.746735954284668, -4.8067882537841795, -4.843341827392578, -4.861618614196778, -4.864229583740235, -4.845952796936036, -4.804177284240723, -4.745430564880372, -4.664490699768066, -4.563968658447266, -4.4451696395874025, -4.314621543884278, -4.16449089050293, -4.002610969543457, -3.8211486816406253, -3.6240207672119142, -3.409921455383301, -3.180156517028809, -2.937336540222168, -2.6866838455200197, -2.40339412689209, -2.113576889038086]}