{"currents": [1.683646719902754e-06, 2.227882202714682e-06, 1.955764461308718e-06, 1.955764461308718e-06, 1.955764461308718e-06, 2.500039990991354e-06, 2.500039990991354e-06, 3.316433262079954e-06, 3.86070879176259e-06, 4.132866580039263e-06, 4.404984321445227e-06, 5.221377592533828e-06, 5.221377592533827e-06, 5.4934953339397914e-06, 6.309848651289941e-06, 6.8540842272341265e-06, 6.8540842272341265e-06, 7.398319803178312e-06, 7.670437637716533e-06, 7.126202061772348e-06, 6.8540842272341265e-06, 6.8540842272341265e-06, 6.8540842272341265e-06, 6.8540842272341265e-06, 6.854084227234126e-06, 7.126202061772348e-06, 7.398319896310569e-06, 7.398319896310569e-06, 7.126202061772348e-06, 7.126202061772348e-06, 6.581966485828162e-06, 6.037730909883976e-06, 5.493495333939791e-06, 4.949259851127863e-06, 4.949259851127863e-06, 4.949259851127863e-06, 4.9492598511278625e-06, 4.404984321445226e-06, 4.1328265331685545e-06, 3.588551003485918e-06, 3.0442754738032817e-06, 1.955764461308718e-06, 1.4115289784967902e-06, 1.4115289784967902e-06, 1.41152897849679e-06, 8.672934956848621e-07, 8.672934956848623e-07, 1.1394112370908261e-06, 5.951757542788983e-07, -4.933352582156658e-07, -4.933352582156658e-07, -4.933352582156658e-07, -1.309728529304266e-06, -1.8540040589869023e-06, -1.8540040589869023e-06, -1.8540040589869023e-06, -2.3982795886695385e-06, -2.3982795886695385e-06, -2.3982795886695385e-06, -2.3982795886695385e-06, -2.9425551183521747e-06, -3.486830648034811e-06, -3.7589483894407754e-06, -4.031066130846739e-06, -4.575341660529375e-06, -4.575341660529376e-06, -5.11957723647356e-06, -5.391735024750233e-06, -5.663892813026905e-06, -5.936010554432869e-06, -6.480286084115506e-06, -5.93605050817132e-06, -5.936050508171321e-06, -5.391774978488685e-06, -5.1196572370827205e-06, -5.1196572370827205e-06, -5.663892813026905e-06, -5.936010554432869e-06, -6.480286084115506e-06, -6.480286084115506e-06, -6.75240382552147e-06, -6.208168249577285e-06, -5.391774978488684e-06, -5.93601055443287e-06, -5.3917350247502336e-06, -5.119617283344269e-06, -4.575341753661633e-06, -4.575341753661633e-06, -3.486830648034811e-06, -3.486830648034811e-06, -2.9425551183521747e-06, -2.3982795886695385e-06, -1.8540040589869023e-06, -1.3097285293042659e-06, -7.654529996216296e-07, -2.2117746993899346e-07, -2.2117746993899346e-07, 3.2305801287293434e-07, 8.672934956848621e-07, 1.41152897849679e-06], "voltages": [1.134714698791504, 1.458548927307129, 1.782383155822754, 2.0751291275024415, 2.356217193603516, 2.6308284759521485, 2.895077133178711, 3.146372413635254, 3.388600540161133, 3.620465850830078, 3.832901191711426, 4.0310876846313475, 4.217616081237793, 4.380828475952149, 4.528496742248535, 4.6619165420532225, 4.778497123718261, 4.871761512756348, 4.953367614746094, 5.01165771484375, 5.049222373962403, 5.069947624206543, 5.068652153015137, 5.0427453994750975, 5.0038854598999025, 4.943004989624024, 4.862693977355957, 4.7655439376831055, 4.64896354675293, 4.51165771484375, 4.361398315429687, 4.19170913696289, 4.007771301269532, 3.8095848083496096, 3.594559097290039, 3.3626937866210938, 3.1191705703735355, 2.861398506164551, 2.5984453201293944, 2.3238338470458983, 2.037564468383789, 1.7448183059692384, 1.4455953598022462, 1.1373050689697268, 0.8238336563110352, 0.5129528045654297, 0.19948139190673825, -0.1152853012084961, -0.42875690460205085, -0.7396377563476564, -1.0492233276367189, -1.3536275863647462, -1.650259780883789, -1.945596504211426, -2.230570602416992, -2.505181884765625, -2.7681350708007817, -3.027202415466309, -3.2681350708007812, -3.4987051010131838, -3.7163217544555667, -3.9183942794799806, -4.101036834716798, -4.2707260131835945, -4.42098503112793, -4.5556999206542965, -4.672280311584473, -4.772021102905273, -4.851036453247071, -4.911917304992675, -4.952072715759277, -4.977979278564454, -4.977979278564453, -4.961139869689942, -4.923575019836425, -4.866580200195314, -4.788860130310059, -4.694300651550293, -4.582901763916016, -4.453368186950684, -4.3018138885498045, -4.1360107421875, -3.955958938598633, -3.755181694030762, -3.542746543884278, -3.3173578262329104, -3.077720642089844, -2.829015922546387, -2.5673580169677734, -2.2927465438842773, -2.011658477783203, -1.7227983474731445, -1.4209850311279297, -1.1152854919433595, -0.8069953918457031, -0.49611473083496094, -0.18005256652832036, 0.1321237564086914, 0.46632080078125004, 0.8018131256103516]}