{"currents": [-1.9440919533371925e-05, -1.8343873322010043e-05, -1.7795350402593614e-05, -1.7246827483177185e-05, -1.6149781644344333e-05, -1.5875500068068507e-05, -1.4778454229235652e-05, -1.3681408390402797e-05, -1.2584362551569941e-05, -1.2035839632153514e-05, -1.1213075369596483e-05, -1.0664552077651025e-05, -1.0116028785705567e-05, -9.018982667475939e-06, -7.921936549246312e-06, -7.373413257300854e-06, -6.824890431016683e-06, -6.002086121588945e-06, -5.45356310904026e-06, -4.630758613348007e-06, -2.9851898085325954e-06, -1.8881438300013543e-06, -1.0653793346136809e-06, 3.1666597351431755e-08, 3.166659735143181e-08, 5.801895633339882e-07, 1.1287125293165446e-06, 2.2257585078477863e-06, 2.225758507847786e-06, 3.597045969218016e-06, 3.597045969218016e-06, 3.597045969218016e-06, 3.0485229566693305e-06, 3.0485229566693305e-06, 3.048522956669331e-06, 3.048522956669331e-06, 3.0485229566693305e-06, 3.0485229566693305e-06, 3.597045969218016e-06, 3.048522956669331e-06, 3.0485229566693305e-06, 1.9514770247042176e-06, 1.4029540587216616e-06, 8.544310461729764e-07, -2.426148857921362e-07, -1.3396608177572489e-06, -7.911378517746926e-07, -1.0653793346136809e-06, -2.4366667959839108e-06, -2.4366667959839108e-06, -2.985189808532596e-06, -4.0822357870638375e-06, -4.90504028275609e-06, -5.179321765899658e-06, -6.276367604732514e-06, -7.099132146686316e-06, -7.921896688640117e-06, -9.018942806869746e-06, -1.0664511844515802e-05, -1.1761558055877687e-05, -1.2035839632153514e-05, -1.2858644127845767e-05, -1.3681408390402797e-05, -1.3681408390402796e-05, -1.4229931309819225e-05, -1.5601218864321708e-05, -1.6698264703154566e-05, -1.697254627943039e-05, -1.779531091451645e-05, -1.8343833833932877e-05, -1.916663832962513e-05, -1.9166638329625132e-05, -2.0263684540987014e-05, -2.1086489036679266e-05, -2.108648903667927e-05, -2.136073037981987e-05, -2.2457776591181754e-05, -2.3006299510598184e-05, -2.3829063773155212e-05, -2.4926109984517097e-05, -2.520039156079292e-05, -2.5200391560792927e-05, -2.5200391560792927e-05, -2.492615021765232e-05, -2.4651868641376498e-05, -2.5200391560792924e-05, -2.5200391560792927e-05, -2.4651868641376495e-05, -2.4651868641376498e-05, -2.492615021765232e-05, -2.410334572196007e-05, -2.410334572196007e-05, -2.4377587065100675e-05, -2.3829064145684243e-05, -2.3280541226267817e-05, -2.2457776591181754e-05, -2.190925367176533e-05, -2.108648903667927e-05, -2.0537965744733807e-05, -1.998944245278835e-05], "voltages": [-5.9947777748107915, -5.321148490905762, -4.621409606933594, -3.9451693534851078, -3.248041343688965, -2.532636833190918, -1.8120101928710937, -1.0835506439208986, -0.35248012542724605, 0.381201171875, 1.1174936294555664, 1.8511749267578126, 2.582245445251465, 3.304177284240723, 4.014360237121583, 4.70626621246338, 5.390339279174805, 6.045691680908203, 6.684073066711425, 7.285900688171386, 7.864229583740234, 8.408616256713868, 8.925587272644043, 9.402088356018066, 9.859007072448732, 10.271539688110352, 10.638380241394044, 10.969973182678224, 11.25065212249756, 11.48694477081299, 11.68015651702881, 11.832898139953613, 11.937336730957032, 12.009138488769532, 12.019582366943359, 11.997389221191407, 11.920365524291993, 11.8093994140625, 11.639686393737794, 11.43603096008301, 11.178850555419922, 10.89033889770508, 10.544386100769044, 10.164490509033202, 9.750652313232422, 9.298955154418945, 8.8028715133667, 8.281983375549316, 7.729763984680176, 7.138380241394043, 6.527414321899414, 5.890338897705078, 5.2284591674804695, 4.545691871643067, 3.847258567810059, 3.1331592559814454, 2.4112268447875977, 1.6801565170288086, 0.9464750289916993, 0.21148815155029305, -0.5300260543823243, -1.2637073516845705, -1.9908615112304688, -2.711488151550293, -3.421670913696289, -4.113576984405518, -4.789817142486572, -5.446475028991699, -6.073106956481933, -6.676240062713624, -7.254569053649902, -7.805483055114747, -8.321148777008057, -8.812010288238525, -9.261096572875976, -9.668407249450684, -10.044386100769044, -10.374673271179201, -10.655352210998535, -10.908615875244141, -11.120104026794433, -11.274151039123536, -11.386422538757325, -11.459529495239257, -11.480417251586914, -11.447780227661134, -11.373367691040041, -11.274151039123534, -11.121409416198732, -10.913837432861328, -10.68015594482422, -10.407310104370117, -10.071800994873048, -9.703654861450197, -9.298955345153809, -8.859007644653321, -8.370757007598879, -7.86031312942505, -7.267623901367188, -6.647519397735596]}