{"currents": [4.349523410201073e-05, 5.716098286211491e-05, 7.08267316222191e-05, 8.904728293418884e-05, 0.00011182330697774887, 0.0001254890561103821, 0.00013459933251142503, 0.00014370960891246798, 0.00014826508164405826, 0.0001528198838233948, 0.0001619301587343216, 0.00017104043364524841, 0.00018926098644733429, 0.0002029260665178299, 0.00021203634440898896, 0.00023025689721107483, 0.00023936717510223391, 0.0002393671751022339, 0.00024392264783382417, 0.0002484781205654144, 0.00023936784565448764, 0.0002393678456544876, 0.0002393678456544876, 0.00023481237292289733, 0.00023025690019130707, 0.00023025690019130707, 0.00023025690019130707, 0.00022114662230014802, 0.00021203634440898896, 0.0002029260665178299, 0.0002029260665178299, 0.0002029260665178299, 0.0001938157916069031, 0.00017559524029493333, 0.00016648496538400651, 0.0001391541361808777, 0.00012093358337879182, 0.00012093358337879182, 0.00011637811064720154, 0.0001072678342461586, 9.815755933523179e-05, 7.993700802326202e-05, 7.082673162221908e-05, 6.171645559370518e-05, 5.2606180682778354e-05, 4.349590474739671e-05, 3.438562881201506e-05, 7.054802589118482e-06, -6.6102748736739145e-06, -2.4830826185643673e-05, -5.216165436431766e-05, -6.127192974090575e-05, -7.949248254299164e-05, -8.860275894403459e-05, -0.00010226850956678393, -9.315823316574098e-05, -0.00012048906087875369, -0.00012048906087875366, -0.00013870961219072342, -0.00014326441437005998, -0.00016148496568202972, -0.00017059524357318877, -0.0001797055184841156, -0.00018881579637527465, -0.000202481546998024, -0.00022070209980010988, -0.00021614729762077333, -0.00022070277333259585, -0.00022070277333259585, -0.00022070277333259585, -0.0002070376962423325, -0.00021159249842166904, -0.00021614730060100557, -0.00021614730060100557, -0.0002207021027803421, -0.00022525690495967866, -0.00022525690495967866, -0.0002161466270685196, -0.0002161466270685196, -0.0002161466270685196, -0.00020703634917736054, -0.00019792607128620149, -0.00019792607128620149, -0.0001842609912157059, -0.00017515071332454684, -0.00016604043841362, -0.00015693016350269319, -0.00014781988859176637, -0.00013415413945913314, -0.00011593358814716341, -0.00010682331174612047, -8.860275894403459e-05, -7.949248254299164e-05, -7.949248254299165e-05, -6.582740470767023e-05, -4.760685293003917e-05, -3.394177546724677e-05, -1.1166421603411434e-05, 1.616440610960126e-05, 2.9830155987292528e-05], "voltages": [2.976698875427246, 3.740952491760254, 4.492252922058105, 5.1761976242065435, 5.842009353637696, 6.485796737670899, 7.10367603302002, 7.696943664550782, 8.250053977966308, 8.782438850402832, 9.268193435668945, 9.725450325012208, 10.134783363342285, 10.515617370605469, 10.844636344909668, 11.14904727935791, 11.405527496337891, 11.614076614379883, 11.779881477355959, 11.900349426269532, 11.971589469909668, 11.98583812713623, 11.963817405700684, 11.891276931762697, 11.772104454040528, 11.612778282165527, 11.406819725036621, 11.155521011352539, 10.864066886901856, 10.515617752075196, 10.13219795227051, 9.722871780395508, 9.273386573791504, 8.778561210632326, 8.270785903930665, 7.709894752502442, 7.117918968200684, 6.503929328918457, 5.8627361297607425, 5.194339179992676, 4.511693572998047, 3.809614372253418, 3.0894037246704102, 2.3640115737915037, 1.6282567977905273, 0.8925020217895508, 0.15156593322753897, -0.5919673919677735, -1.336791229248047, -2.0751399993896484, -2.8031293869018556, -3.5233400344848635, -4.222828578948975, -4.90676965713501, -5.566100978851319, -6.216356658935547, -6.830356407165528, -7.421030139923096, -7.980622386932374, -8.510416889190674, -8.997470092773439, -9.458613395690918, -9.880896377563477, -10.256547355651856, -10.59852123260498, -10.89904613494873, -11.154225540161132, -11.364071655273436, -11.537646865844728, -11.663294410705568, -11.737123489379883, -11.764327430725098, -11.751375961303712, -11.686609077453614, -11.579097938537599, -11.435317420959471, -11.243607521057129, -11.005262184143067, -10.725469398498536, -10.396453857421877, -10.025984001159669, -9.62442626953125, -9.178830337524415, -8.698255252838134, -8.182707881927492, -7.641253852844239, -7.058348941802979, -6.454718685150147, -5.82906608581543, -5.176209640502931, -4.494859218597412, -3.803142547607422, -3.090703964233398, -2.3601341247558594, -1.6256731033325196, -0.8847335815429688, -0.1347286224365234, 0.612689208984375, 1.410626792907715, 2.1981964111328125]}