{"currents": [-2.0554733462631695e-06, -6.6109472885727875e-06, 2.499328088015318e-06, -6.6109472885727875e-06, -2.055473439395428e-06, 7.054802495986225e-06, 1.1610276438295842e-05, 1.1610276438295842e-05, 2.9830827750265602e-05, 2.98308277502656e-05, 2.072055181488395e-05, 2.5275353901088242e-05, 2.5275353901088242e-05, 2.0719880051910878e-05, 2.0719880051910878e-05, 2.0719880051910878e-05, 1.616507796570659e-05, 2.0719880051910878e-05, 2.0719880051910878e-05, 1.1609604116529227e-05, 2.0719880051910878e-05, 2.0719880051910878e-05, 1.616507796570659e-05, 2.0720551814883946e-05, 2.527535390108824e-05, 2.0719880051910878e-05, 2.0719880051910878e-05, 2.527468213811517e-05, 2.527468213811517e-05, 2.0719880051910878e-05, 1.616507796570659e-05, 1.160960402339697e-05, 7.054801937192678e-06, -2.055473998188973e-06, -2.055473998188973e-06, 2.499328088015318e-06, -2.0554733462631695e-06, -2.0554733462631695e-06, -2.0554733462631695e-06, -2.0554733462631695e-06, -6.61027543246746e-06, 2.4999999441206454e-06, 2.4999999441206454e-06, 2.4999999441206454e-06, 2.4999999441206454e-06, 1.1610275879502296e-05, 1.616507796570659e-05, 1.616507796570659e-05, 7.054802589118482e-06, 7.054802589118482e-06, -2.0554733462631695e-06, -1.1165749374777078e-05, -2.0276024751365183e-05, -2.0276024751365183e-05, -1.5721222665160894e-05, -1.5721222665160894e-05, -1.5721222665160894e-05, -6.6109472885727875e-06, -2.0561458542943e-06, -1.5721223317086696e-05, -2.4831498693674802e-05, -3.8496576528996234e-05, -4.7606851905584336e-05, -4.7606851905584336e-05, -3.849657652899623e-05, -3.394177509471774e-05, -2.0276697259396315e-05, -2.0276697259396312e-05, -2.4831498693674802e-05, -3.394177407026291e-05, -3.394177407026291e-05, -3.8496575504541394e-05, -2.9386300127953285e-05, -2.4831498693674802e-05, -2.4831498693674802e-05, -2.0276024751365183e-05, -1.5721223317086696e-05, -1.5721223317086696e-05, -1.1165749374777078e-05, -1.1165749374777078e-05, -1.116574937477708e-05, -1.5720550809055564e-05, -2.4830826185643673e-05, -3.394110156223178e-05, -3.394110156223178e-05, -4.3051376938819884e-05, -4.3051376938819884e-05, -2.4830825626850125e-05, -1.5720550250262017e-05, -1.572055025026202e-05, -6.6102748736739145e-06, 2.500000502914191e-06, -6.61027543246746e-06, -6.61027543246746e-06, 2.4999999441206454e-06, 2.4999999441206454e-06, 2.4999999441206454e-06, -6.61027543246746e-06, -6.61027543246746e-06, -2.0554733462631695e-06], "voltages": [0.318651008605957, 0.39507427215576174, 0.4727977752685547, 0.5427427291870117, 0.6101018905639648, 0.6761674880981445, 0.7422311782836913, 0.8005212783813476, 0.8549320220947265, 0.9080408096313477, 0.9598508834838868, 1.0038942337036132, 1.0479356765747072, 1.0867942810058593, 1.121768379211426, 1.150265884399414, 1.1774662017822266, 1.198193359375, 1.215032768249512, 1.2279829025268554, 1.2344629287719728, 1.2357582092285158, 1.233165740966797, 1.2266904830932617, 1.2124435424804687, 1.1943071365356446, 1.1735816955566407, 1.1463813781738281, 1.1127027511596679, 1.0777267456054687, 1.040160369873047, 0.9961174011230469, 0.9507789611816406, 0.9015527725219726, 0.8471487045288085, 0.7875648498535157, 0.7253868103027343, 0.6606199264526367, 0.5958530426025391, 0.5272001266479494, 0.4572502136230469, 0.38471469879150394, 0.30958518981933597, 0.23186492919921878, 0.15544013977050783, 0.07642803192138672, 4.9591064453097244e-06, -0.07771530151367187, -0.15284805297851561, -0.22797756195068358, -0.30181522369384767, -0.3743574142456055, -0.4443088531494141, -0.5142570495605469, -0.5829082489013672, -0.6476751327514649, -0.7098512649536133, -0.773319435119629, -0.8316078186035156, -0.8847217559814453, -0.9339477539062501, -0.9818803787231445, -1.0220392227172852, -1.0608993530273438, -1.097165298461914, -1.129547119140625, -1.1567440032958984, -1.1774694442749023, -1.1943105697631837, -1.2072673797607423, -1.2124486923217774, -1.2137458801269532, -1.215037727355957, -1.2085594177246095, -1.1956060409545899, -1.181355667114258, -1.1619237899780273, -1.1347217559814453, -1.1049272537231447, -1.069953155517578, -1.0323884963989258, -0.9896442413330079, -0.943015480041504, -0.8912054061889648, -0.8380966186523438, -0.7798097610473633, -0.7176334381103516, -0.6554506301879883, -0.5932710647583007, -0.5233228683471679, -0.45337123870849616, -0.38341979980468754, -0.30958900451660154, -0.23316421508789062, -0.15932655334472656, -0.08290176391601561, -0.005181503295898431, 0.07253551483154297, 0.1567323684692383, 0.2383401870727539]}