{"currents": [3.5885510034859183e-06, 4.1328265331685545e-06, 4.1328265331685545e-06, 4.404944367706776e-06, 4.132826626300812e-06, 4.949219897389412e-06, 4.404944367706776e-06, 4.949219897389412e-06, 4.949219897389412e-06, 4.67706210911274e-06, 5.221297685056926e-06, 6.037690956145526e-06, 6.854084320366383e-06, 6.854084320366383e-06, 7.942595425993205e-06, 7.942595425993205e-06, 7.670477684587242e-06, 7.398319896310569e-06, 6.854084320366383e-06, 6.854084320366383e-06, 6.854084320366383e-06, 6.854084320366383e-06, 6.854084320366383e-06, 6.854084320366383e-06, 6.854084320366383e-06, 6.3098487444221976e-06, 6.854084320366383e-06, 6.3098487444221976e-06, 6.3098487444221976e-06, 5.765613168478012e-06, 5.221337638795376e-06, 4.949219804257155e-06, 4.404944274574518e-06, 4.404944274574518e-06, 3.3164332620799543e-06, 3.588591050356627e-06, 2.500080037862063e-06, 1.955844555050135e-06, 1.1394512839615345e-06, 1.6836867667734623e-06, 1.4115289784967902e-06, 1.1394112370908261e-06, 1.1394112370908261e-06, 8.672934956848623e-07, 3.2305801287293434e-07, -2.2117746993899346e-07, -4.933352582156658e-07, -2.2121751680970188e-07, -2.2121751680970188e-07, -4.933753050863742e-07, -1.3097685761749744e-06, -1.5818863175809383e-06, -2.6703973300755025e-06, -3.2146728597581388e-06, -3.7589083425700664e-06, -3.7589083425700664e-06, -4.031026083976031e-06, -4.031026083976031e-06, -5.119537189602852e-06, -5.3916949778795246e-06, -5.663852766156197e-06, -5.663852766156197e-06, -5.93601055443287e-06, -5.391774978488684e-06, -5.391774978488685e-06, -5.391774978488685e-06, -5.663932766765357e-06, -5.663932766765357e-06, -5.663932766765357e-06, -6.2081683427095416e-06, -6.2081683427095416e-06, -6.752403918653727e-06, -7.024521660059691e-06, -7.024521660059691e-06, -6.208128295838833e-06, -5.935970507562161e-06, -5.391734931617976e-06, -5.119617190212012e-06, -4.575341660529376e-06, -4.303223919123412e-06, -4.031106177717447e-06, -3.486830648034811e-06, -2.9425551183521747e-06, -2.670437376946211e-06, -2.6704373769462107e-06, -2.3983196355402467e-06, -1.8540441058576107e-06, -1.8540441058576104e-06, -1.5818863175809383e-06, -1.037610787898302e-06, -4.933352582156658e-07, -4.933352582156658e-07, 5.0940271466970463e-08, 3.230580128729344e-07, 8.672934956848622e-07, 1.1394112370908261e-06, 1.6836467199027538e-06, 2.2278822027146814e-06, 3.3163932152092457e-06, 3.860668744891882e-06], "voltages": [2.0375644683837892, 2.2590669631958007, 2.4689115524291996, 2.744818305969239, 3.010362243652344, 3.264248085021973, 3.5051807403564452, 3.7331598281860354, 3.94429988861084, 4.1424867630004885, 4.322538948059082, 4.4844560623168945, 4.628238487243652, 4.751295280456543, 4.854922103881836, 4.937823486328125, 4.998704338073731, 5.041450691223145, 5.067357444763184, 5.06994800567627, 5.050517845153809, 5.012952995300294, 4.952071952819825, 4.8691705703735355, 4.7694299697875975, 4.651554298400879, 4.516839408874512, 4.3652849197387695, 4.1994817733764656, 4.014248466491699, 3.8147666931152346, 3.601036262512207, 3.3717617034912113, 3.1282382965087896, 2.874352073669434, 2.608807945251465, 2.3329010009765625, 2.04663143157959, 1.7525899887084964, 1.4494813919067384, 1.1398960113525392, 0.8251291275024414, 0.5090669631958008, 0.18911876678466794, -0.13082962036132811, -0.4520732879638672, -0.7694307327270508, -1.084197425842285, -1.3937829971313476, -1.6968915939331053, -1.98834228515625, -2.277202415466309, -2.5544046401977543, -2.8199485778808597, -3.0738348007202148, -3.317358207702637, -3.544042205810547, -3.7564773559570317, -3.9533685684204105, -4.136010932922364, -4.3031091690063485, -4.450777435302735, -4.58160629272461, -4.695595932006836, -4.790155410766602, -4.8652849197387695, -4.920984268188477, -4.957253646850586, -4.972797584533692, -4.966320991516113, -4.937823677062989, -4.891191673278809, -4.825129699707031, -4.739637565612793, -4.6360107421875, -4.5129539489746096, -4.373057556152344, -4.2111402511596685, -4.0323837280273445, -3.8380830764770515, -3.6269430160522464, -3.3989637374877932, -3.1580312728881843, -2.9067359924316407, -2.6411920547485357, -2.3652853012084956, -2.0829019546508794, -1.790155792236328, -1.487047004699707, -1.1800521850585937, -0.8665807723999024, -0.5479280471801757, -0.23057060241699218, 0.08678684234619141, 0.40543975830078127, 0.7202066421508789, 1.0323829650878906, 1.3445592880249024, 1.5803106307983399, 1.8108804702758792]}