{"currents": [4.6850978396832945e-07, 5.226831417530775e-07, 4.6850983053445817e-07, 5.226831883192063e-07, 4.1433651931583885e-07, 5.226831883192063e-07, 4.1433651931583885e-07, 4.955945303663612e-07, 4.4142117258161306e-07, 4.955944838002324e-07, 4.955944838002324e-07, 4.955944838002324e-07, 5.497678183019162e-07, 5.497678183019162e-07, 6.039411760866642e-07, 5.497678183019162e-07, 5.768524948507547e-07, 5.497678183019162e-07, 4.955945070832967e-07, 5.497678415849806e-07, 6.039411993697286e-07, 6.581145338714122e-07, 6.581145338714123e-07, 7.122878450900317e-07, 6.581145105883479e-07, 6.581145105883478e-07, 6.852031685411929e-07, 6.581145105883478e-07, 6.581145105883479e-07, 6.039411528035999e-07, 5.22679160349071e-07, 4.1433249134570365e-07, 4.143324913457036e-07, 3.0598582234233624e-07, 3.3307052217423917e-07, 3.601591568440199e-07, 3.601591568440199e-07, 2.789011457934976e-07, 3.8724781479686503e-07, 3.60163114964962e-07, 3.87247814796865e-07, 4.4142112601548434e-07, 4.4142112601548434e-07, 4.4142112601548434e-07, 3.8724781479686503e-07, 3.60163114964962e-07, 3.059898037463427e-07, 3.059898037463427e-07, 3.059898037463427e-07, 3.330744802951813e-07, 3.330744802951813e-07, 3.330744802951813e-07, 3.601591568440199e-07, 3.330705221742392e-07, 3.601591568440199e-07, 3.0598584562540055e-07, 3.330705221742392e-07, 3.059858456254006e-07, 2.78901169076562e-07, 2.247278578579426e-07, 2.247278578579426e-07, 1.97643181309104e-07, 2.247278578579426e-07, 2.247278578579426e-07, 1.7055450007319452e-07, 1.7055450007319452e-07, 1.7055450007319452e-07, 8.929646573960782e-08, 8.929646573960782e-08, 1.434698235243559e-07, 1.434698235243559e-07, 1.434698235243559e-07, 1.97643181309104e-07, 1.7055450007319452e-07, 1.7055450007319452e-07, 1.9763917662203314e-07, 1.9763917662203314e-07, 1.9763917662203314e-07, 2.247278578579426e-07, 2.247278578579426e-07, 1.97643181309104e-07, 1.434698235243559e-07, 1.434698235243559e-07, 1.434698235243559e-07, 1.434698235243559e-07, 1.434698235243559e-07, 1.97643181309104e-07, 2.518164925277233e-07, 2.518164925277233e-07, 2.5181649252772336e-07, 3.059898037463427e-07, 3.60163114964962e-07, 3.87247814796865e-07, 3.8724781479686503e-07, 4.4142112601548434e-07, 4.4142112601548434e-07, 4.414211260154843e-07, 4.143364261835813e-07, 4.685097374022007e-07, 5.226830951869487e-07], "voltages": [-0.11800212860107422, -0.06100387573242187, -0.004012298583984372, 0.07500667572021484, 0.15401554107666016, 0.23433303833007812, 0.31334171295166013, 0.3923622131347656, 0.4661930084228516, 0.5387351989746093, 0.6086833953857422, 0.678631591796875, 0.7459924697875977, 0.8159406661987305, 0.878120231628418, 0.9402931213378907, 0.9959943771362305, 1.0491014480590821, 1.098320770263672, 1.1449562072753907, 1.183819580078125, 1.2187971115112304, 1.247294616699219, 1.268023490905762, 1.2887456893920899, 1.3029943466186524, 1.3133586883544923, 1.3224245071411134, 1.3250150680541992, 1.321125602722168, 1.3159393310546876, 1.3055698394775392, 1.2900257110595705, 1.2718843460083007, 1.2459793090820312, 1.2135974884033205, 1.1773281097412112, 1.1371675491333009, 1.090542221069336, 1.0426130294799805, 0.9920967102050781, 0.9402864456176758, 0.8807008743286133, 0.8211153030395508, 0.7563451766967774, 0.690281105041504, 0.6164436340332031, 0.5439048767089845, 0.4687753677368164, 0.393647575378418, 0.3159275054931641, 0.23950271606445311, 0.1604888916015625, 0.08276710510253905, 0.0037530899047851576, -0.07267513275146485, -0.14909820556640624, -0.2229341506958008, -0.2980655670166016, -0.36931247711181636, -0.4405559539794922, -0.5092105865478516, -0.5752710342407226, -0.6374471664428711, -0.6944452285766602, -0.7514400482177735, -0.8032535552978517, -0.84989070892334, -0.8939321517944336, -0.9379703521728517, -0.9742399215698243, -1.0105094909667969, -1.0402990341186524, -1.0649120330810546, -1.0856372833251955, -1.1024747848510743, -1.1115421295166017, -1.1167234420776366, -1.1180171966552734, -1.1102453231811524, -1.0985891342163085, -1.0817529678344728, -1.0610275268554688, -1.0364160537719727, -1.0079185485839843, -0.974239730834961, -0.9353763580322266, -0.8965129852294922, -0.8485855102539063, -0.7993627548217774, -0.7449552536010743, -0.6905477523803711, -0.6296649932861329, -0.5674888610839843, -0.5014232635498047, -0.43406581878662115, -0.3602315902709961, -0.28639926910400393, -0.23199176788330078, -0.17499370574951173]}