{"currents": [-0.00013080620765686037, -0.00011241909861564637, -0.00013080620765686037, -0.0001445968747138977, -0.0001721775382757187, -0.0001629839837551117, -0.00019516108632087708, -0.0001859675318002701, -0.00020895107984542844, -0.00020895107984542847, -0.00021814463436603548, -0.00022274174988269805, -0.00024112885892391204, -0.00024572597444057464, -0.00024572597444057464, -0.00026411308348178866, -0.0002641130834817886, -0.00025491952896118165, -0.0002641130805015564, -0.0002687095195055008, -0.00027790307104587553, -0.0002687095165252685, -0.00027330595552921294, -0.0002641124039888382, -0.0002595159649848938, -0.0002595159649848938, -0.0002687095195055008, -0.00028250018656253813, -0.00029629018008708955, -0.00030548373460769656, -0.00029629018306732177, -0.00029629018306732177, -0.00029629018306732177, -0.0002825001895427704, -0.00028250018954277035, -0.00029169374108314514, -0.00028250018656253813, -0.00028250018656253813, -0.0002733066320419311, -0.0002733066320419312, -0.0002641130805015564, -0.0002733066350221634, -0.0002733066350221634, -0.0002733066350221634, -0.00028250018656253813, -0.00028250018656253813, -0.00028250018656253813, -0.0002641130805015564, -0.0002641130805015564, -0.00024572597444057464, -0.00023653241991996766, -0.00022733886539936068, -0.00022733886539936068, -0.00022274175286293032, -0.00022274175286293032, -0.00022274175286293032, -0.00020895108580589296, -0.00019975753128528595, -0.00019516108930110932, -0.00018596753478050231, -0.00017217686772346498, -0.00016758042573928835, -0.00016298331320285797, -0.000153789758682251, -0.000144596204161644, -0.00013999976217746735, -0.00013999976217746735, -0.00013540332019329072, -0.00013540332019329072, -0.00012620976567268371, -0.00012620976567268374, -0.00011701621115207673, -0.00011241909712553026, -0.00011241909712553026, -0.00011241909712553026, -0.00010322554260492326, -0.00010322554260492326, -0.00010782265663146974, -0.00010322554260492325, -9.862843006849291e-05, -9.403131753206253e-05, -9.403131753206254e-05, -8.943420350551605e-05, -8.483776301145555e-05, -9.403131604194642e-05, -9.862842857837677e-05, -9.862842857837677e-05, -0.00010322554260492325, -0.00010322554260492325, -9.862910211086274e-05, -0.00010782265663146974, -0.00010782265663146974, -9.862910211086274e-05, -0.00010782265663146974, -0.00011701621115207673, -0.00011701621115207673, -0.00013540332019329072, -0.0001445968747138977, -0.00013080620765686037, -0.00012161265313625337], "voltages": [2.087467384338379, 1.8629241943359374, 1.6357702255249025, 1.3289817810058595, 1.0234989166259767, 0.7075719833374023, 0.3942560195922851, 0.07832908630371092, -0.2362924575805664, -0.5522193908691406, -0.8655353546142579, -1.1736291885375976, -1.4765012741088868, -1.7728458404541017, -2.0626630783081055, -2.3407308578491213, -2.612271308898926, -2.8759788513183597, -3.1266315460205076, -3.362924003601074, -3.5809396743774418, -3.787206077575684, -3.9725847244262695, -4.142297554016114, -4.295038986206055, -4.430809211730957, -4.545691680908203, -4.644908332824707, -4.723237228393555, -4.783289527893066, -4.825065040588379, -4.848563766479492, -4.85117473602295, -4.835508918762207, -4.796344375610351, -4.738903045654297, -4.660574150085449, -4.561357498168945, -4.4412530899047855, -4.305482864379883, -4.148824882507324, -3.9738901138305667, -3.7885114669799806, -3.5848560333251953, -3.3655349731445314, -3.1305480957031246, -2.8877283096313477, -2.6292427062988284, -2.3603132247924803, -2.0835508346557616, -1.8015665054321288, -1.5065273284912108, -1.2062662124633792, -0.9007833480834961, -0.5900783538818359, -0.27415142059326164, 0.04046993255615232, 0.3563968658447266, 0.6723237991333009, 0.9843341827392578, 1.2924280166625977, 1.599216651916504, 1.8994775772094727, 2.1906003952026367, 2.4738901138305662, 2.7467361450195313, 3.0104438781738283, 3.26240234375, 3.503916549682617, 3.731070899963379, 3.9464754104614257, 4.14099235534668, 4.322454261779785, 4.4843343734741214, 4.630548286437988, 4.753263854980469, 4.8616188049316404, 4.9490861892700195, 5.01697120666504, 5.065273857116699, 5.095299911499024, 5.104438400268554, 5.095300102233887, 5.063968467712403, 5.015665817260742, 4.946475410461426, 4.856397056579589, 4.749347305297851, 4.621409988403321, 4.47389030456543, 4.309399223327637, 4.127937126159669, 3.926892852783203, 3.71279354095459, 3.484334182739258, 3.241514587402344, 2.9869453430175783, 2.7206268310546875, 2.5182769775390628, 2.304177665710449]}