{"currents": [-8.894496597349645e-07, -8.621134329587222e-07, -9.441142436116934e-07, -1.0807836428284646e-06, -1.190120726823807e-06, -1.0807836428284646e-06, -1.162788411602378e-06, -9.714505169540645e-07, -9.987867437303067e-07, -8.894496597349644e-07, -9.441182017326356e-07, -9.441182017326355e-07, -1.0261190589517354e-06, -1.0807876009494068e-06, -1.0807876009494066e-06, -1.0261190589517356e-06, -9.167819749563934e-07, -8.347811177372933e-07, -7.801125757396221e-07, -7.25444033741951e-07, -7.25444033741951e-07, -6.707754917442798e-07, -7.25444033741951e-07, -6.707754917442799e-07, -6.707754917442799e-07, -6.707754917442799e-07, -6.707754917442799e-07, -6.707754917442799e-07, -6.161069497466087e-07, -6.161069497466087e-07, -5.614384077489376e-07, -6.707754917442798e-07, -6.161069497466087e-07, -6.161069497466087e-07, -6.161069497466086e-07, -6.434392184019088e-07, -5.067658610641957e-07, -4.794295877218247e-07, -5.340981297194958e-07, -4.794295877218247e-07, -5.067658610641957e-07, -4.794335924088955e-07, -6.161069497466087e-07, -5.614384077489377e-07, -6.707754917442799e-07, -6.707754917442799e-07, -7.801125757396222e-07, -7.801125757396222e-07, -8.347811177372933e-07, -8.347811177372933e-07, -8.347811177372934e-07, -8.347811177372934e-07, -7.801125757396222e-07, -7.801125757396222e-07, -8.074448909610511e-07, -8.074448909610511e-07, -8.621134329587222e-07, -9.167819749563933e-07, -1.0261190589517356e-06, -1.0261190589517354e-06, -1.1354561429470778e-06, -1.1354561429470776e-06, -1.1627884581685066e-06, -1.1081199161708354e-06, -1.190124684944749e-06, -1.1627884581685066e-06, -1.1901207733899356e-06, -1.244789268821478e-06, -1.244789268821478e-06, -1.2447892688214777e-06, -1.2721254955977201e-06, -1.2447931803762912e-06, -1.2174609117209912e-06, -1.217460911720991e-06, -1.2174609117209912e-06, -1.217460911720991e-06, -1.3267979957163334e-06, -1.3541302643716336e-06, -1.4087988063693047e-06, -1.4087988063693045e-06, -1.4634673483669757e-06, -1.4087988063693047e-06, -1.4361350797116758e-06, -1.4361350797116756e-06, -1.4361350797116756e-06, -1.3814665377140044e-06, -1.4087988063693045e-06, -1.4087988063693047e-06, -1.436131075024605e-06, -1.436131075024605e-06, -1.4907996170222759e-06, -1.4634673483669757e-06, -1.4087988063693047e-06, -1.3814665377140044e-06, -1.3814665377140044e-06, -1.3814665377140046e-06, -1.3267979957163334e-06, -1.2721294537186622e-06, -1.0534552857279777e-06, -9.441182017326356e-07], "voltages": [-2.4086158752441404, -2.302871894836426, -2.18929500579834, -2.0365535736083986, -1.8746736526489258, -1.707571792602539, -1.5326370239257814, -1.3511747360229494, -1.1618797302246096, -0.9673627853393554, -0.7663183212280275, -0.5613574981689453, -0.35378589630126955, -0.14490852355957035, 0.0639688491821289, 0.2728460311889649, 0.48302879333496096, 0.6932117462158204, 0.9020889282226563, 1.1083551406860352, 1.3093996047973633, 1.5052221298217776, 1.6958225250244143, 1.8812011718750001, 2.058746910095215, 2.231070709228516, 2.3942560195922855, 2.5509141921997074, 2.6945171356201176, 2.8289819717407227, 2.954308319091797, 3.069190788269043, 3.1710182189941407, 3.2610965728759767, 3.3407310485839847, 3.4073104858398438, 3.4595296859741214, 3.4973888397216797, 3.5221933364868168, 3.5300262451171878, 3.5221933364868168, 3.501305961608887, 3.4686687469482425, 3.424282264709473, 3.3668409347534185, 3.2976503372192383, 3.2180158615112306, 3.1266321182250976, 3.0221935272216798, 2.9073108673095707, 2.7819847106933597, 2.644908905029297, 2.4973894119262696, 2.3407312393188477, 2.177545928955078, 2.005222129821777, 1.8276763916015624, 1.6436031341552733, 1.4543081283569337, 1.2584856033325198, 1.0574411392211913, 0.8511749267578126, 0.6436031341552735, 0.43080940246582033, 0.22062683105468756, 0.010444068908691415, -0.199738883972168, -0.40992164611816406, -0.616187858581543, -0.8198432922363281, -1.0182765960693358, -1.2101825714111327, -1.3955610275268557, -1.5731067657470703, -1.7454305648803712, -1.911227035522461, -2.0665794372558595, -2.21409912109375, -2.3524803161621093, -2.479112052917481, -2.5926889419555668, -2.6997385025024414, -2.792427825927734, -2.8746732711791996, -2.9464748382568358, -3.0052215576171877, -3.0483026504516606, -3.0809396743774413, -3.097911071777344, -3.100522041320801, -3.090078163146973, -3.0665792465209964, -3.032636642456055, -2.9843336105346685, -2.9229759216308597, -2.8498689651489264, -2.7663181304931648, -2.668406867980957, -2.5913833618164066, -2.5052215576171877]}