{"currents": [-7.25444033741951e-07, -6.161069497466087e-07, -6.707754917442798e-07, -6.9810776039958e-07, -7.527763023972511e-07, -5.887706764042378e-07, -6.9810776039958e-07, -6.434392184019089e-07, -7.25444033741951e-07, -6.707754917442799e-07, -7.25444033741951e-07, -6.707754917442799e-07, -5.614384077489377e-07, -6.161069497466089e-07, -5.067698657512666e-07, -5.067698657512665e-07, -3.974327817559243e-07, -3.974327817559243e-07, -3.1542796641588216e-07, -3.974287770688534e-07, -3.427602350711823e-07, -3.974287770688534e-07, -3.700925037264824e-07, -3.4276023507118225e-07, -2.3342315107584002e-07, -2.880916930735111e-07, -2.880916930735111e-07, -4.2476505041122444e-07, -4.794335924088955e-07, -5.614384077489376e-07, -5.887706764042377e-07, -5.341021344065666e-07, -4.794335924088955e-07, -4.2476505041122444e-07, -4.794335924088955e-07, -4.521013237535954e-07, -5.067698657512665e-07, -5.341021344065666e-07, -6.161029450595378e-07, -6.16102945059538e-07, -6.707714870572091e-07, -7.254400290548802e-07, -7.801086176186801e-07, -8.621134329587222e-07, -9.714505169540645e-07, -1.0261190589517356e-06, -1.0807876009494066e-06, -1.1081238277256488e-06, -1.16279236972332e-06, -1.1354561429470778e-06, -1.24479322694242e-06, -1.272125542163849e-06, -1.3814626261591911e-06, -1.3814626261591911e-06, -1.4087988529354334e-06, -1.3541303109377622e-06, -1.3814665377140044e-06, -1.3814665377140046e-06, -1.3814665377140046e-06, -1.4361350797116758e-06, -1.4361350797116756e-06, -1.4908036217093468e-06, -1.4908036217093468e-06, -1.518135890364647e-06, -1.5728044323623181e-06, -1.6821415163576605e-06, -1.6274729743599893e-06, -1.6821415163576605e-06, -1.7641463316977027e-06, -1.7094777897000315e-06, -1.6548092477023604e-06, -1.7094777897000313e-06, -1.6821415163576605e-06, -1.6274729743599893e-06, -1.6821415163576605e-06, -1.600136747583747e-06, -1.6548052895814183e-06, -1.572804478928447e-06, -1.572804478928447e-06, -1.5181359369307757e-06, -1.545472163707018e-06, -1.4908036217093468e-06, -1.4908036217093468e-06, -1.4908036217093468e-06, -1.3814665377140046e-06, -1.4361350797116756e-06, -1.3541303109377622e-06, -1.4087988529354334e-06, -1.2994617689400912e-06, -1.3541303109377622e-06, -1.2994617689400912e-06, -1.2721294537186622e-06, -1.2721294537186622e-06, -1.2721294537186622e-06, -1.2721294537186624e-06, -1.16279236972332e-06, -1.1627923697233203e-06, -9.987867437303067e-07, -7.801125757396221e-07, -6.707754917442799e-07], "voltages": [-1.0013051986694337, -0.7676237106323243, -0.530025863647461, -0.21540451049804685, 0.09921684265136718, 0.41644916534423826, 0.7310705184936523, 1.0469974517822267, 1.357702445983887, 1.664491081237793, 1.9660577774047852, 2.261096954345703, 2.543081283569336, 2.823760032653809, 3.0887731552124027, 3.343342208862305, 3.586162185668946, 3.8185382843017583, 4.030026626586914, 4.231070899963379, 4.41253318786621, 4.578329277038574, 4.723237609863282, 4.851174926757813, 4.959529876708984, 5.04830265045166, 5.11749324798584, 5.168407058715821, 5.199738502502442, 5.211487770080566, 5.204960060119629, 5.176239395141602, 5.126631355285646, 5.058746337890625, 4.9725847244262695, 4.864229774475097, 4.738903427124024, 4.596605682373047, 4.436031150817871, 4.255874443054199, 4.061357498168945, 3.848563957214356, 3.621409606933594, 3.382506561279297, 3.1318538665771487, 2.8694519042968754, 2.5966058731079102, 2.313316345214844, 2.0208879470825196, 1.7219322204589846, 1.4164491653442386, 1.1070497512817383, 0.7963447570800781, 0.48172340393066415, 0.1657964706420899, -0.15013046264648439, -0.46475181579589847, -0.7780677795410156, -1.0874671936035156, -1.3890336990356447, -1.6866838455200197, -1.9738901138305667, -2.253263473510742, -2.52349853515625, -2.7859006881713864, -3.031331443786621, -3.2663183212280273, -3.4882503509521485, -3.6932111740112306, -3.88120059967041, -4.053524398803711, -4.21018238067627, -4.344647216796876, -4.462140655517578, -4.562662887573243, -4.638381004333496, -4.6932113647460945, -4.72976474761963, -4.744124984741211, -4.73629207611084, -4.712793159484863, -4.668406677246094, -4.604438018798828, -4.522192764282227, -4.422976112365723, -4.30548267364502, -4.171018028259278, -4.01697120666504, -3.8498693466186524, -3.664490699768067, -3.460835266113281, -3.2428195953369143, -3.0104434967041014, -2.7624017715454103, -2.503916168212891, -2.2375976562499997, -1.9582242965698242, -1.6736289978027346, -1.4569187164306643, -1.2310701370239259]}