{"currents": [-7.104843854904174e-05, -8.024199306964875e-05, -9.862910211086274e-05, -0.00013540332019329072, -0.00015379042923450471, -0.00013540332019329072, -0.0001629839837551117, -0.00016298398375511172, -0.00019516108632087708, -0.00020895107984542844, -0.00023653174340724944, -0.00023653174340724944, -0.00024572529792785645, -0.0002641124069690704, -0.00026870952248573307, -0.00029169307053089144, -0.0003008866220712662, -0.00031927372813224793, -0.0003238708436489105, -0.00032846728563308715, -0.0003422579526901245, -0.0003468543946743011, -0.0003560479521751404, -0.00036524150371551514, -0.00038362861275672915, -0.00038362861275672915, -0.00039741927981376654, -0.0004066128313541412, -0.00042040283083915713, -0.00042499994039535524, -0.00041580638885498045, -0.00042499994635581973, -0.0004249999463558198, -0.00042040350437164316, -0.0004295970618724824, -0.00042959706187248233, -0.0004112099528312683, -0.0004020164012908936, -0.00039282284379005435, -0.00036983861923217773, -0.0003790321707725525, -0.0003698386132717133, -0.0003698386132717133, -0.0003514515042304993, -0.00034685506224632265, -0.00033766151070594786, -0.00033306440114974975, -0.00032846728563308715, -0.0003146766185760498, -0.0003008859515190125, -0.00027330528795719146, -0.0002595152914524079, -0.00023653174340724944, -0.00022274174988269808, -0.00020895175635814666, -0.00019975820183753965, -0.0001905646473169327, -0.00017677398025989533, -0.00016758042573928835, -0.00015838687121868134, -0.00014919331669807436, -0.00013080620765686034, -0.00012620976567268374, -0.00011701621115207673, -9.862910136580467e-05, -8.024199157953261e-05, -6.185488207265735e-05, -3.427421804517507e-05, -1.5887108538299793e-05, -6.6935542970895766e-06, -1.588710956275463e-05, -1.5887109562754626e-05, -1.1290668416768309e-05, -1.1290668416768307e-05, 2.4993276223540348e-06, 3.0079991929233075e-05, 4.846710050478578e-05, 5.3064214158803225e-05, 6.2257768958807e-05, 6.685488149523735e-05, 6.685488149523735e-05, 6.685488149523735e-05, 6.685488149523735e-05, 7.145132273435594e-05, 6.2257768958807e-05, 6.2257768958807e-05, 5.3064215183258065e-05, 5.3064215183258065e-05, 4.8467773944139484e-05, 3.927421914413572e-05, 3.927421914413572e-05, 3.008066434413195e-05, 2.54835506901145e-05, 2.4999989196658134e-06, 2.4999989196658117e-06, -2.5080665387213227e-05, -4.346777489408851e-05, -6.64513255469501e-05, -3.427422000095248e-05, -5.266132950782775e-05], "voltages": [4.678851127624512, 4.147519302368164, 3.6031328201293946, 2.8785898208618166, 2.1383810043334965, 1.3916448593139648, 0.6436031341552735, -0.10443878173828122, -0.852480697631836, -1.5926897048950197, -2.331593132019043, -3.060052490234375, -3.775457191467286, -4.472585010528565, -5.148824977874757, -5.801566505432129, -6.428198432922364, -7.0313314437866214, -7.604438495635987, -8.14099225997925, -8.643603134155274, -9.107049751281739, -9.52741527557373, -9.90600528717041, -10.244125175476075, -10.543080711364746, -10.797649765014649, -11.011749076843264, -11.182767295837404, -11.312010192871094, -11.398172187805176, -11.434725761413574, -11.432114791870118, -11.381200981140138, -11.2924280166626, -11.154046821594239, -10.976501083374025, -10.744125175476075, -10.469973754882815, -10.146214103698732, -9.779373168945312, -9.36684055328369, -8.917754173278809, -8.426892566680909, -7.896866416931152, -7.3342033386230465, -6.740208625793457, -6.118798828125, -5.473890399932861, -4.809399604797364, -4.125326538085938, -3.4216711044311525, -2.706266403198242, -1.9751956939697264, -1.2389032363891601, -0.4973888397216798, 0.24673652648925784, 0.9934726715087892, 1.7336814880371094, 2.4738903045654297, 3.204960632324219, 3.920365333557129, 4.622715187072754, 5.309399414062501, 5.972584915161133, 6.61488265991211, 7.231070709228517, 7.817232704162598, 8.372062873840331, 8.898172378540039, 9.391644859313965, 9.845952796936036, 10.263707542419434, 10.638381004333496, 10.968668365478516, 11.253263664245607, 11.494777870178224, 11.690600204467774, 11.84203624725342, 11.945169448852539, 11.999999618530275, 12.007832717895509, 11.96866798400879, 11.881200790405275, 11.749346733093263, 11.573106575012208, 11.348563385009767, 11.079634094238282, 10.763706970214844, 10.406004905700684, 10.003916358947755, 9.561357498168945, 9.079634284973144, 8.562663078308105, 8.007832527160645, 7.426892471313477, 6.815926742553711, 6.1814620971679695, 5.694516944885255, 5.193211555480957]}