{"currents": [-9.441182017326355e-07, -8.621133863925935e-07, -9.714504703879356e-07, -8.347771130502225e-07, -9.98782739043236e-07, -9.167779702693225e-07, -1.0534513276070358e-06, -9.987827856093646e-07, -1.1081199161708356e-06, -1.1081199161708356e-06, -1.0807876009494066e-06, -1.0534513741731644e-06, -9.987828321754932e-07, -1.0534513741731644e-06, -9.987828321754934e-07, -1.1081199161708356e-06, -1.0807876009494068e-06, -1.1354561429470778e-06, -1.16279236972332e-06, -1.0261190123856066e-06, -1.0261190123856068e-06, -9.714504703879356e-07, -9.714504703879356e-07, -9.714504703879356e-07, -1.108123827725649e-06, -1.1627923697233203e-06, -1.217460911720991e-06, -1.2721294537186624e-06, -1.217460911720991e-06, -1.2174609117209914e-06, -1.0534552857279777e-06, -1.0534552857279779e-06, -1.0534552857279779e-06, -1.0534552857279779e-06, -1.1627923697233203e-06, -1.217460911720991e-06, -1.2994617223739626e-06, -1.1901246383786202e-06, -1.2447931803762914e-06, -1.1901246383786202e-06, -1.217456953600049e-06, -1.1627884581685066e-06, -1.2174570001661778e-06, -1.1901207733899356e-06, -1.0534474160522223e-06, -1.0807836428284646e-06, -9.987827856093646e-07, -1.0261151008307934e-06, -1.0261151008307936e-06, -1.1081199161708354e-06, -1.0534513741731644e-06, -1.1081199161708354e-06, -1.1081199161708354e-06, -1.1354561429470778e-06, -1.1354561429470776e-06, -1.190124684944749e-06, -1.1901246849447488e-06, -1.2174609117209912e-06, -1.1627923697233198e-06, -1.2174609117209912e-06, -1.1627923697233198e-06, -1.1081238277256488e-06, -1.0534552857279779e-06, -1.0534552857279779e-06, -9.714505169540645e-07, -9.714505169540645e-07, -1.0261190589517356e-06, -9.714505169540645e-07, -9.714505169540645e-07, -9.441182017326356e-07, -8.894496597349645e-07, -8.347811177372934e-07, -8.347811177372934e-07, -8.347811177372933e-07, -8.347811177372933e-07, -8.347811177372933e-07, -8.621134329587223e-07, -9.167819749563934e-07, -8.621134329587222e-07, -8.621134329587223e-07, -8.621134329587223e-07, -8.347811177372934e-07, -7.801125757396222e-07, -7.801125757396222e-07, -7.801125757396222e-07, -8.347811177372933e-07, -8.347811177372933e-07, -8.894496597349644e-07, -8.894496597349645e-07, -9.987867437303067e-07, -9.441182017326357e-07, -9.441182017326357e-07, -8.894496597349645e-07, -8.894496597349645e-07, -7.801125757396222e-07, -7.801125757396222e-07, -8.347811177372933e-07, -8.347811177372933e-07, -8.894496597349644e-07, -8.347811177372933e-07], "voltages": [1.281984329223633, 1.2532636642456056, 1.2219322204589844, 1.1788513183593752, 1.1344650268554688, 1.0848566055297852, 1.0313318252563477, 0.97650146484375, 0.9164491653442383, 0.8537858963012696, 0.78590087890625, 0.7193210601806641, 0.6462141036987306, 0.575718116760254, 0.5039165496826172, 0.42950401306152347, 0.35378608703613285, 0.2793735504150391, 0.2023500442504883, 0.12271556854248047, 0.046997451782226564, -0.030026054382324224, -0.107049560546875, -0.18276748657226563, -0.25587444305419926, -0.3263704299926758, -0.3968664169311523, -0.463446044921875, -0.5287202835083008, -0.5900779724121095, -0.6527412414550782, -0.7075716018676759, -0.7558746337890625, -0.8028718948364258, -0.8433418273925781, -0.8812007904052734, -0.9164487838745117, -0.9516967773437499, -0.9778064727783202, -1.0013051986694337, -1.016971015930176, -1.0287204742431642, -1.0352478027343752, -1.0365533828735352, -1.0352479934692385, -1.0287204742431642, -1.0156654357910158, -0.9960832595825195, -0.9751955032348633, -0.9477802276611328, -0.9177541732788086, -0.8812007904052734, -0.8433418273925781, -0.7976499557495116, -0.7519580841064454, -0.698433303833008, -0.6462139129638672, -0.5861616134643556, -0.5287202835083008, -0.46214065551757816, -0.3968664169311523, -0.3289812088012695, -0.258485221862793, -0.18537826538085939, -0.1109659194946289, -0.03524799346923829, 0.043080902099609374, 0.11879901885986328, 0.19712810516357424, 0.2728462219238281, 0.3485643386840821, 0.4242822647094727, 0.49738922119140627, 0.5704961776733399, 0.6422977447509767, 0.7127937316894533, 0.779373359680176, 0.8472585678100587, 0.9073108673095704, 0.9660575866699219, 1.0208879470825196, 1.0744129180908202, 1.1214101791381836, 1.1684074401855469, 1.2088773727416993, 1.2480417251586915, 1.2819841384887696, 1.310704803466797, 1.3342035293579102, 1.3577022552490234, 1.3707571029663086, 1.3798955917358398, 1.385117530822754, 1.3877285003662112, 1.37989559173584, 1.3694517135620117, 1.3563968658447267, 1.3381200790405272, 1.3224542617797852, 1.3015665054321293]}