{"currents": [1.9558045081794264e-06, 2.500039990991354e-06, 1.9558045081794264e-06, 1.9558045081794264e-06, 1.9558045081794264e-06, 2.7721977792680266e-06, 2.227962296456099e-06, 2.772197779268026e-06, 2.2279222495853904e-06, 2.2279222495853904e-06, 2.2279222495853904e-06, 2.22792224958539e-06, 2.7721977792680266e-06, 1.9558045081794264e-06, 1.9558045081794264e-06, 1.1394112370908261e-06, 1.1394112370908261e-06, 3.230179660022259e-07, 8.672934956848623e-07, 1.1394512839615347e-06, 1.1394512839615345e-06, 1.4115690253674983e-06, 1.6836867667734623e-06, 1.1394112370908261e-06, 8.672534488141537e-07, 8.672534488141537e-07, 8.672534488141537e-07, 3.230179660022259e-07, 8.672934956848623e-07, 8.672934956848622e-07, 5.951757542788983e-07, 3.2305801287293434e-07, 3.2305801287293434e-07, 3.2305801287293434e-07, -2.2117746993899346e-07, -2.2117746993899346e-07, -2.2117746993899346e-07, -2.2117746993899346e-07, -2.2117746993899346e-07, -2.2117746993899346e-07, 3.2305801287293434e-07, 3.2305801287293434e-07, 3.2305801287293434e-07, 3.2305801287293434e-07, 3.2305801287293434e-07, -2.2117746993899346e-07, -7.654529996216297e-07, -7.654529996216296e-07, -7.654529996216296e-07, -7.654529996216296e-07, -7.654529996216296e-07, -7.654529996216297e-07, -7.654529996216296e-07, -1.309728529304266e-06, -1.309728529304266e-06, -1.5818863175809385e-06, -1.037610787898302e-06, -1.5818863175809383e-06, -1.5818863175809383e-06, -1.5818863175809383e-06, -1.309728529304266e-06, -1.037610787898302e-06, -4.933352582156658e-07, 3.230580128729344e-07, -2.2121751680970188e-07, -2.2121751680970188e-07, -7.654930464923382e-07, -7.654930464923382e-07, -4.933753050863743e-07, 5.090022459626199e-08, 5.951357074081898e-07, 8.672934956848621e-07, 1.4115289784967902e-06, 5.951357074081898e-07, 1.1393711902201175e-06, 5.951357074081899e-07, 1.1393711902201175e-06, 1.1393711902201175e-06, 1.683646719902754e-06, 1.6836467199027538e-06, 1.6836467199027538e-06, 1.1394112370908261e-06, 5.951757542788985e-07, 8.672934956848621e-07, 8.672934956848621e-07, 1.41152897849679e-06, 1.683646719902754e-06, 1.683646719902754e-06, 1.41152897849679e-06, 1.4115289784967902e-06, 1.1394112370908261e-06, 1.4115289784967902e-06, 1.955764461308718e-06, 2.2278822027146814e-06, 1.6836467199027538e-06, 1.955764461308718e-06, 1.4115289784967902e-06, 1.4115289784967902e-06, 1.6836867667734623e-06, 2.22792224958539e-06], "voltages": [1.2448184967041016, 1.2448186874389648, 1.2422277450561525, 1.235750961303711, 1.2227975845336914, 1.2046627044677733, 1.1813465118408204, 1.1541446685791017, 1.1230567932128908, 1.086787223815918, 1.0453365325927735, 1.0012950897216797, 0.9507768630981445, 0.8976680755615234, 0.8432640075683594, 0.7849739074707032, 0.7202070236206055, 0.6541448593139648, 0.586787223815918, 0.5155435562133789, 0.44300460815429693, 0.3691703796386719, 0.2953361511230469, 0.217616081237793, 0.13860073089599612, 0.05958518981933594, -0.018134880065917965, -0.09585514068603515, -0.17487087249755862, -0.2500003814697266, -0.3264253616333008, -0.4002597808837891, -0.4727987289428711, -0.5414514541625977, -0.6088090896606445, -0.6722805023193359, -0.7344566345214844, -0.7940420150756836, -0.8536275863647461, -0.9080318450927735, -0.9585498809814453, -1.005181884765625, -1.0466327667236328, -1.0803115844726563, -1.1113996505737305, -1.137306594848633, -1.1580320358276368, -1.1761667251586916, -1.1891201019287112, -1.1994827270507813, -1.2046640396118167, -1.2046640396118165, -1.1994827270507815, -1.190415191650391, -1.173575782775879, -1.154145622253418, -1.1308296203613282, -1.0997413635253908, -1.0647672653198241, -1.0272026062011719, -0.9844566345214845, -0.9365291595458984, -0.8898971557617188, -0.8354930877685547, -0.7759075164794922, -0.7137311935424805, -0.6489641189575196, -0.5803112030029297, -0.5129535675048829, -0.44300537109375004, -0.370466423034668, -0.29663238525390623, -0.21891212463378903, -0.13989658355712892, -0.06217632293701171, 0.018134307861328126, 0.09585456848144532, 0.17357482910156252, 0.2487043380737305, 0.32642459869384766, 0.39896354675292967, 0.4727975845336915, 0.5440410614013672, 0.615284538269043, 0.6800512313842774, 0.7435228347778321, 0.8044036865234375, 0.8613985061645508, 0.9145072937011719, 0.96632080078125, 1.0142482757568358, 1.0569946289062502, 1.0958547592163086, 1.130828857421875, 1.160621452331543, 1.186528205871582, 1.2085487365722658, 1.2240928649902343, 1.2344554901123048, 1.2409324645996094]}