{"currents": [7.05480268225074e-06, 1.616507861763239e-05, 7.0548032410442846e-06, 7.0548032410442846e-06, 7.0548032410442846e-06, 3.438562946394086e-05, 2.527535352855921e-05, 4.349590484052896e-05, 3.894110266119242e-05, 4.3495904747396715e-05, 3.438562983646989e-05, 4.349590577185154e-05, 4.349590577185154e-05, 4.349590577185154e-05, 4.80513796210289e-05, 5.7161654531955725e-05, 5.7161654531955725e-05, 6.171645671129226e-05, 5.2606180775910616e-05, 6.171645568683744e-05, 5.2606180775910616e-05, 6.171645568683744e-05, 6.627192841842771e-05, 7.538220435380936e-05, 7.538220435380936e-05, 7.538220435380936e-05, 7.538220435380936e-05, 6.627192944288254e-05, 7.08267316222191e-05, 6.171645671129227e-05, 7.08267316222191e-05, 7.08267316222191e-05, 7.082673162221908e-05, 7.08267316222191e-05, 7.08267316222191e-05, 7.08267316222191e-05, 6.171645671129227e-05, 6.171645671129227e-05, 5.716165453195571e-05, 6.171645671129226e-05, 5.260618180036544e-05, 4.3495905864983796e-05, 4.34959058649838e-05, 4.34959058649838e-05, 2.9830827750265602e-05, 2.0720551814883953e-05, 2.9830827750265602e-05, 2.072055181488395e-05, 1.1610275879502296e-05, 1.1610275879502296e-05, 7.054801937192678e-06, -2.0554739981889726e-06, -2.027602577582002e-05, -2.0276025775820016e-05, -2.0276025775820016e-05, -2.0276025775820013e-05, -3.849657755345106e-05, -2.9386301152408125e-05, -3.8496576528996234e-05, -4.3052050471305846e-05, -4.3052050471305846e-05, -3.3941774070262904e-05, -5.216232687234879e-05, -5.216232687234879e-05, -6.582740470767021e-05, -6.582740470767023e-05, -7.493768110871315e-05, -5.671712830662727e-05, -5.671712830662728e-05, -4.7606851905584336e-05, -6.127192974090577e-05, -5.671712756156922e-05, -4.760685218498111e-05, -5.671712858602405e-05, -5.2162327151745554e-05, -4.3052050750702625e-05, -3.849657652899623e-05, -4.7606851905584336e-05, -4.305204972624779e-05, -4.7606851160526275e-05, -5.671712756156921e-05, -4.760685218498111e-05, -5.671712858602405e-05, -5.216165436431765e-05, -6.12719307653606e-05, -5.216165436431765e-05, -6.127192974090577e-05, -6.127192974090577e-05, -5.216165436431765e-05, -5.216165436431766e-05, -4.760685293003916e-05, -4.760685293003917e-05, -3.849657652899623e-05, -4.7606851905584336e-05, -3.84965755045414e-05, -2.4830825626850125e-05, -1.5720550250262017e-05, -6.6102748736739145e-06, 1.616507861763239e-05, 2.5275353994220497e-05], "voltages": [-0.15155296325683595, 0.009072303771972656, 0.16969070434570316, 0.3808305740356446, 0.590675163269043, 0.7979391098022461, 1.0025989532470705, 1.2033828735351562, 1.3989770889282227, 1.5880979537963866, 1.7746231079101564, 1.9533828735351564, 2.123072052001953, 2.284989166259766, 2.4378404617309575, 2.580330657958985, 2.7124551773071293, 2.835513877868652, 2.946909523010254, 3.0453586578369145, 3.13084774017334, 3.2046852111816406, 3.26168155670166, 3.3083168029785157, 3.340700149536133, 3.358834838867188, 3.3640159606933597, 3.3562406539916996, 3.334221839904785, 3.3005397796630858, 3.2526155471801763, 3.1943254470825195, 3.123082160949707, 3.0375898361206053, 2.9404394149780275, 2.8329265594482425, 2.7111616134643555, 2.5790370941162113, 2.437843704223633, 2.2862911224365234, 2.123075294494629, 1.9533828735351562, 1.7733310699462892, 1.5855072021484378, 1.3950876235961913, 1.1981931686401368, 0.9974193572998048, 0.7940481185913086, 0.5867908477783204, 0.37435550689697267, 0.16580467224121093, -0.04663391113281251, -0.2564851760864258, -0.4676250457763672, -0.6774694442749024, -0.8873140335083007, -1.089393424987793, -1.2914627075195313, -1.4831758499145509, -1.6710014343261719, -1.8497579574584964, -2.0259202957153324, -2.1891393661499023, -2.3471704483032227, -2.493548583984375, -2.633444976806641, -2.760391426086426, -2.879555702209473, -2.9844779968261723, -3.0751482009887696, -3.1515781402587897, -3.2176385879516607, -3.268153381347657, -3.3057214736938483, -3.329035758972168, -3.339395141601563, -3.3329168319702154, -3.3121948242187504, -3.2798097610473635, -3.235770034790039, -3.1787784576416014, -3.1101222991943356, -3.028519439697266, -2.9339582443237306, -2.827744102478027, -2.7085697174072263, -2.5803346633911133, -2.443028831481934, -2.295357131958008, -2.1399166107177736, -1.9754072189331058, -1.8018320083618165, -1.6204814910888672, -1.4313655853271485, -1.2370616912841796, -1.0388702392578124, -0.8367944717407227, -0.6295373916625976, -0.47279319763183597, -0.3121681213378906]}