{"currents": [1.1610275972634555e-05, 1.6165078151971103e-05, -2.055473159998656e-06, 1.6165077686309817e-05, 1.1609603837132455e-05, 3.894043155014515e-05, 1.6165078058838844e-05, 3.4385629370808606e-05, 2.0719880610704422e-05, 1.6165078524500133e-05, 1.6165078524500133e-05, 2.5275353901088242e-05, 3.438562881201506e-05, 2.527535278350115e-05, 3.43856287188828e-05, 2.5275352783501154e-05, 2.5275352783501154e-05, 1.616507787257433e-05, 2.98308277502656e-05, 2.98308277502656e-05, 2.9830827750265602e-05, 2.9830827750265602e-05, 2.9830827750265602e-05, 1.616507787257433e-05, 1.616507787257433e-05, 7.054802495986223e-06, 1.6165078431367878e-05, -2.0554728806018812e-06, 2.500001061707737e-06, -6.6102748736739145e-06, 2.500000502914191e-06, -6.61027543246746e-06, -2.0554739981889726e-06, -6.610947940498591e-06, -1.116642188280821e-05, -2.0276697259396312e-05, -2.0276697259396312e-05, -2.4831498693674802e-05, -2.9386300127953292e-05, -2.4830826185643673e-05, -1.1165748722851275e-05, -2.0276024099439377e-05, -1.1165748722851275e-05, -2.0554733462631695e-06, -6.6109472885727875e-06, -2.0276024751365183e-05, -2.0276024751365183e-05, -2.9386300127953292e-05, -3.84965755045414e-05, -3.3941101562231775e-05, -3.3941101562231775e-05, -3.3941101562231775e-05, -2.9386300127953292e-05, -2.0276024751365183e-05, -2.027602475136518e-05, -6.610947288572788e-06, -6.6109472885727875e-06, -2.0554733462631695e-06, -2.0554733462631695e-06, -2.0554733462631695e-06, -6.61027543246746e-06, -6.61027543246746e-06, -6.61027543246746e-06, -1.5720550809055564e-05, -1.5720550809055564e-05, -1.5720550809055564e-05, -1.1165749374777078e-05, -1.116574937477708e-05, -1.1165749374777078e-05, -1.116574937477708e-05, -1.5721223317086696e-05, -1.116574937477708e-05, -1.1165749374777078e-05, -1.1165749374777078e-05, -6.610947288572788e-06, -2.0554733462631695e-06, -2.0554733462631695e-06, -2.0554733462631695e-06, -2.0554733462631695e-06, -6.61027543246746e-06, -6.61027543246746e-06, 2.500000502914191e-06, 2.500000502914191e-06, 1.1610275879502296e-05, 1.1610275879502296e-05, 1.1610275879502296e-05, 1.1610275879502296e-05, 1.1610275879502296e-05, 1.1610275879502296e-05, 2.0720551814883946e-05, 2.072055181488395e-05, 1.616507796570659e-05, 1.616507796570659e-05, 2.0719880051910878e-05, 1.1609604116529227e-05, 2.0719880051910878e-05, 2.527535390108824e-05, 3.438562983646989e-05, 2.9830827750265602e-05, 3.894110368564725e-05], "voltages": [1.2098476409912111, 1.2228029251098635, 1.230568313598633, 1.2370515823364259, 1.2383453369140627, 1.2357646942138671, 1.2266887664794923, 1.2137420654296875, 1.1943071365356446, 1.1709894180297853, 1.141196632385254, 1.1049304962158204, 1.0660737991333007, 1.0246196746826173, 0.975400161743164, 0.9261739730834961, 0.871769905090332, 0.8134763717651368, 0.7538957595825195, 0.6917196273803712, 0.6256574630737305, 0.5583000183105469, 0.4896471023559571, 0.41580810546875, 0.343269157409668, 0.26813640594482424, 0.19041957855224612, 0.11269264221191408, 0.03497390747070314, -0.04274959564208984, -0.12305717468261718, -0.1981901168823242, -0.2759084701538086, -0.3510395050048828, -0.4248752593994141, -0.49482688903808597, -0.567365837097168, -0.6347251892089845, -0.6994937896728516, -0.7629636764526366, -0.8225439071655275, -0.8769514083862305, -0.9287614822387695, -0.9792762756347657, -1.0220239639282227, -1.0634799957275392, -1.0971586227416994, -1.1282501220703125, -1.1541603088378907, -1.1787702560424806, -1.1969049453735352, -1.2098583221435548, -1.2163331985473633, -1.2189205169677735, -1.2189205169677735, -1.2111433029174805, -1.2007806777954102, -1.1865303039550783, -1.1645095825195313, -1.1334215164184571, -1.1010398864746094, -1.0647705078125, -1.0259103775024414, -0.9818721771240235, -0.9352399826049804, -0.8834264755249024, -0.8277252197265625, -0.7681398391723633, -0.7046684265136719, -0.6399015426635744, -0.572545623779297, -0.5025957107543946, -0.43005676269531257, -0.3549272537231446, -0.27979602813720705, -0.20336971282958985, -0.12564964294433595, -0.047929382324218756, 0.027200126647949213, 0.10491867065429689, 0.18263893127441405, 0.2577718734741211, 0.33549194335937504, 0.4106248855590821, 0.48316364288330077, 0.5557025909423828, 0.6243555068969727, 0.6891223907470703, 0.7538892745971679, 0.8134780883789061, 0.8678821563720704, 0.9222846984863282, 0.9715074539184572, 1.0168460845947267, 1.0608842849731446, 1.0997478485107424, 1.1321327209472658, 1.1606334686279298, 1.180061721801758, 1.1969043731689455]}