{"currents": [5.0860270857810694e-08, 1.1394113302230836e-06, 1.4115290716290474e-06, -7.655330933630469e-07, -1.3097685761749746e-06, 5.951757542788983e-07, 5.951757542788983e-07, 2.2279622964560986e-06, 3.3164734020829205e-06, 3.8607088848948486e-06, 4.94921999052167e-06, 6.037731003016233e-06, 7.670517638325691e-06, 7.670517638325693e-06, 9.303304087370636e-06, 9.303304087370634e-06, 1.0391815006732942e-05, 1.0119657218456268e-05, 1.0936050489544869e-05, 1.2024561688303947e-05, 1.2840954959392547e-05, 1.3385230675339701e-05, 1.4201623946428302e-05, 1.4473781734704972e-05, 1.4473781734704972e-05, 1.4473781734704972e-05, 1.50180172175169e-05, 1.4473781734704972e-05, 1.50180172175169e-05, 1.4473781734704972e-05, 1.50180172175169e-05, 1.4473781734704972e-05, 1.50180172175169e-05, 1.4473781734704972e-05, 1.4473781734704972e-05, 1.3929546251893045e-05, 1.3929546251893045e-05, 1.3385310769081118e-05, 1.2841035053133965e-05, 1.2841035053133964e-05, 1.2024641782045366e-05, 1.1752483993768693e-05, 1.0936090722680092e-05, 1.0391815379261972e-05, 9.575422108173372e-06, 8.759028743952514e-06, 8.214793261140585e-06, 7.398399896919727e-06, 7.398399896919728e-06, 6.037731003016234e-06, 5.493455473333598e-06, 4.132786579430103e-06, 3.0442755669355393e-06, 1.4115289784967902e-06, 8.672934956848623e-07, 3.2305801287293434e-07, -7.654529996216297e-07, -1.5818462707102299e-06, -2.6703973300755025e-06, -3.7589483894407754e-06, -4.847499448806048e-06, -5.93601055443287e-06, -6.7524039186537264e-06, -7.568757049739361e-06, -8.657267969101668e-06, -1.0290014371275901e-05, -1.0834289714694023e-05, -1.1922800540924072e-05, -1.1922800540924073e-05, -1.1922800540924072e-05, -1.1922800540924072e-05, -1.1922800540924073e-05, -1.2467076256871224e-05, -1.2739234045147898e-05, -1.3283469527959825e-05, -1.3283469527959823e-05, -1.3555587455630304e-05, -1.3283469527959825e-05, -1.3283469527959823e-05, -1.2739234045147898e-05, -1.2739234045147896e-05, -1.3011351600289344e-05, -1.2739193812012672e-05, -1.3011311739683151e-05, -1.355554722249508e-05, -1.3011311739683151e-05, -1.2467076256871224e-05, -1.2467076256871224e-05, -1.1922800540924073e-05, -1.1378565058112144e-05, -1.1106407269835473e-05, -1.0562131926417353e-05, -9.473621100187302e-06, -8.657267969101666e-06, -8.112992625683546e-06, -7.840875070542096e-06, -7.296639494597912e-06, -6.480246130377055e-06, -2.6703974232077598e-06, -4.933753050863743e-07], "voltages": [-3.4326427459716795, -2.880829429626465, -2.3212440490722654, -1.5725393295288086, -0.8134721755981446, -0.05829086303710945, 0.698185920715332, 1.4520721435546875, 2.1981861114501955, 2.936528205871582, 3.6658029556274414, 4.380828857421875, 5.0790153503417965, 5.755181121826172, 6.408030700683594, 7.034973526000977, 7.6347143173217775, 8.203367042541505, 8.742227363586426, 9.246113586425782, 9.711139297485353, 10.134714698791505, 10.512952995300294, 10.849740409851075, 11.141191291809083, 11.387305641174319, 11.590673637390138, 11.752590751647949, 11.867875862121583, 11.940414619445802, 11.96761646270752, 11.946890830993652, 11.878238105773928, 11.759066963195801, 11.593263816833495, 11.378238105773924, 11.11658000946045, 10.806994438171388, 10.457253646850589, 10.062175750732424, 9.623056411743164, 9.145077133178713, 8.628237533569337, 8.075128746032716, 7.49093189239502, 6.875647163391115, 6.234455299377442, 5.568652534484864, 4.883419227600098, 4.178756141662598, 3.4611394882202147, 2.731865119934082, 1.992227554321289, 1.2474088668823242, 0.49870414733886714, -0.25518207550048827, -1.0064773559570312, -1.755181884765625, -2.4987051010131838, -3.231865692138672, -3.94948205947876, -4.650259399414063, -5.33031120300293, -5.987047100067139, -6.619171428680421, -7.225389099121094, -7.804404544830322, -8.34844617843628, -8.863990211486817, -9.343264770507814, -9.781088638305665, -10.180052375793458, -10.534974479675295, -10.849741172790527, -11.11917133331299, -11.341969299316407, -11.516839790344239, -11.647668647766114, -11.72538890838623, -11.756476974487306, -11.73834228515625, -11.67487087249756, -11.562176704406738, -11.402850341796876, -11.200777816772462, -10.95466365814209, -10.667098808288575, -10.332901954650879, -9.962435722351074, -9.550518608093261, -9.099741554260255, -8.612694931030273, -8.089378929138183, -7.5310885429382335, -6.943005657196046, -6.323834705352785, -5.676166248321534, -5.00777235031128, -4.497409820556641, -3.9740936279296877]}