{"currents": [-1.3407126441597939e-05, -1.3132885098457338e-05, -1.3681408017873765e-05, -1.4229931309819223e-05, -1.5601258724927904e-05, -1.3955689966678622e-05, -1.5601258724927904e-05, -1.4229931309819223e-05, -1.5326977148652078e-05, -1.5326977148652078e-05, -1.5875500068068503e-05, -1.5601218864321708e-05, -1.6149741783738137e-05, -1.642398349940777e-05, -1.587546057999134e-05, -1.587546057999134e-05, -1.5052695944905282e-05, -1.5052695944905282e-05, -1.4778454229235652e-05, -1.3681408017873765e-05, -1.4229930937290194e-05, -1.3681408017873765e-05, -1.3681408017873767e-05, -1.3681408017873767e-05, -1.4229931309819223e-05, -1.3681408390402796e-05, -1.4229931309819223e-05, -1.3955689966678622e-05, -1.3407167047262195e-05, -1.450421288609505e-05, -1.450421288609505e-05, -1.450421288609505e-05, -1.450421288609505e-05, -1.3407166674733164e-05, -1.2858643755316737e-05, -1.2858643755316737e-05, -1.1761597543954851e-05, -1.2310120463371279e-05, -1.258436217904091e-05, -1.258436217904091e-05, -1.1761557683348657e-05, -1.1761557683348657e-05, -1.0664511844515802e-05, -1.0938793420791628e-05, -1.03902705013752e-05, -1.0116028785705567e-05, -1.0390270501375199e-05, -9.841747209429741e-06, -9.293223917484283e-06, -9.018942341208459e-06, -8.470419514924288e-06, -7.921896502375602e-06, -7.921896502375602e-06, -7.921896502375602e-06, -7.373373489826918e-06, -7.921896316111088e-06, -7.64765478670597e-06, -7.373373489826918e-06, -7.373373489826918e-06, -7.099131960421801e-06, -7.099131960421801e-06, -7.373373489826918e-06, -7.099131960421801e-06, -7.099131960421801e-06, -7.099131960421801e-06, -7.099131960421801e-06, -7.373413257300854e-06, -7.921936083585025e-06, -8.470459375530483e-06, -8.744700904935599e-06, -8.744700904935599e-06, -8.196178078651428e-06, -8.196178078651428e-06, -7.64765478670597e-06, -7.921936083585025e-06, -7.921936083585025e-06, -9.018982201814651e-06, -9.018982201814651e-06, -8.744700904935599e-06, -9.01894262060523e-06, -9.567465912550689e-06, -9.293184336274862e-06, -9.293184336274862e-06, -1.0115988925099374e-05, -1.03902705013752e-05, -9.841747209429743e-06, -9.841747209429741e-06, -1.06645118445158e-05, -1.0664511844515802e-05, -1.0664511844515802e-05, -1.121303513646126e-05, -1.1487316712737086e-05, -1.1487316712737084e-05, -1.1487316712737084e-05, -1.1487316712737086e-05, -1.2035839632153514e-05, -1.2310080975294115e-05, -1.3132885470986368e-05, -1.258436217904091e-05, -1.2310080602765084e-05], "voltages": [-1.8890340805053711, -2.0104438781738283, -2.1279373168945312, -2.281984329223633, -2.420365333557129, -2.5509136199951175, -2.6736289978027346, -2.78328971862793, -2.877284622192383, -2.966057395935059, -3.0391643524169925, -3.0979110717773444, -3.1475194931030277, -3.1853784561157235, -3.206266212463379, -3.216710090637207, -3.21409912109375, -3.193211364746094, -3.160574340820313, -3.1148824691772465, -3.054830360412598, -2.9804178237915044, -2.895561408996582, -2.7963445663452147, -2.685378456115723, -2.5639684677124026, -2.432114601135254, -2.292427825927734, -2.14099178314209, -1.9817230224609377, -1.814621162414551, -1.6396865844726565, -1.4569189071655273, -1.2715404510498047, -1.0783288955688475, -0.8785900115966797, -0.6762401580810546, -0.46997394561767575, -0.2597911834716797, -0.05091381072998048, 0.16057434082031252, 0.3694517135620118, 0.5783290863037109, 0.78590087890625, 0.992167091369629, 1.1906005859375002, 1.3877285003662108, 1.579634475708008, 1.767624092102051, 1.9464752197265627, 2.118799018859863, 2.28328971862793, 2.4373367309570315, 2.5809398651123048, 2.7167098999023436, 2.8446470260620114, 2.958224296569824, 3.0626628875732425, 3.1514358520507817, 3.2284595489501955, 3.2911228179931644, 3.343341827392578, 3.3812007904052734, 3.4073104858398438, 3.4190597534179688, 3.4164489746093754, 3.400783348083496, 3.372062683105469, 3.330286979675293, 3.275456809997559, 3.2101823806762697, 3.129242324829102, 3.0404697418212896, 2.9386423110961912, 2.8250652313232427, 2.6984334945678716, 2.5652744293212892, 2.4164491653442384, 2.2584854125976563, 2.0953001022338866, 1.9242818832397464, 1.7441251754760745, 1.5561355590820316, 1.3642297744750977, 1.1671018600463867, 0.9634464263916016, 0.7558746337890626, 0.5496082305908204, 0.3407308578491211, 0.1266317367553711, -0.08485641479492187, -0.29242820739746095, -0.5013053894042969, -0.7101825714111328, -0.9138380050659181, -1.1096605300903322, -1.3041776657104494, -1.489556121826172, -1.6253263473510742, -1.7584857940673828]}