{"currents": [1.434697769582272e-07, 2.518164459615946e-07, 1.9764308817684658e-07, -2.0865891128778456e-07, -2.0865891128778456e-07, 6.220778450369835e-08, 1.1638114228844643e-07, 3.872478380799294e-07, 4.143364727497101e-07, 5.768564995378256e-07, 6.310298340395093e-07, 8.477231720462441e-07, 9.560698410496116e-07, 1.1185898678377272e-06, 1.2811098713427782e-06, 1.3352832058444619e-06, 1.3894565403461456e-06, 1.4978032093495133e-06, 1.6061498783528808e-06, 1.7144965706393124e-06, 1.8228432396426799e-06, 1.8770165741443636e-06, 1.985363243147731e-06, 2.0937099121510983e-06, 2.1749678999185565e-06, 2.2291412577033046e-06, 2.3374879267066716e-06, 2.3103992454707623e-06, 2.3645726032555105e-06, 2.39166128449142e-06, 2.4458345957100395e-06, 2.4458345957100395e-06, 2.527096634730697e-06, 2.472923276945949e-06, 2.472923276945949e-06, 2.527096634730697e-06, 2.527096634730697e-06, 2.527096634730697e-06, 2.527096634730697e-06, 2.472923276945949e-06, 2.4187499191612007e-06, 2.3645766079425814e-06, 2.256229938939214e-06, 2.1478832699358465e-06, 2.093709958717227e-06, 1.9311899552121757e-06, 1.822843262925744e-06, 1.7144965706393124e-06, 1.606149901635945e-06, 1.4436298748478296e-06, 1.335283205844462e-06, 1.2269365368410946e-06, 1.0644165333360435e-06, 9.56069864332676e-07, 7.935498375445605e-07, 6.852031452581287e-07, 5.497678183019161e-07, 3.3307448029518124e-07, 1.9763913005590437e-07, 8.929246105253696e-08, -4.6142842620611195e-08, -1.8157418817281725e-07, -1.8157418817281725e-07, -3.170055337250233e-07, -4.795255139470101e-07, -6.149568594992162e-07, -7.233035285025835e-07, -8.31650197505951e-07, -9.399968665093183e-07, -9.941702242940665e-07, -1.1025168932974337e-06, -1.102516893297434e-06, -1.2108635623008014e-06, -1.265036873519421e-06, -1.3192101847380402e-06, -1.2921255081892014e-06, -1.454645534977317e-06, -1.508818892762065e-06, -1.562992250546813e-06, -1.6171656083315612e-06, -1.6984236426651478e-06, -1.6984236426651478e-06, -1.6442502848803998e-06, -1.6442502848803996e-06, -1.5900769270956517e-06, -1.6442502848804e-06, -1.5900769270956517e-06, -1.5900769270956521e-06, -1.4817302580922845e-06, -1.427556946873665e-06, -1.2650369200855493e-06, -1.2650369200855493e-06, -1.2108636088669302e-06, -1.1566902510821819e-06, -1.102516893297434e-06, -9.941702242940665e-07, -8.316502440720797e-07, -6.691302172839642e-07, -1.9050203263759598e-08, 1.4346977695822718e-07], "voltages": [-9.294188117980957, -8.935373115539551, -8.549366188049316, -8.024779891967773, -7.465194416046144, -6.871913337707521, -6.24885311126709, -5.601167869567871, -4.923705101013184, -4.229394435882568, -3.514365196228028, -2.7889631271362307, -2.048023796081543, -1.3044904708862306, -0.5544805526733398, 0.20199947357177736, 0.9584794998168946, 1.7097814559936526, 2.4584928512573248, 3.198137092590332, 3.9261230468750004, 4.641152381896973, 5.338050270080567, 6.011632347106933, 6.659305572509766, 7.278479957580567, 7.870455741882324, 8.428744506835939, 8.95724506378174, 9.449474716186524, 9.908027458190919, 10.323830223083498, 10.699482917785645, 11.029790496826173, 11.319945907592775, 11.55958652496338, 11.748705863952637, 11.891192817687989, 11.981866264343262, 12.022018432617188, 12.012947654724123, 11.961130905151368, 11.860087966918947, 11.715003585815431, 11.524585914611817, 11.294005966186523, 11.018092346191406, 10.699432754516602, 10.340617752075195, 9.941643714904785, 9.503812980651855, 9.025827217102051, 8.516749572753906, 7.970110702514648, 7.39497127532959, 6.7887472152709964, 6.155319213867188, 5.497274780273438, 4.814624214172364, 4.1099542617797855, 3.3910339355468753, 2.653978729248047, 1.9078647613525392, 1.1578561782836914, 0.40655078887939444, -0.3499343872070313, -1.0986457824707032, -1.8460617065429688, -2.5870010375976564, -3.3162790298461915, -4.030016326904297, -4.729498195648194, -5.404375457763672, -6.054638004302979, -6.680289173126221, -7.274847126007081, -7.834442710876465, -8.365534114837647, -8.862946701049806, -9.324090003967287, -9.75026092529297, -10.138862037658694, -10.483418273925784, -10.783936500549318, -11.043000411987306, -11.25284824371338, -11.421238517761232, -11.54559078216553, -11.623304176330567, -11.651798248291016, -11.636244010925294, -11.56629581451416, -11.449712181091309, -11.289087104797362, -11.081829833984376, -10.830527877807615, -10.535181045532227, -10.195792770385744, -9.923731803894043, -9.620612907409669]}