{"currents": [-8.621134329587222e-07, -8.621134329587222e-07, -1.0261190589517356e-06, -1.1901246849447492e-06, -1.3814665377140048e-06, -1.2721294537186622e-06, -1.4908036217093468e-06, -1.4634673483669757e-06, -1.6274729743599893e-06, -1.5728044323623181e-06, -1.7368100583553317e-06, -1.8188108690083028e-06, -1.9008156843483453e-06, -1.9828164950013164e-06, -2.0921535789966584e-06, -2.256159204989672e-06, -2.256159204989672e-06, -2.365496288985014e-06, -2.392832562327385e-06, -2.392832562327385e-06, -2.392832562327385e-06, -2.3108317516744136e-06, -2.392832562327385e-06, -2.365496288985014e-06, -2.392828557640314e-06, -2.338160015642643e-06, -2.420160826295614e-06, -2.3928285576403145e-06, -2.420164830982685e-06, -2.447501104325056e-06, -2.447501104325056e-06, -2.474837377667427e-06, -2.420168835669756e-06, -2.392832562327385e-06, -2.392832562327385e-06, -2.2834954783320426e-06, -2.283495478332043e-06, -2.1741583943367006e-06, -2.0648213103413582e-06, -1.900815684348345e-06, -1.8461471423506739e-06, -1.7368100583553317e-06, -1.6274729743599893e-06, -1.6001407057046892e-06, -1.545472163707018e-06, -1.518135890364647e-06, -1.3541302643716336e-06, -1.3541302643716333e-06, -1.2447931803762912e-06, -1.1354560963809492e-06, -9.987867437303067e-07, -9.441182017326356e-07, -8.347811177372934e-07, -7.527763023972512e-07, -6.9810776039958e-07, -5.341021344065666e-07, -4.247650504112244e-07, -3.7009650841355325e-07, -2.3342715576291087e-07, -1.5142234042286874e-07, -1.5142234042286874e-07, -9.675379842519761e-08, 6.725182756781578e-08, 1.219203695654869e-07, 2.039211802184582e-07, 2.585897222161293e-07, 3.132582642138004e-07, 3.6792680621147156e-07, 3.9526307955384256e-07, 4.499316215515137e-07, 5.046001635491848e-07, 5.592687055468559e-07, 5.592687055468559e-07, 5.319324322044849e-07, 5.319324322044849e-07, 4.772638902068138e-07, 4.772638902068137e-07, 4.772638902068137e-07, 5.319324322044848e-07, 4.772638902068137e-07, 5.319324322044849e-07, 4.772638902068138e-07, 4.2259534820914265e-07, 3.6792680621147156e-07, 3.6792680621147156e-07, 3.132582642138004e-07, 2.585897222161293e-07, 2.0392118021845814e-07, 1.4925263822078703e-07, 3.9915554225444775e-08, -6.942152976989747e-08, -2.3342715576291087e-07, -3.1542796641588216e-07, -4.794335924088955e-07, -5.887706764042378e-07, -6.434392184019089e-07, -6.434392184019089e-07, -7.254440337419511e-07, -6.161069497466089e-07, -6.434392649680377e-07], "voltages": [5.103133392333984, 4.577023696899414, 4.041775703430176, 3.319843673706055, 2.586162376403809, 1.843342399597168, 1.0953006744384766, 0.3433422088623047, -0.40600509643554683, -1.1527414321899414, -1.8942556381225586, -2.6240207672119142, -3.3446472167968753, -4.04830265045166, -4.7323757171630865, -5.396866607666016, -6.041775226593018, -6.6553521156311035, -7.249346828460694, -7.805482578277588, -8.326370334625246, -8.808093452453614, -9.248041534423828, -9.646213912963866, -10.002610778808595, -10.321148681640626, -10.6005220413208, -10.839425277709962, -11.032636642456055, -11.187989234924316, -11.296344184875489, -11.356396484375, -11.372062301635742, -11.338119888305664, -11.25456886291504, -11.124020767211915, -10.9464750289917, -10.720626449584962, -10.449085998535157, -10.133159065246582, -9.772845649719239, -9.3746732711792, -8.938641929626465, -8.468667888641358, -7.9608350753784185, -7.424281692504883, -6.859007549285889, -6.259790897369385, -5.637075614929199, -4.990861606597901, -4.321148777008057, -3.626631927490235, -2.9190601348876957, -2.194517135620117, -1.4569190979003908, -0.7154047012329102, 0.027415275573730524, 0.775457000732422, 1.5208879470825196, 2.262402153015137, 2.99869441986084, 3.7258481979370117, 4.434725379943847, 5.126631164550782, 5.797649574279785, 6.447780227661133, 7.073106575012207, 7.672323608398438, 8.246736335754395, 8.788511657714844, 9.295039176940918, 9.763707733154297, 10.193211364746094, 10.582245445251466, 10.92558765411377, 11.231070709228517, 11.49347267150879, 11.71018295288086, 11.881200981140138, 12.006527328491211, 12.083550834655762, 12.116188049316406, 12.100522422790528, 12.035248184204102, 11.922976684570312, 11.763707542419436, 11.558746719360352, 11.308093833923342, 11.011749267578127, 10.673628997802735, 10.292428207397462, 9.870757102966309, 9.406005096435546, 8.909921836853028, 8.374673652648926, 7.805482864379883, 7.207571792602539, 6.583551025390625, 6.107049560546875, 5.610966110229492]}