{"currents": [-0.00012048839330673218, -0.00011137811541557313, -0.00011137811541557313, -0.00018881579637527465, -0.00019792607128620149, -0.00017515071630477908, -0.00017970619201660158, -0.000166041111946106, -0.000166041111946106, -0.00016604111194610597, -0.00015693083703517916, -0.00014326508641242984, -0.00012048906087875366, -0.00012959933578968048, -0.00011137878447771074, -0.00010682331025600435, -8.860275745391847e-05, -7.493767999112606e-05, -4.760685227811337e-05, -1.116574965417385e-05, -2.0554732531309093e-06, 1.6165078058838847e-05, 2.0720551908016208e-05, 4.805137813091278e-05, 5.2606180310249334e-05, 7.082673162221908e-05, 8.449180871248245e-05, 9.360208362340928e-05, 0.00010271236002445221, 0.0001072678342461586, 0.00012548838555812838, 0.00013915413469076159, 0.00015737468600273132, 0.00015737468600273132, 0.0001755952388048172, 0.00018470551371574403, 0.00019381579160690306, 0.00019381579160690306, 0.00021203634440898896, 0.0002211466193199158, 0.00023025689721107483, 0.00023025689721107483, 0.0002393671751022339, 0.00024847745001316073, 0.00023936717510223391, 0.0002393671751022339, 0.0002393671751022339, 0.00024847745001316073, 0.00023936717510223391, 0.0002393671751022339, 0.00023025689721107483, 0.00023025689721107483, 0.00022114662230014802, 0.00021203634440898896, 0.0002029260665178299, 0.0002029260665178299, 0.00019381578862667084, 0.00018015070855617526, 0.00017104043364524844, 0.0001619301587343216, 0.00014370960742235184, 0.00013459933251142503, 0.00012093358337879182, 0.00011182330697774889, 0.00010271303057670595, 8.904728181660177e-05, 7.538153268396854e-05, 5.716098183766008e-05, 3.8940430991351606e-05, 2.071988014504314e-05, 1.6165078058838847e-05, -6.61027543246746e-06, -1.5720550809055564e-05, -2.0276024751365183e-05, -3.8496576528996234e-05, -5.216232612729073e-05, -7.03828789293766e-05, -7.949315533041955e-05, -0.00010226850956678391, -0.00010226850956678391, -0.00011593358814716341, -0.00012504386305809022, -0.00015237469226121904, -0.0001705952450633049, -0.00018881579637527465, -0.000202481546998024, -0.00020703702270984654, -0.0002070370227098465, -0.0002070370227098465, -0.00021614730060100557, -0.0002207021027803421, -0.00022070210278034213, -0.00022070210278034213, -0.0002207021027803421, -0.00022525757551193238, -0.00022525757551193238, -0.00022981237769126891, -0.00022981237769126891, -0.0001341541439294815, -0.00011137811839580537], "voltages": [-11.195641517639162, -11.001337623596193, -10.778539848327638, -10.456029510498048, -10.093338584899904, -9.685298919677734, -9.234523391723632, -8.74617624282837, -8.220269393920898, -7.660683822631836, -7.0725975990295415, -6.461193561553955, -5.819993591308594, -5.154193782806397, -4.467658519744873, -3.7591077804565427, -3.031121826171875, -2.291479301452637, -1.5427646636962893, -0.7888652801513673, -0.032385063171386674, 0.7240983963012695, 1.476690673828125, 2.2215192794799803, 2.9598630905151366, 3.6852584838867193, 4.395108032226563, 5.086821174621583, 5.761695098876954, 6.409364891052247, 7.033723640441895, 7.628288078308106, 8.194357109069825, 8.725445365905763, 9.221566200256348, 9.68141441345215, 10.101107215881349, 10.480640602111816, 10.81613941192627, 11.108889007568362, 11.356301689147948, 11.558374214172364, 11.713817977905274, 11.822629737854005, 11.886097717285157, 11.902936935424806, 11.873144149780273, 11.794132041931153, 11.668481063842773, 11.498791885375976, 11.283762550354005, 11.022104454040527, 10.717697143554688, 10.369248008728029, 9.9767578125, 9.54281997680664, 9.070018577575684, 8.566127395629884, 8.025968742370607, 7.450835800170898, 6.847202301025391, 6.2124841690063475, 5.547971534729004, 4.861439514160156, 4.156772804260254, 3.437855911254883, 2.703394889831543, 1.959864616394043, 1.2085626602172854, 0.4546699523925781, -0.30828514099121096, -1.0673610687255861, -1.8212503433227543, -2.5686613082885743, -3.3044193267822264, -4.022040939331055, -4.718938827514648, -5.395108032226563, -6.049261665344239, -6.676204586029053, -7.277245998382568, -7.847197628021241, -8.383477115631104, -8.886074542999268, -9.35499324798584, -9.78375473022461, -10.17624340057373, -10.52857494354248, -10.839455604553223, -11.103707695007325, -11.327802658081055, -11.50137767791748, -11.636092758178712, -11.71381301879883, -11.748788642883301, -11.735835266113282, -11.677546882629397, -11.566147804260254, -11.479325103759766, -11.353669166564941]}