{"currents": [-1.2035839539021255e-05, -1.2310080882161858e-05, -1.2584362085908652e-05, -1.6424022987484933e-05, -1.91666379570961e-05, -1.8618115037679673e-05, -2.0812207087874413e-05, -2.0812207087874413e-05, -2.19092532992363e-05, -2.1634971722960472e-05, -2.3006259277462963e-05, -2.300625927746296e-05, -2.3554782569408416e-05, -2.4103305488824845e-05, -2.3829064145684243e-05, -2.437758706510067e-05, -2.4651868641376495e-05, -2.5474632903933523e-05, -2.4926109984517097e-05, -2.4926109984517097e-05, -2.4651868641376498e-05, -2.3554822802543643e-05, -2.328058145940304e-05, -2.3280581459403037e-05, -2.3280581459403037e-05, -2.328058145940304e-05, -2.3280581459403037e-05, -2.328058145940304e-05, -2.2732058167457577e-05, -2.3280581086874006e-05, -2.218353487551212e-05, -2.1635011583566665e-05, -2.053796537220478e-05, -2.0263684168457984e-05, -1.91666379570961e-05, -1.724678762257099e-05, -1.724678762257099e-05, -1.5601218864321708e-05, -1.477845422923565e-05, -1.340712681412697e-05, -1.3681408390402796e-05, -1.2584362551569941e-05, -1.2035839259624483e-05, -1.1487316340208056e-05, -1.0664551705121996e-05, -1.0664551705121996e-05, -9.56750549376011e-06, -9.56750549376011e-06, -8.470459375530483e-06, -7.921936549246312e-06, -6.824890431016683e-06, -5.727844592183828e-06, -4.90504028275609e-06, -3.807994304224849e-06, -2.7109483256936074e-06, -1.0653793811798095e-06, -7.910978980362415e-07, 1.1287125758826734e-06, 1.6772355418652296e-06, 2.225758507847786e-06, 2.4999999441206454e-06, 3.32276439294219e-06, 3.0484828166663647e-06, 3.0484828166663642e-06, 3.5970058292150493e-06, 3.3227643929421897e-06, 3.871287405490875e-06, 3.597045969218016e-06, 4.694091901183129e-06, 4.694091901183128e-06, 4.694091901183128e-06, 4.694091901183128e-06, 4.694091901183128e-06, 3.597045969218016e-06, 2.4999999906867743e-06, 2.4999999906867743e-06, 8.544310461729766e-07, 3.166659735143181e-08, 3.1666597351431755e-08, -5.168563686311247e-07, -5.168563686311248e-07, -5.168563686311247e-07, -7.911378517746926e-07, -2.1624253131449223e-06, -2.7109483256936078e-06, -4.0822357870638375e-06, -4.0822357870638375e-06, -4.905000329017639e-06, -5.727804638445377e-06, -6.276327464729548e-06, -7.373373489826918e-06, -9.01894262060523e-06, -1.0115988552570344e-05, -1.0664511844515802e-05, -1.1761558055877687e-05, -1.2584362551569941e-05, -1.3132885470986368e-05, -1.4229931682348254e-05, -1.1487316619604828e-05, -1.09387937001884e-05], "voltages": [-4.21018238067627, -4.724542808532715, -5.221931743621827, -5.869451332092285, -6.494777774810791, -7.0913836479187005, -7.657963275909424, -8.193211364746094, -8.691905879974366, -9.159268760681153, -9.58485622406006, -9.975195693969727, -10.322454071044923, -10.627937126159669, -10.887728309631347, -11.104438400268556, -11.276762008666992, -11.40078296661377, -11.481722831726074, -11.513054466247558, -11.490861320495604, -11.417754173278809, -11.297649765014649, -11.126631546020509, -10.912532234191895, -10.65665760040283, -10.35770206451416, -10.019581985473634, -9.642297363281251, -9.224542808532716, -8.772845649719239, -8.287205982208253, -7.762401771545411, -7.20626621246338, -6.624020767211915, -6.009138298034669, -5.366840648651123, -4.701044273376465, -4.013054656982422, -3.3054830551147463, -2.583550834655762, -1.8498693466186524, -1.112271499633789, -0.3707571029663086, 0.37467384338378906, 1.1214099884033204, 1.8642295837402345, 2.6044385910034182, 3.3368146896362307, 4.053524971008301, 4.755875015258789, 5.438642883300782, 6.103133392333985, 6.742819976806642, 7.35509147644043, 7.936031150817871, 8.485639190673828, 8.997388648986817, 9.471278762817384, 9.91253185272217, 10.309398841857911, 10.667101287841797, 10.984333992004395, 11.259790992736818, 11.489556121826173, 11.677545547485352, 11.821148872375488, 11.917754173278809, 11.966057014465331, 11.969973564147951, 11.92689266204834, 11.836814308166504, 11.698433113098144, 11.520887565612792, 11.295038795471193, 11.02219295501709, 10.707571411132813, 10.34856357574463, 9.942558479309081, 9.501305389404298, 9.018276596069336, 8.498694610595704, 7.946475410461426, 7.364229774475098, 6.750652694702149, 6.113576889038087, 5.449085998535157, 4.762401771545411, 4.060051918029785, 3.3407306671142583, 2.6044384002685548, 1.8629240036010744, 1.1174934387207032, 0.36553535461425785, -0.38120079040527344, -1.1240205764770508, -1.8603130340576173, -2.5913835525512696, -3.1422973632812505, -3.6827672958374027]}