{"currents": [-1.3955649547278881e-05, -1.3681367971003055e-05, -1.4229890890419483e-05, -1.560121849179268e-05, -1.6424022987484933e-05, -1.477845422923565e-05, -1.669830493628979e-05, -1.614978201687336e-05, -1.7246827855706215e-05, -1.6424023360013963e-05, -1.697254627943039e-05, -1.5875500068068503e-05, -1.532697714865208e-05, -1.4778454229235652e-05, -1.450421288609505e-05, -1.4778454229235652e-05, -1.3955649733543398e-05, -1.3955649733543397e-05, -1.3955649733543398e-05, -1.258432222530246e-05, -1.2310080882161856e-05, -1.1761557962745429e-05, -1.1213035043329003e-05, -1.0664512123912574e-05, -1.1487316712737086e-05, -1.1487316712737086e-05, -1.1213074997067453e-05, -1.0664551705121995e-05, -1.0116028413176538e-05, -9.56750512123108e-06, -7.921936083585025e-06, -7.921936083585023e-06, -7.373413257300854e-06, -6.824890431016683e-06, -6.824890431016683e-06, -6.276367418467998e-06, -6.276367418467998e-06, -5.727844405919313e-06, -6.276367232203484e-06, -5.727844405919313e-06, -6.276367418467998e-06, -6.276367418467998e-06, -6.276367418467998e-06, -6.002086121588945e-06, -6.002086121588945e-06, -6.276327650994062e-06, -5.727804824709892e-06, -6.824850663542747e-06, -6.002086121588945e-06, -6.276327650994062e-06, -5.727804638445377e-06, -5.727804638445377e-06, -5.727804638445377e-06, -6.276327650994062e-06, -6.276327650994062e-06, -6.276327650994062e-06, -6.5505691803991795e-06, -6.5505691803991795e-06, -6.0020461678504945e-06, -6.276327464729548e-06, -6.550608947873116e-06, -6.824890244752169e-06, -6.824890244752169e-06, -7.921936083585025e-06, -7.921936083585025e-06, -7.921936083585025e-06, -8.47045937553048e-06, -7.647655066102744e-06, -8.196178358048202e-06, -8.74470164999366e-06, -9.56746619194746e-06, -9.841707535088064e-06, -1.0938753560185434e-05, -1.1487276479601861e-05, -1.1487276479601861e-05, -1.2310080975294115e-05, -1.2035839632153514e-05, -1.2858644127845767e-05, -1.2858644127845767e-05, -1.3407167047262195e-05, -1.3407167047262195e-05, -1.3955689966678622e-05, -1.450421288609505e-05, -1.450421288609505e-05, -1.5052735805511477e-05, -1.5601258724927904e-05, -1.669830456376076e-05, -1.697254627943039e-05, -1.697254627943039e-05, -1.7246787995100022e-05, -1.6698265075683593e-05, -1.6149742156267167e-05, -1.5875500440597537e-05, -1.6698265075683593e-05, -1.6424023360013963e-05, -1.697254627943039e-05, -1.6424023360013963e-05, -1.6424023360013963e-05, -1.368140820413828e-05, -1.3407126627862454e-05], "voltages": [-4.788511657714844, -4.738903427124024, -4.676240158081055, -4.584856224060059, -4.475195503234864, -4.348563766479492, -4.202349662780762, -4.037858963012695, -3.8563968658447267, -3.660574531555176, -3.445169830322266, -3.219321250915528, -2.979112243652344, -2.7258485794067386, -2.4595298767089844, -2.184073066711426, -1.8994779586791994, -1.6070497512817383, -1.3067886352539062, -1.0013057708740234, -0.689295196533203, -0.3746736526489258, -0.05874691009521488, 0.25456905364990234, 0.5718015670776367, 0.885117530822754, 1.1945171356201172, 1.4986948013305663, 1.8041778564453126, 2.0966060638427737, 2.379895782470703, 2.657963752746582, 2.9268930435180667, 3.180156707763672, 3.42428207397461, 3.654047203063965, 3.8694517135620115, 4.069190597534179, 4.254569053649902, 4.424281692504883, 4.577023124694825, 4.71279354095459, 4.8276762008667, 4.924282073974609, 5.0, 5.058746719360351, 5.095300102233887, 5.116187858581543, 5.113576889038086, 5.091383743286133, 5.049608421325684, 4.989556312561035, 4.9060052871704105, 4.80548324584961, 4.685378646850586, 4.545691680908203, 4.387728118896485, 4.212793350219727, 4.0195817947387695, 3.8120101928710937, 3.590078163146973, 3.3537857055664064, 3.1031330108642576, 2.842036247253418, 2.5665794372558595, 2.281984329223633, 1.989556121826172, 1.6892950057983398, 1.385117530822754, 1.0731069564819335, 0.7584854125976563, 0.4412528991699219, 0.12532596588134765, -0.19190635681152346, -0.5052221298217774, -0.8172325134277345, -1.1240207672119142, -1.4268926620483398, -1.723237419128418, -2.0130546569824217, -2.295038986206055, -2.566579627990723, -2.827676200866699, -3.078328895568848, -3.3133159637451173, -3.532637023925781, -3.7389032363891603, -3.9281984329223634, -4.103133201599121, -4.2597911834716795, -4.403394317626954, -4.528720664978028, -4.631853675842286, -4.712793540954591, -4.776762008666992, -4.817231941223145, -4.839425086975098, -4.842036056518555, -4.840730667114258, -4.821148681640625]}