{"currents": [5.951757542788983e-07, 1.6836867667734623e-06, 1.6836867667734623e-06, 1.1394112370908261e-06, 1.41152897849679e-06, 2.500039990991354e-06, 1.9558045081794264e-06, 2.500039990991354e-06, 1.9558045081794264e-06, 1.4115690253674987e-06, 1.1394512839615345e-06, 1.1394512839615347e-06, 1.683726813644171e-06, 1.955844555050135e-06, 3.0443555675446992e-06, 3.0443555675446992e-06, 4.132866580039263e-06, 4.677102155983448e-06, 4.949219897389412e-06, 5.7656132616102695e-06, 5.493455473333597e-06, 5.493455473333597e-06, 4.949219897389412e-06, 5.493495427072048e-06, 5.2213376387953765e-06, 5.2213376387953765e-06, 5.493455380201341e-06, 4.949179850518704e-06, 4.949179850518704e-06, 4.404944274574518e-06, 4.404944274574518e-06, 4.67706210911274e-06, 4.67706210911274e-06, 4.67706210911274e-06, 4.132786579430103e-06, 4.677062109112739e-06, 4.1328265331685545e-06, 3.588591050356627e-06, 3.5885910503566273e-06, 3.044355567544699e-06, 3.316473308950663e-06, 2.227962296456099e-06, 3.0443555675446992e-06, 1.955844555050135e-06, 2.772237826138735e-06, 1.9558445550501345e-06, 1.9558445550501345e-06, 2.2279622964560986e-06, 2.7721977792680266e-06, 2.500039990991354e-06, 1.9558045081794264e-06, 1.9558045081794264e-06, 1.1394112370908261e-06, 5.951757542788983e-07, 5.0940271466970463e-08, 5.0940271466970463e-08, 5.0940271466970463e-08, -7.654529996216297e-07, -7.654529996216296e-07, -1.309728529304266e-06, -1.309728529304266e-06, -1.309728529304266e-06, -7.654529996216296e-07, -1.309728529304266e-06, -1.5818462707102299e-06, -1.5818462707102299e-06, -2.3982395417988304e-06, -2.942515071481466e-06, -3.21463281288743e-06, -2.942515071481466e-06, -3.4867906011641024e-06, -3.7589483894407746e-06, -4.303223919123412e-06, -4.031106177717448e-06, -4.031106177717447e-06, -3.7589884363114836e-06, -3.214712906628847e-06, -2.6704373769462107e-06, -3.2147129066288473e-06, -3.214712906628847e-06, -3.758948389440775e-06, -3.758948389440775e-06, -3.2146728597581388e-06, -2.670397330075502e-06, -2.670397330075502e-06, -2.6703973300755025e-06, -2.1261218003928663e-06, -2.670397330075502e-06, -2.670397330075502e-06, -3.2146728597581383e-06, -2.398279588669539e-06, -2.3982795886695385e-06, -1.8540040589869023e-06, -1.8540040589869023e-06, -7.654529996216296e-07, -7.654529996216296e-07, -1.309728529304266e-06, -1.309728529304266e-06, 3.2305801287293444e-07, 5.951757542788983e-07], "voltages": [-0.5116584777832032, -0.35492267608642586, -0.19689159393310549, 0.014248275756835932, 0.22668361663818362, 0.4417095184326172, 0.6528491973876954, 0.8652845382690431, 1.0738336563110353, 1.277201271057129, 1.4740924835205078, 1.6670976638793946, 1.8510354995727538, 2.025905990600586, 2.1917091369628903, 2.3510354995727543, 2.4999994277954105, 2.638600540161133, 2.7668388366699217, 2.8873050689697264, 2.9922273635864256, 3.0829008102416995, 3.163211631774902, 3.229273986816406, 3.279792404174805, 3.319947814941407, 3.348445320129395, 3.3626941680908207, 3.3639892578125, 3.3562171936035154, 3.3341964721679687, 3.2966318130493164, 3.2499994277954105, 3.190414237976074, 3.1152847290039065, 3.029792594909668, 2.9300514221191407, 2.816061782836914, 2.689118576049805, 2.5544034957885744, 2.4080305099487305, 2.2525901794433594, 2.088082504272461, 1.9170980453491213, 1.7344554901123048, 1.5466316223144534, 1.3549217224121095, 1.1554397583007814, 0.9533674240112305, 0.7474090576171876, 0.5375644683837891, 0.3251293182373047, 0.1152849197387695, -0.09715042114257813, -0.3095857620239258, -0.5194303512573243, -0.7266843795776368, -0.9326429367065431, -1.132124900817871, -1.326425361633301, -1.520726013183594, -1.707254409790039, -1.8860109329223633, -2.0569952011108397, -2.218912506103516, -2.3691715240478515, -2.5077726364135744, -2.6398969650268556, -2.7629541397094726, -2.873057556152344, -2.9727983474731445, -3.062176322937012, -3.1373058319091798, -3.2007772445678713, -3.2500001907348635, -3.28497428894043, -3.3082904815673833, -3.3160625457763677, -3.3082904815673833, -3.290155601501465, -3.2577722549438475, -3.2111402511596685, -3.154145431518555, -3.084197235107422, -2.9987051010131838, -2.9015548706054686, -2.7927465438842773, -2.6709848403930665, -2.541451263427734, -2.3989641189575197, -2.2487051010131838, -2.0906740188598634, -1.9222803115844729, -1.746114540100098, -1.564767646789551, -1.3756484985351567, -1.1761665344238283, -0.9766847610473632, -0.8212442398071289, -0.6670989990234375]}