{"currents": [-0.0001721775382757187, -0.0001629839837551117, -0.0001721775382757187, -0.00015838687121868134, -0.00016758042573928835, -0.000135402649641037, -0.000153789758682251, -0.0001308055356144905, -0.00015378975719213488, -0.00014459620267152787, -0.00014459620267152787, -0.0001308055356144905, -0.000135402649641037, -0.00012620909512043, -0.00011701554059982301, -0.00013999976217746735, -0.00012620976567268371, -0.00012620976567268374, -0.00012620976567268374, -0.00012161265313625336, -0.00012620909512043002, -0.00012620909512043, -0.000144596204161644, -0.000135402649641037, -0.00014919331669807433, -0.00013540332019329072, -0.00013540332019329072, -0.00012620976567268374, -0.00012620976567268371, -0.00013080620765686037, -0.00013080620765686037, -0.00013999976217746735, -0.00014919331669807433, -0.00015838687121868134, -0.00016298398375511172, -0.0001629839837551117, -0.00017217753827571868, -0.00016298398375511172, -0.0001537904292345047, -0.00016298398375511172, -0.0001583868697285652, -0.0001583868697285652, -0.0001583868697285652, -0.00018596753329038623, -0.00018137042075395588, -0.00019516108930110932, -0.00019975753128528598, -0.000199757531285286, -0.00019975753128528595, -0.00019516108930110932, -0.00021354819834232331, -0.00021814531087875367, -0.00023653241991996766, -0.00023653241991996766, -0.00024572597444057464, -0.00023653241991996766, -0.00023653241991996766, -0.00023193530440330506, -0.00023193530440330506, -0.00024112885892391204, -0.00024112885892391204, -0.00024112885892391204, -0.00024572597444057464, -0.00025491952896118165, -0.00025032241344451905, -0.000259515967965126, -0.000268709522485733, -0.000268709522485733, -0.000268709522485733, -0.00027790307998657224, -0.0002779030799865723, -0.00026870952546596523, -0.0002687095254659653, -0.0002595159709453583, -0.00025491952896118165, -0.00024572597444057464, -0.00024572597444057464, -0.00024572597444057464, -0.00024572597444057464, -0.00023653241991996766, -0.00023653241991996766, -0.00023653241991996766, -0.00023653241991996766, -0.00024112885892391204, -0.00024112885892391204, -0.00024112885892391204, -0.00024112885892391204, -0.00023193530440330506, -0.00022733886539936068, -0.00023653241991996766, -0.0002319353073835373, -0.0002365317463874817, -0.0002365317463874817, -0.0002181446373462677, -0.00019975752830505374, -0.00019516108632087705, -0.00018137109279632569, -0.00017217753827571868, -0.0001721775382757187, -0.0001629839837551117], "voltages": [1.1240211486816407, 1.2728462219238281, 1.4190603256225587, 1.6083551406860352, 1.7924282073974611, 1.9699737548828127, 2.1422975540161135, 2.3041772842407227, 2.4595298767089844, 2.6044385910034182, 2.7362924575805665, 2.8590078353881836, 2.9699739456176757, 3.066579818725586, 3.154047203063965, 3.2323760986328125, 3.2963445663452147, 3.3485639572143557, 3.3877283096313473, 3.4138378143310546, 3.4229763031005858, 3.4190601348876952, 3.398172378540039, 3.365535163879395, 3.3198434829711916, 3.2610965728759767, 3.1906002044677737, 3.109660148620606, 3.016971015930176, 2.9125322341918953, 2.7976497650146492, 2.669712638854981, 2.531331634521485, 2.383812141418457, 2.2258485794067386, 2.058746910095215, 1.8864231109619138, 1.7062664031982422, 1.5169712066650392, 1.3237598419189456, 1.124020767211914, 0.917754364013672, 0.7088771820068359, 0.5000000000000001, 0.28981704711914064, 0.07832889556884765, -0.13054847717285156, -0.3394258499145508, -0.5469976425170899, -0.7519582748413086, -0.9516971588134766, -1.1475194931030273, -1.340730857849121, -1.524803924560547, -1.7075716018676759, -1.8798954010009767, -2.0456916809082033, -2.198433303833008, -2.347258377075195, -2.483028602600098, -2.610965919494629, -2.7271539688110353, -2.8328981399536137, -2.925587463378906, -3.0065275192260743, -3.074412536621094, -3.129242706298828, -3.1723236083984374, -3.1997386932373053, -3.2140989303588867, -3.2154045104980473, -3.204960632324219, -3.1788509368896487, -3.1409919738769534, -3.087467193603516, -3.0234985351562504, -2.9451696395874025, -2.855091285705567, -2.7545690536499023, -2.6436029434204102, -2.520887565612793, -2.3864227294921876, -2.242819595336914, -2.0874671936035156, -1.925587272644043, -1.7532634735107422, -1.5757179260253906, -1.3903392791748046, -1.201044273376465, -1.006527328491211, -0.8054830551147462, -0.600522232055664, -0.39425601959228523, -0.18537864685058597, 0.02349853515625, 0.23498687744140626, 0.4438642501831055, 0.6540470123291016, 0.8133159637451173, 0.971279525756836]}