{"currents": [2.527535278350115e-05, 3.43856287188828e-05, 2.5275353342294698e-05, 7.054802495986225e-06, -1.1165748815983533e-05, -6.6102748736739145e-06, -3.3941102586686615e-05, -4.305137898772955e-05, -5.216165436431766e-05, -7.038220716640354e-05, -7.038220716640354e-05, -7.949248356744647e-05, -7.038220716640353e-05, -8.404795778915287e-05, -7.493768138810993e-05, -8.404795676469803e-05, -8.404795676469803e-05, -8.404795676469803e-05, -8.404795676469803e-05, -7.49376803636551e-05, -8.404795676469803e-05, -7.49376803636551e-05, -7.49376803636551e-05, -8.404795527458192e-05, -8.404795527458191e-05, -9.315823167562486e-05, -9.315823167562486e-05, -0.0001022685080766678, -9.771303534507752e-05, -0.00010682331174612047, -0.00010226850956678393, -9.315823316574098e-05, -0.00010226850956678391, -8.404795676469803e-05, -9.315823316574097e-05, -7.949248254299164e-05, -8.860275894403459e-05, -7.949248254299165e-05, -7.038220716640354e-05, -6.12719307653606e-05, -5.216165538877249e-05, -5.2161655388772486e-05, -3.394110361114144e-05, -4.305137898772955e-05, -3.394110258668661e-05, -3.394110258668661e-05, -2.4830826185643673e-05, -2.4830826185643666e-05, -1.5720550809055564e-05, -1.5720550809055564e-05, -6.6102748736739145e-06, 2.500000502914191e-06, 1.1610276438295842e-05, 1.1610276438295842e-05, 2.9830827750265602e-05, 2.072055181488395e-05, 3.438562992960215e-05, 3.8940432108938695e-05, 5.260551022365689e-05, 5.716031240299344e-05, 7.538086324930192e-05, 7.993633598089218e-05, 8.449180871248247e-05, 8.449180871248247e-05, 7.993700653314591e-05, 7.993700653314591e-05, 7.993700653314591e-05, 8.449180871248245e-05, 8.904728144407274e-05, 8.904728144407272e-05, 8.904728144407274e-05, 8.904728144407274e-05, 9.360275566577913e-05, 0.00010271303206682206, 0.00011182330697774889, 0.00011637810915708543, 0.0001072678342461586, 9.815755784511567e-05, 8.904728144407274e-05, 8.904728144407274e-05, 8.449247926473619e-05, 9.3602754175663e-05, 8.449247926473618e-05, 8.449247926473618e-05, 7.538220435380936e-05, 7.538220435380936e-05, 7.08267316222191e-05, 7.993700653314592e-05, 7.993700653314591e-05, 7.993700653314591e-05, 7.538153380155563e-05, 7.08267316222191e-05, 6.171645671129227e-05, 5.260618180036544e-05, 5.260618180036544e-05, 4.80513796210289e-05, 3.894110368564725e-05, 2.9830827750265602e-05, 3.894110266119242e-05, 3.894110266119242e-05], "voltages": [-0.14506931304931642, -0.384703254699707, -0.6230485916137696, -0.9365268707275389, -1.2474143981933592, -1.5544076919555665, -1.8536405563354492, -2.14379940032959, -2.426186180114746, -2.6982135772705083, -2.9611669540405274, -3.2124656677246097, -3.4508043289184576, -3.674902534484864, -3.884743690490723, -4.079047393798828, -4.255213356018067, -4.415834999084473, -4.560912704467774, -4.685261726379395, -4.786301422119141, -4.87179012298584, -4.933966255187988, -4.972829818725586, -4.99096450805664, -4.990967941284179, -4.970242691040039, -4.9313859939575195, -4.875684928894043, -4.797968101501465, -4.700815963745117, -4.586822891235352, -4.45211124420166, -4.296664047241212, -4.12568302154541, -3.9404449462890625, -3.7344898223876952, -3.5142791748046873, -3.2837059020996096, -3.0375885009765624, -2.778517723083496, -2.507792282104492, -2.2279928207397464, -1.9378406524658205, -1.6425004959106446, -1.3380964279174805, -1.0298028945922852, -0.7163314819335938, -0.40026607513427737, -0.08031787872314455, 0.23704299926757813, 0.5531085968017578, 0.8678789138793946, 1.1813505172729493, 1.4883520126342775, 1.7940481185913086, 2.0906852722167972, 2.378251647949219, 2.6567541122436524, 2.9222997665405277, 3.1748970031738284, 3.414536094665528, 3.6412216186523443, 3.8510662078857423, 4.049251174926758, 4.2293029785156255, 4.3951057434082035, 4.54148063659668, 4.672311210632325, 4.781119346618652, 4.871793174743653, 4.944332313537598, 4.997442626953125, 5.025943565368652, 5.038900375366211, 5.03113021850586, 5.002629280090332, 4.953403091430664, 4.888632774353027, 4.799254417419434, 4.691739463806153, 4.564799880981445, 4.421014213562012, 4.257801628112793, 4.079042053222656, 3.8834461212158207, 3.672304725646973, 3.443033599853516, 3.2021011352539066, 2.946919631958008, 2.681374168395996, 2.4041702270507814, 2.117897415161133, 1.822557258605957, 1.5194484710693361, 1.209861183166504, 0.8950910568237306, 0.5777301788330079, 0.33680095672607424, 0.09586830139160157]}