{"currents": [1.0102431988343597e-06, 9.018965298309923e-07, 8.206345373764634e-07, 8.206345373764634e-07, 7.393725449219346e-07, 7.935458794236183e-07, 7.393725216388703e-07, 7.664611795917154e-07, 6.581144873052835e-07, 6.310297874733806e-07, 5.226830951869487e-07, 4.685097839683294e-07, 4.1433642618358136e-07, 3.60163114964962e-07, 2.518164459615946e-07, 2.247278112918139e-07, 1.4346581883728505e-07, 8.929250761866571e-08, -1.9054161384701726e-08, 3.511919640004635e-08, -4.613883793354035e-08, -1.9050203263759618e-08, -7.322356104850769e-08, -1.0031224228441717e-07, -1.5448560006916525e-07, -2.628322690725327e-07, -2.8992090374231345e-07, -3.9826757274568086e-07, -3.711788915097714e-07, -4.795255605131388e-07, -4.253522027283907e-07, -4.524368792772294e-07, -4.524368792772294e-07, -4.253522027283907e-07, -4.2535220272839076e-07, -4.253522027283907e-07, -4.795255605131388e-07, -4.253522027283907e-07, -4.524368792772294e-07, -3.982635214924813e-07, -3.982635214924813e-07, -3.440901637077332e-07, -3.440901637077332e-07, -3.440901637077332e-07, -3.440901637077332e-07, -3.440901637077332e-07, -3.440901637077332e-07, -3.440901637077332e-07, -3.440901637077332e-07, -3.440901637077332e-07, -2.3574349470436575e-07, -2.3574349470436575e-07, -1.815701834857464e-07, -1.2739687226712706e-07, -7.322356104850769e-08, -7.322356104850769e-08, 3.512310795485973e-08, 8.929646573960781e-08, 1.9764313474297524e-07, 2.518164925277233e-07, 3.6016316153109077e-07, 3.6016316153109077e-07, 4.6850983053445817e-07, 4.955945303663612e-07, 5.497678415849806e-07, 5.768525181338192e-07, 6.851991871371864e-07, 7.393725216388703e-07, 7.664611795917153e-07, 9.289812063798309e-07, 9.018965298309923e-07, 1.0102431988343597e-06, 1.0102431988343597e-06, 1.0644165333360435e-06, 1.0102431988343597e-06, 1.0644165333360435e-06, 1.0644165333360435e-06, 1.0644165333360435e-06, 1.172763202339411e-06, 1.172763202339411e-06, 1.2540212133899333e-06, 1.2540212133899333e-06, 1.3352792244404556e-06, 1.2811058899387719e-06, 1.3352792244404554e-06, 1.3081945478916168e-06, 1.3081945478916168e-06, 1.2811098713427782e-06, 1.2811098713427782e-06, 1.2811098713427782e-06, 1.2811098713427782e-06, 1.2269365368410944e-06, 1.1727632023394107e-06, 1.1727632023394107e-06, 1.091501209884882e-06, 1.0373278753831983e-06, 1.091501209884882e-06, 1.091501209884882e-06, 1.0373278753831983e-06, 1.0644165333360435e-06], "voltages": [4.760269737243652, 4.661817359924316, 4.547822761535645, 4.383315086364747, 4.203258323669434, 4.006370544433594, 3.792636680603027, 3.5672496795654296, 3.3263103485107424, 3.0711271286010744, 2.8081670761108404, 2.5335521697998047, 2.2485748291015626, 1.9558254241943358, 1.6578912734985352, 1.3495994567871095, 1.0374183654785156, 0.7200574874877931, 0.40139789581298824, 0.0801576614379883, -0.23979568481445312, -0.5571516036987305, -0.871921730041504, -1.1815088272094727, -1.4846210479736328, -1.7825551986694337, -2.0714168548583984, -2.3512163162231445, -2.621940231323242, -2.8810142517089843, -3.1284202575683597, -3.362878036499024, -3.5830852508544924, -3.783860588073731, -3.9703889846801763, -4.14007797241211, -4.292930984497071, -4.4276426315307615, -4.548110771179199, -4.64914379119873, -4.729454803466797, -4.79162769317627, -4.8330785751342775, -4.855099296569825, -4.855099296569824, -4.8369646072387695, -4.798104476928711, -4.738518905639649, -4.659503364562989, -4.563648414611817, -4.449651908874512, -4.317527580261231, -4.167265129089356, -3.998867988586426, -3.8136314392089847, -3.608968353271484, -3.3913450241088863, -3.1581811904907227, -2.914651107788086, -2.656875801086426, -2.3900297164916995, -2.112827682495117, -1.825256156921387, -1.5273269653320314, -1.221623992919922, -0.9094459533691406, -0.5907863616943358, -0.2721302032470703, 0.04781951904296873, 0.3664823532104492, 0.6838380813598632, 0.9986116409301758, 1.3094924926757812, 1.6164907455444335, 1.919596099853516, 2.214936256408692, 2.498615074157715, 2.773226356506348, 3.036186408996582, 3.2848911285400395, 3.5206476211547857, 3.746036338806152, 3.9571815490722653, 4.152774238586426, 4.334124755859375, 4.498630523681641, 4.6450035095214846, 4.773239898681641, 4.883343505859376, 4.971426391601563, 5.041374588012696, 5.094479942321778, 5.126860046386719, 5.135927200317383, 5.12944564819336, 5.100945091247558, 5.047839736938476, 4.974005508422851, 4.920893287658692, 4.8470607757568365]}