{"currents": [7.393764797598124e-07, 8.206344908103347e-07, 8.206344908103348e-07, 8.206344908103347e-07, 7.393724983558059e-07, 8.477191906422376e-07, 7.664611795917154e-07, 9.289812063798309e-07, 9.831545408815146e-07, 1.0102431988343597e-06, 1.0644165333360432e-06, 1.010243175551295e-06, 1.0102431755512953e-06, 9.018965065479279e-07, 9.560698410496116e-07, 9.018965065479279e-07, 9.56069864332676e-07, 9.018965298309923e-07, 9.56069864332676e-07, 9.831545408815146e-07, 9.289812063798309e-07, 9.831545408815146e-07, 9.831545408815146e-07, 9.289812063798309e-07, 8.748078718781472e-07, 8.748078718781472e-07, 8.748078718781472e-07, 8.206345373764634e-07, 8.748078718781472e-07, 7.935498375445605e-07, 7.935498375445605e-07, 6.852031452581286e-07, 6.852031452581286e-07, 6.310298107564449e-07, 5.768564995378255e-07, 5.226831417530775e-07, 5.226831417530775e-07, 4.955944838002324e-07, 3.8724781479686503e-07, 4.4142112601548434e-07, 3.8724781479686503e-07, 4.14332514628768e-07, 3.330745035782457e-07, 3.601591801270843e-07, 2.5181251112371687e-07, 2.5181251112371687e-07, 1.7055450007319452e-07, 1.1638114228844643e-07, 8.929646573960782e-08, 1.1638114228844643e-07, 1.4346581883728505e-07, 3.511914983391762e-08, 3.511914983391763e-08, -1.9054207950830465e-08, -1.905420795083046e-08, -1.0031224228441716e-07, -4.61389310657978e-08, -4.61389310657978e-08, -1.0031224228441716e-07, -1.8157023005187515e-07, -2.3574354127049452e-07, -2.3574354127049447e-07, -2.8991685248911384e-07, -2.3574354127049447e-07, -2.3574354127049447e-07, -1.8157023005187512e-07, -2.3574354127049447e-07, -2.3574354127049447e-07, -2.3574354127049447e-07, -1.8157023005187512e-07, -1.8157023005187512e-07, -1.2739691883325578e-07, -1.0031224228441716e-07, -1.0031224228441716e-07, -1.0031224228441716e-07, -1.544855535030365e-07, -1.0031219571828842e-07, -1.2739687226712706e-07, -7.322351448237897e-08, -7.322351448237897e-08, 3.5123154520988465e-08, 3.5123154520988465e-08, 1.434698235243559e-07, 1.7055450007319452e-07, 2.247278578579426e-07, 2.789011690765619e-07, 3.0598584562540055e-07, 3.059858456254006e-07, 2.78901169076562e-07, 3.330744802951813e-07, 3.3307448029518124e-07, 4.143364727497101e-07, 4.685097839683294e-07, 5.768564529716969e-07, 5.768564529716969e-07, 5.768564529716969e-07, 5.768564529716969e-07, 5.768564529716969e-07, 6.310297874733806e-07, 7.393764797598124e-07], "voltages": [0.4817556381225586, 0.6397918701171875, 0.7952323913574219, 1.002486228942871, 1.208439826965332, 1.410519027709961, 1.604814338684082, 1.7939435958862306, 1.9727035522460938, 2.1449850082397464, 2.3082008361816406, 2.4662286758422853, 2.6126016616821293, 2.75249137878418, 2.882028388977051, 2.9986051559448246, 3.1022354125976563, 3.196791648864746, 3.277105712890625, 3.3418743133544924, 3.3962751388549806, 3.435138702392578, 3.4558639526367188, 3.4662233352661134, 3.4623340606689452, 3.444199371337891, 3.413111114501953, 3.374247932434082, 3.318551635742187, 3.253779411315918, 3.176059150695801, 3.0879693984985352, 2.984342384338379, 2.870349502563477, 2.7459939956665043, 2.608685111999512, 2.463607597351074, 2.3068700790405274, 2.142355728149414, 1.9661931991577148, 1.7848426818847656, 1.5944299697875979, 1.3988290786743167, 1.198053550720215, 0.995974349975586, 0.7887205123901369, 0.5775754928588868, 0.3677276611328125, 0.15399532318115233, -0.059733390808105476, -0.27216701507568364, -0.47942771911621096, -0.6866817474365234, -0.8887577056884766, -1.0895349502563476, -1.2838405609130858, -1.4742517471313477, -1.6555988311767578, -1.8317678451538086, -1.997576141357422, -2.1556104660034183, -2.307164764404297, -2.4483598709106444, -2.577890205383301, -2.6970611572265626, -2.808456802368164, -2.901724433898926, -2.9859212875366214, -3.0558694839477543, -3.115451622009278, -3.156902503967286, -3.19057788848877, -3.2074155807495117, -3.2151876449584966, -3.207415580749512, -3.1866933822631838, -3.153011322021485, -3.1063808441162113, -3.044201278686524, -2.969071769714356, -2.8835729598999027, -2.7825366973876955, -2.6724264144897463, -2.550662994384766, -2.4211259841918946, -2.2760448455810547, -2.1244886398315432, -1.9612762451171877, -1.7902935028076172, -1.608942985534668, -1.4250051498413085, -1.2332902908325196, -1.0363956451416014, -0.835611915588379, -0.6309486389160157, -0.4211040496826172, -0.20996417999267583, 0.00247097015380858, 0.16439151763916016, 0.32372455596923827]}