{"currents": [-1.0664551332592966e-05, -9.293223824352028e-06, -1.0390270035713913e-05, -1.0390270035713912e-05, -1.1487316247075797e-05, -1.011598873883486e-05, -1.1487316247075797e-05, -1.011598873883486e-05, -1.1213034950196745e-05, -1.0664512030780317e-05, -1.1487316619604828e-05, -1.1487316619604828e-05, -1.1761597916483882e-05, -1.176159791648388e-05, -1.1213074624538424e-05, -1.1761597543954851e-05, -1.1761597543954851e-05, -1.258436217904091e-05, -1.3132885098457338e-05, -1.2858603801578284e-05, -1.2858603801578285e-05, -1.17615575902164e-05, -1.1487316247075797e-05, -1.093879332765937e-05, -1.1213074624538424e-05, -1.1213074624538422e-05, -1.1213074624538424e-05, -1.1761597543954851e-05, -1.1761597543954851e-05, -1.258436217904091e-05, -1.2858603522181511e-05, -1.3407126814126971e-05, -1.340712681412697e-05, -1.2858603894710544e-05, -1.2584362551569941e-05, -1.1761598289012912e-05, -1.231012120842934e-05, -1.176159828901291e-05, -1.176159828901291e-05, -1.231012120842934e-05, -1.231012120842934e-05, -1.2310121208429338e-05, -1.1761597916483882e-05, -1.1761597916483882e-05, -1.1213074997067454e-05, -1.1213074997067454e-05, -1.0664552077651025e-05, -1.1213075369596483e-05, -1.1213075369596483e-05, -1.1213075369596483e-05, -1.176159828901291e-05, -1.176159828901291e-05, -1.176159828901291e-05, -1.1761598289012912e-05, -1.1761598289012912e-05, -1.1213075369596483e-05, -1.1487316712737084e-05, -1.0938793420791626e-05, -1.121303476393223e-05, -1.121303476393223e-05, -1.121303476393223e-05, -1.0938793420791628e-05, -1.1487316712737086e-05, -1.0938793793320657e-05, -1.0938793793320657e-05, -1.0390270501375199e-05, -1.03902705013752e-05, -1.03902705013752e-05, -1.0116028785705567e-05, -1.0116028785705567e-05, -1.0938793420791626e-05, -1.0390270128846168e-05, -9.841746836900712e-06, -1.0115988552570344e-05, -9.567465260624886e-06, -9.018942341208459e-06, -9.018942341208459e-06, -9.018942341208459e-06, -9.293223917484285e-06, -9.293223917484285e-06, -9.293223917484283e-06, -9.567465633153917e-06, -1.0115988925099373e-05, -1.0115988925099374e-05, -1.0115988925099374e-05, -1.03902705013752e-05, -1.0116028785705567e-05, -9.841747209429741e-06, -9.841747209429741e-06, -1.0390270501375199e-05, -1.0664511844515802e-05, -1.121303513646126e-05, -1.0938793420791628e-05, -1.039027012884617e-05, -1.039027012884617e-05, -1.0116028785705567e-05, -1.0664551705121995e-05, -1.0664551705121995e-05, -1.0664551705121995e-05, -1.0116028413176538e-05], "voltages": [0.6135768890380859, 0.5587465286254882, 0.5026107788085938, 0.4281982421875, 0.3524803161621094, 0.2754568099975586, 0.19712791442871094, 0.12140979766845703, 0.04438629150390624, -0.03133182525634766, -0.1057443618774414, -0.18015689849853517, -0.25326385498046877, -0.3263708114624023, -0.3968667984008789, -0.4673627853393555, -0.5339424133300781, -0.6005220413208008, -0.6644906997680664, -0.7258485794067383, -0.783289909362793, -0.8381202697753907, -0.8877286911010743, -0.9308095932006837, -0.9712793350219727, -1.007832717895508, -1.0404697418212892, -1.0691902160644533, -1.0952999114990236, -1.1148822784423829, -1.1305482864379883, -1.1396865844726562, -1.1436031341552735, -1.1436031341552735, -1.1396865844726562, -1.129242515563965, -1.1135766983032227, -1.0952999114990236, -1.0691902160644533, -1.037858772277832, -1.0026107788085938, -0.9608354568481445, -0.916448974609375, -0.8720626831054688, -0.8224542617797852, -0.7689294815063478, -0.7140991210937502, -0.6527414321899415, -0.5874671936035156, -0.5195819854736328, -0.45169677734375, -0.3825061798095703, -0.31201019287109377, -0.23890323638916017, -0.16579627990722656, -0.09007835388183595, -0.013055038452148438, 0.06396846771240235, 0.14229736328125, 0.22062644958496097, 0.2963443756103516, 0.37206249237060546, 0.4464750289916992, 0.518276596069336, 0.5900781631469726, 0.6592687606811524, 0.725848388671875, 0.7911226272583008, 0.8524805068969727, 0.9099216461181641, 0.9660573959350587, 1.0156658172607422, 1.0626630783081055, 1.1057437896728515, 1.14229736328125, 1.1749343872070315, 1.2049604415893556, 1.229764747619629, 1.2493471145629884, 1.2650129318237304, 1.2754568099975587, 1.2832897186279297, 1.2859006881713868, 1.2832897186279297, 1.2741512298583986, 1.2624019622802736, 1.244125175476074, 1.2193208694458009, 1.1919057846069339, 1.1605743408203126, 1.1240207672119142, 1.0835508346557619, 1.0391645431518555, 0.9882507324218751, 0.9386423110961915, 0.8825067520141603, 0.8237600326538086, 0.7610967636108399, 0.7167102813720704, 0.6644908905029298]}