{"currents": [-1.600472740828991e-05, -1.491621620953083e-05, -1.3283469527959825e-05, -1.3827705010771752e-05, -1.2739193812012672e-05, -1.1650682985782623e-05, -1.1106447502970696e-05, -1.1106447502970696e-05, -1.0017936676740647e-05, -9.201543498784303e-06, -8.929425664246081e-06, -8.113032486289739e-06, -7.024521566927433e-06, -5.936010461300612e-06, -5.6638927198946485e-06, -4.847499448806048e-06, -3.486830648034811e-06, -3.486830648034811e-06, -3.4868306480348114e-06, -2.9425551183521747e-06, -2.3982795886695385e-06, -2.3982795886695385e-06, -1.3097285293042659e-06, -7.654529996216296e-07, 3.2305801287293434e-07, 8.672934956848621e-07, 1.9558045081794264e-06, 3.0443155206739902e-06, 3.5885510034859183e-06, 3.5885510034859183e-06, 3.588551003485918e-06, 3.5885510034859183e-06, 3.044275473803282e-06, 3.5885510034859183e-06, 4.1328265331685545e-06, 4.677102062851191e-06, 3.860708791762591e-06, 3.860708791762591e-06, 3.3164332620799543e-06, 2.7721577323973176e-06, 2.7721577323973176e-06, 2.7721577323973185e-06, 2.772157732397318e-06, 2.2279222495853904e-06, 1.1394112370908261e-06, 5.09002245962621e-08, 5.090022459626199e-08, -4.933352582156658e-07, -1.037610787898302e-06, -1.037610787898302e-06, -2.126161847263575e-06, -3.486830648034812e-06, -4.575381707400084e-06, -5.1196572370827205e-06, -5.663932766765357e-06, -5.391774978488684e-06, -5.936010554432869e-06, -6.480246130377055e-06, -7.5687570497393605e-06, -8.385110180824996e-06, -9.473621100187302e-06, -1.0017896443605424e-05, -1.0562171787023544e-05, -1.0562171787023546e-05, -1.1378565058112144e-05, -1.2194958329200743e-05, -1.2739193812012672e-05, -1.3827705010771752e-05, -1.4371940493583681e-05, -1.437194049358368e-05, -1.4644098281860353e-05, -1.5188373997807503e-05, -1.5188373997807505e-05, -1.5732649713754657e-05, -1.6821160912513735e-05, -1.763751432299614e-05, -1.8726025149226187e-05, -1.8998142704367634e-05, -1.9542378187179564e-05, -2.0086653530597684e-05, -2.035881131887436e-05, -1.9814535975456238e-05, -2.008665390312672e-05, -2.0358811691403392e-05, -2.0086694136261942e-05, -1.981453634798527e-05, -2.035881169140339e-05, -2.090308703482151e-05, -2.0903087034821512e-05, -2.063092924654484e-05, -2.0903087034821512e-05, -2.0358811691403392e-05, -1.981453634798527e-05, -2.0086653903126715e-05, -2.0086653903126715e-05, -1.9814496114850045e-05, -1.9814496114850045e-05, -1.9814496114850045e-05, -1.7637474089860913e-05, -1.7093238607048986e-05], "voltages": [-6.19430103302002, -4.805700111389161, -3.3601041793823243, -2.6839385986328126, -2.0000005722045895, -1.3108814239501954, -0.6139900207519532, 0.08031063079833992, 0.7707252502441406, 1.4637304306030274, 2.1541450500488284, 2.8316061019897463, 3.5077720642089845, 4.169689178466797, 4.822538948059083, 5.458549308776855, 6.073834228515625, 6.664507675170898, 7.234455871582032, 7.77461109161377, 8.287564468383788, 8.774611282348634, 9.229274368286134, 9.660621452331545, 10.06217613220215, 10.420984649658205, 10.75259075164795, 11.051813507080078, 11.30569953918457, 11.519429779052736, 11.704662704467772, 11.829014968872071, 11.924870109558107, 11.974092864990235, 11.985751152038576, 11.953367614746094, 11.904145050048829, 11.79663200378418, 11.654145240783691, 11.467616653442382, 11.247409439086914, 10.972797775268555, 10.66839370727539, 10.33290138244629, 9.959844398498536, 9.549222564697265, 9.11269416809082, 8.643782043457032, 8.141191291809083, 7.612693977355957, 7.0595853805542, 6.483160781860352, 5.883419799804688, 5.264248847961426, 4.629533767700195, 3.9805698394775395, 3.313471031188965, 2.6360099792480476, 1.9494813919067384, 1.2590667724609375, 0.5647663116455077, -0.13471546173095703, -0.831606674194336, -1.5233163833618164, -2.216321563720703, -2.897668647766113, -3.5595857620239255, -4.217616844177246, -4.860104084014893, -5.481865787506104, -6.086787986755372, -6.6774615287780765, -7.23445634841919, -7.768135070800782, -8.27331657409668, -8.756477451324464, -9.194301414489747, -9.602332496643067, -9.97538948059082, -10.325130271911622, -10.624352836608887, -10.898964309692385, -11.146373748779299, -11.347150993347167, -11.506477355957031, -11.62953453063965, -11.717617225646974, -11.748705291748047, -11.759067916870116, -11.718912506103518, -11.647668838500978, -11.520726013183596, -11.373057556152345, -11.167098999023438, -10.939119720458983, -10.66062240600586, -10.35233211517334, -10.00000057220459, -8.800518608093261, -7.52331657409668]}