{"currents": [-2.6845960691571238e-05, -2.7668725326657297e-05, -2.7668725326657297e-05, -2.79429666697979e-05, -2.7668685093522074e-05, -2.7120161801576614e-05, -2.6297397166490555e-05, -2.5748874247074126e-05, -2.5474632903933526e-05, -2.5748914480209353e-05, -2.547467313706875e-05, -2.547467313706875e-05, -2.547467313706875e-05, -2.4926150217652324e-05, -2.4377627298235892e-05, -2.4377627298235892e-05, -2.4377627298235892e-05, -2.3829104378819466e-05, -2.3829104378819466e-05, -2.328058145940304e-05, -2.273205853998661e-05, -2.2183535620570182e-05, -2.2457776963710785e-05, -2.1909253671765325e-05, -2.190925367176533e-05, -2.190925367176533e-05, -2.190925367176533e-05, -2.1635012328624726e-05, -2.136073112487793e-05, -2.1360731124877927e-05, -2.136073112487793e-05, -2.136073112487793e-05, -2.136073112487793e-05, -2.1635012328624726e-05, -2.1086489036679263e-05, -2.0537965744733807e-05, -2.053796574473381e-05, -1.998944245278835e-05, -1.998944245278835e-05, -1.9715161249041555e-05, -1.9715161249041555e-05, -1.91666379570961e-05, -1.8618115037679673e-05, -1.8343833833932877e-05, -1.8618115037679673e-05, -1.8618115037679673e-05, -1.8618115037679673e-05, -1.91666379570961e-05, -1.91666379570961e-05, -1.8618115037679673e-05, -1.8618115037679673e-05, -1.8618115037679673e-05, -1.8343833833932877e-05, -1.8618115037679673e-05, -1.91666379570961e-05, -1.9715161249041558e-05, -1.9715161249041555e-05, -1.998944245278835e-05, -2.053796574473381e-05, -2.1635011956095692e-05, -2.136073037981987e-05, -2.136073037981987e-05, -2.190925367176533e-05, -2.190925367176533e-05, -2.13607307523489e-05, -2.1635012328624726e-05, -2.273205853998661e-05, -2.2732058539986608e-05, -2.273205853998661e-05, -2.273205853998661e-05, -2.355482280254364e-05, -2.382906414568424e-05, -2.3829064145684243e-05, -2.437758706510067e-05, -2.4926109984517097e-05, -2.4651868641376498e-05, -2.410334572196007e-05, -2.4651868641376498e-05, -2.4651868641376498e-05, -2.4651868641376498e-05, -2.4651868641376498e-05, -2.547467313706875e-05, -2.602319605648518e-05, -2.6571718975901605e-05, -2.65717189759016e-05, -2.65717189759016e-05, -2.65717189759016e-05, -2.602319605648518e-05, -2.602319605648518e-05, -2.6571718975901605e-05, -2.6845960319042204e-05, -2.6571678742766378e-05, -2.6571678742766378e-05, -2.6571678742766378e-05, -2.657167874276638e-05, -2.6845960319042208e-05, -2.65717189759016e-05, -2.712024189531803e-05, -2.65717189759016e-05, -2.65717189759016e-05], "voltages": [-4.477806663513184, -4.289817237854004, -4.06919059753418, -3.9086162567138674, -3.7336816787719727, -3.5391647338867185, -3.3394258499145506, -3.124021148681641, -2.8981723785400395, -2.6579633712768556, -2.415143394470215, -2.1605741500854494, -1.8955610275268555, -1.6266315460205079, -1.3550910949707033, -1.0718013763427734, -0.7832897186279297, -0.49477806091308596, -0.20365543365478517, 0.08877277374267577, 0.3785900115966797, 0.6671018600463867, 0.9556135177612305, 1.2402088165283203, 1.5221931457519533, 1.798955535888672, 2.0718013763427736, 2.3394254684448246, 2.6005218505859378, 2.8537857055664064, 3.097911071777344, 3.327676010131836, 3.5469970703125, 3.7545690536499023, 3.9477806091308594, 4.127937126159668, 4.298955726623535, 4.4530029296875, 4.593995285034181, 4.715405082702637, 4.825065803527832, 4.915143966674805, 4.990861701965332, 5.0469970703125, 5.093994331359863, 5.11488208770752, 5.122714805603027, 5.112271118164063, 5.090077972412109, 5.0430807113647464, 4.989555931091309, 4.916449165344238, 4.827676391601562, 4.716710472106934, 4.596606063842773, 4.459530448913575, 4.302872276306153, 4.1305484771728525, 3.947780799865723, 3.7506528854370123, 3.5378589630126958, 3.3172325134277347, 3.0900783538818364, 2.8537860870361333, 2.6005222320556642, 2.3407312393188477, 2.078329086303711, 1.8015666961669923, 1.5208877563476564, 1.2415143966674806, 0.9543079376220702, 0.6631851196289061, 0.3733678817749023, 0.08224525451660153, -0.20887737274169924, -0.4960834503173828, -0.7859006881713868, -1.0704957962036135, -1.3524801254272463, -1.627937126159668, -1.8968666076660154, -2.1592685699462892, -2.413837814331055, -2.6592685699462892, -2.8955610275268553, -3.125326156616211, -3.339425277709961, -3.5456916809082033, -3.733681297302246, -3.9125324249267583, -4.077023315429688, -4.221932029724121, -4.353785705566406, -4.476501083374024, -4.575717735290528, -4.661879539489746, -4.737597465515137, -4.789816856384277, -4.724542808532715, -4.622715187072754]}