{"currents": [-2.1741583943367006e-06, -2.1741583943367006e-06, -2.228826936334372e-06, -2.3381640203297138e-06, -2.392832562327385e-06, -2.3381640203297138e-06, -2.365500293672085e-06, -2.365500293672085e-06, -2.365500293672085e-06, -2.3381640203297138e-06, -2.3381640203297138e-06, -2.2834954783320426e-06, -2.256159204989672e-06, -2.2014906629920008e-06, -2.228826936334372e-06, -2.228826936334372e-06, -2.228826936334372e-06, -2.2014946676790717e-06, -2.2014946676790717e-06, -2.2014946676790717e-06, -2.256163209676743e-06, -2.310831751674414e-06, -2.365500293672085e-06, -2.365500293672085e-06, -2.3108317516744136e-06, -2.2561632096767424e-06, -2.2014946676790717e-06, -2.2014946676790717e-06, -2.2014946676790717e-06, -2.1468261256814005e-06, -2.2014946676790717e-06, -2.2561632096767424e-06, -2.2014946676790717e-06, -2.2014946676790717e-06, -2.2561632096767424e-06, -2.2014946676790717e-06, -2.0921575836837293e-06, -2.11948985233903e-06, -2.0648213103413582e-06, -2.11948985233903e-06, -2.1194898523390294e-06, -2.1194898523390294e-06, -2.0921575836837297e-06, -2.0921575836837293e-06, -1.9828204996883873e-06, -1.9828204996883873e-06, -1.982820499688387e-06, -1.9828204996883873e-06, -2.037489041686058e-06, -2.1468261256814005e-06, -2.0921575836837293e-06, -2.1468261256814005e-06, -2.1194898523390294e-06, -2.1194898523390294e-06, -2.0648213103413582e-06, -2.1194898523390294e-06, -2.1194898523390294e-06, -2.1468261256814005e-06, -2.1741583943367006e-06, -2.1741583943367006e-06, -2.1741583943367006e-06, -2.1741583943367006e-06, -2.2014906629920008e-06, -2.2014906629920008e-06, -2.2014906629920008e-06, -2.1468221209943296e-06, -2.14682212099433e-06, -2.1194898523390294e-06, -2.1468261256814005e-06, -2.2014946676790717e-06, -2.256163209676743e-06, -2.3108317516744136e-06, -2.365500293672085e-06, -2.365500293672085e-06, -2.3381640203297138e-06, -2.392832562327385e-06, -2.365496288985014e-06, -2.338160015642643e-06, -2.3381600156426433e-06, -2.3654962889850143e-06, -2.3381600156426433e-06, -2.338160015642643e-06, -2.365496288985014e-06, -2.3654962889850143e-06, -2.392828557640314e-06, -2.420164830982685e-06, -2.392832562327385e-06, -2.3381640203297138e-06, -2.2834954783320426e-06, -2.228826936334372e-06, -2.1741583943367006e-06, -2.1741583943367006e-06, -2.2014906629920008e-06, -2.1468221209943296e-06, -2.1741583943367006e-06, -2.228826936334372e-06, -2.256159204989672e-06, -2.228826936334372e-06, -2.2288269363343714e-06, -2.1741583943367006e-06], "voltages": [-0.9503913879394531, -0.9060050964355469, -0.8537858963012696, -0.812010383605957, -0.7689294815063477, -0.7232376098632813, -0.6749345779418945, -0.6201042175292968, -0.5639684677124024, -0.506527328491211, -0.4477806091308594, -0.3851173400878906, -0.323759651184082, -0.26109638214111325, -0.1932111740112305, -0.1240205764770508, -0.05482997894287109, 0.014360618591308594, 0.08616199493408203, 0.15665817260742188, 0.22845973968505856, 0.3002613067626953, 0.3733684539794922, 0.44125366210937506, 0.5091386795043946, 0.5757183074951172, 0.6409923553466796, 0.7036554336547851, 0.7676240921020507, 0.8289817810058593, 0.8890340805053711, 0.9464754104614258, 0.9986948013305664, 1.0509141921997072, 1.0992172241210938, 1.1436037063598632, 1.1840736389160158, 1.2232379913330078, 1.2558750152587892, 1.2872064590454102, 1.3133159637451173, 1.3355091094970704, 1.35509147644043, 1.369451713562012, 1.37989559173584, 1.387728500366211, 1.390339469909668, 1.389033889770508, 1.386422920227051, 1.377284622192383, 1.361618804931641, 1.3433420181274414, 1.3198432922363281, 1.291122817993164, 1.2584857940673828, 1.2245433807373047, 1.1879899978637696, 1.1462146759033205, 1.1044389724731447, 1.057441520690918, 1.0091386795043946, 0.956919288635254, 0.9033943176269531, 0.8446475982666015, 0.7845952987670899, 0.718015480041504, 0.6527414321899414, 0.5835510253906251, 0.5169715881347656, 0.4490865707397461, 0.3812015533447266, 0.3107053756713868, 0.2428201675415039, 0.16971302032470703, 0.09791126251220705, 0.028720664978027343, -0.0417755126953125, -0.11227169036865237, -0.18015670776367188, -0.24673614501953126, -0.3133159637451172, -0.37728462219238285, -0.4399477005004883, -0.5, -0.5587469100952149, -0.6135770797729493, -0.6671018600463868, -0.7180156707763672, -0.7650129318237305, -0.8080938339233399, -0.8498691558837891, -0.8864225387573242, -0.9190597534179689, -0.9503913879394532, -0.9765008926391603, -0.9947776794433594, -1.0117490768432618, -1.0221927642822266, -1.0078325271606445, -0.9830284118652345]}