{"currents": [-0.0004571777284145356, -0.00044798417091369635, -0.00044798417091369635, -0.000452580612897873, -0.0004479834973812104, -0.0004387899398803711, -0.00042959638237953187, -0.00042040282487869265, -0.00042499994039535524, -0.00042959705591201784, -0.0004387906134128571, -0.00043879061341285707, -0.0004479841709136963, -0.00044338705539703375, -0.00043419349789619447, -0.00041580638885498045, -0.00041580638885498045, -0.0004066128313541412, -0.00039282283782958986, -0.00040201639533042914, -0.0004020163953304291, -0.00039282284379005435, -0.00039282284379005435, -0.00040201639533042914, -0.0003836292862892151, -0.0003836292862892151, -0.00037443572878837584, -0.0003652421772480011, -0.00035604862570762637, -0.0003560486257076263, -0.0003652421772480011, -0.00037443573474884033, -0.00037443573474884033, -0.0003836292862892151, -0.0003836292862892151, -0.00036983861923217773, -0.00036983861923217773, -0.00036983861923217773, -0.000360645067691803, -0.000360645067691803, -0.00035604862570762637, -0.00034685506820678714, -0.0003468550682067871, -0.00033766151070594786, -0.00033766151070594786, -0.0003468550682067871, -0.0003514515101909637, -0.0003514515101909637, -0.00035145151019096377, -0.00035145151019096377, -0.00035145151019096377, -0.0003560486257076263, -0.0003560486257076263, -0.0003652421832084656, -0.0003652421832084656, -0.000360645067691803, -0.000360645067691803, -0.00036983861923217773, -0.0003790321707725525, -0.0003790321707725525, -0.0003928228378295899, -0.0003928228378295898, -0.0003836292862892151, -0.00037443573474884033, -0.0003836292862892151, -0.00037443573474884033, -0.0003836292862892151, -0.0003836292862892151, -0.0003928228378295899, -0.0003836292862892151, -0.0003928228378295899, -0.0003836292862892151, -0.0003928228378295899, -0.00040201639533042914, -0.0004112099468708038, -0.00041120994687080393, -0.0004204034984111786, -0.0004204034984111786, -0.0004112099409103394, -0.0004112099409103394, -0.0004112099409103394, -0.0004112099409103394, -0.0004112099409103394, -0.0004112099409103394, -0.0004204034984111786, -0.0004204034984111786, -0.00042959705591201784, -0.00042959705591201784, -0.00043879061341285707, -0.00043879061341285707, -0.00044338705539703375, -0.00043419349789619447, -0.0004433870553970337, -0.00044338705539703375, -0.00043419349789619447, -0.0004433870553970337, -0.0004617741703987122, -0.0004617741703987122, -0.0004525806128978729, -0.00046177417039871226], "voltages": [-2.9804174423217775, -2.870756912231445, -2.732375717163086, -2.625326156616211, -2.513054656982422, -2.3903392791748046, -2.2571800231933596, -2.118798828125, -1.9699735641479494, -1.8133155822753908, -1.650130271911621, -1.4830284118652346, -1.3093992233276368, -1.1357702255249023, -0.9556135177612306, -0.7702348709106446, -0.5822454452514648, -0.39033946990966795, -0.19973888397216796, -0.003916358947753912, 0.187989616394043, 0.3838121414184571, 0.5770236968994141, 0.7715408325195312, 0.958224868774414, 1.147519874572754, 1.327676582336426, 1.5039167404174805, 1.676240348815918, 1.8446475982666017, 2.009138488769531, 2.16449089050293, 2.3146213531494144, 2.4582244873046877, 2.5913837432861326, 2.71409912109375, 2.8302871704101564, 2.9373367309570315, 3.031331634521485, 3.1201045989990237, 3.1945171356201176, 3.2597913742065434, 3.312010765075684, 3.3563972473144537, 3.3838123321533207, 3.408616447448731, 3.4177545547485355, 3.4177545547485355, 3.40339412689209, 3.3812009811401373, 3.342036628723145, 3.2963447570800786, 3.238903427124024, 3.1749345779418947, 3.0966054916381838, 3.009138107299805, 2.9086160659790044, 2.7976501464843757, 2.6762403488159183, 2.546997451782227, 2.411227226257324, 2.268929481506348, 2.118799018859863, 1.960835647583008, 1.8002613067626954, 1.6292428970336914, 1.454308319091797, 1.274151611328125, 1.091383934020996, 0.9033943176269532, 0.7127939224243165, 0.5182767868041993, 0.32767620086669924, 0.13446483612060545, -0.05874652862548828, -0.2519580841064453, -0.4438640594482422, -0.6370754241943359, -0.8250650405883789, -1.013054656982422, -1.1945167541503907, -1.3694513320922852, -1.539164161682129, -1.7062660217285157, -1.8616184234619142, -2.0143600463867184, -2.1579631805419925, -2.2963443756103517, -2.424281692504883, -2.5456916809082033, -2.6566577911376954, -2.762401962280274, -2.85378589630127, -2.937336730957031, -3.0130546569824217, -3.0757177352905276, -3.121409606933594, -3.160573959350586, -3.129242515563965, -3.06657943725586]}