{"currents": [-7.774768862873317e-07, -7.774768862873317e-07, -7.233035750687123e-07, -7.233035750687123e-07, -6.69130263850093e-07, -6.69130263850093e-07, -6.691302638500929e-07, -7.233035750687122e-07, -7.233035750687123e-07, -7.774768862873317e-07, -7.233035285025835e-07, -6.962188519537449e-07, -6.420455407351256e-07, -6.14960864186287e-07, -5.607875529676676e-07, -6.149609107524158e-07, -6.149609107524157e-07, -6.149609107524157e-07, -6.420455873012543e-07, -6.420455873012544e-07, -6.420455873012544e-07, -6.691302638500929e-07, -6.691302638500929e-07, -7.233035750687122e-07, -7.233035750687123e-07, -6.962188985198737e-07, -6.420455873012544e-07, -6.420455873012544e-07, -5.87872276082635e-07, -5.607875995337964e-07, -5.607875995337964e-07, -5.066142417490483e-07, -5.066142417490483e-07, -4.795295652002097e-07, -5.066142417490483e-07, -5.336989182978869e-07, -5.87872276082635e-07, -5.87872276082635e-07, -5.87872276082635e-07, -5.87872276082635e-07, -5.607875995337964e-07, -5.607875995337964e-07, -5.607875995337964e-07, -5.336989182978868e-07, -5.878722295165062e-07, -5.607835482805967e-07, -5.607835482805967e-07, -5.607835482805968e-07, -5.878722295165063e-07, -5.336989182978869e-07, -5.87872276082635e-07, -6.420455873012543e-07, -5.878722295165062e-07, -6.420455407351256e-07, -6.962188519537449e-07, -6.962188519537449e-07, -6.420455407351256e-07, -6.962188985198737e-07, -6.962188985198737e-07, -6.420455873012543e-07, -6.420455873012543e-07, -6.420455873012544e-07, -6.420455873012544e-07, -6.149569526314736e-07, -5.607835948467255e-07, -5.607835948467255e-07, -5.607835948467256e-07, -5.066102370619774e-07, -5.066102370619774e-07, -5.878722295165063e-07, -6.14960864186287e-07, -6.691341754049063e-07, -7.774808444082737e-07, -7.774808444082737e-07, -8.045655209571124e-07, -8.31650197505951e-07, -8.31650197505951e-07, -8.31650197505951e-07, -8.858235087245703e-07, -8.31650197505951e-07, -8.31650197505951e-07, -8.31650197505951e-07, -7.774768862873317e-07, -7.233035750687123e-07, -7.774768862873317e-07, -7.774768862873317e-07, -7.774768862873317e-07, -8.31650197505951e-07, -8.858235087245703e-07, -8.31650197505951e-07, -7.774768862873317e-07, -7.774768862873317e-07, -7.774768862873317e-07, -7.774768862873317e-07, -7.774768862873317e-07, -7.774768862873317e-07, -7.774768862873317e-07, -7.774768862873317e-07, -7.233035750687123e-07, -7.774768862873317e-07], "voltages": [-0.4419134140014649, -0.28906364440917975, -0.1310293197631836, -0.063671875, 0.004984474182128905, 0.07752323150634766, 0.14876670837402345, 0.22130222320556642, 0.2938411712646485, 0.36767196655273443, 0.4376235961914063, 0.5075735092163086, 0.5749343872070313, 0.6409982681274414, 0.7031778335571289, 0.7653505325317383, 0.8236408233642579, 0.8793403625488283, 0.9324474334716798, 0.9829654693603517, 1.0295976638793947, 1.0736371994018554, 1.116383361816406, 1.157830810546875, 1.1928049087524415, 1.2251901626586914, 1.2536909103393556, 1.2770069122314456, 1.295145034790039, 1.3119861602783205, 1.3223487854003908, 1.328828811645508, 1.334010124206543, 1.3327165603637696, 1.3288288116455078, 1.3197597503662108, 1.3080984115600587, 1.288668441772461, 1.2653522491455078, 1.2394454956054688, 1.2096544265747071, 1.1759757995605469, 1.1384109497070314, 1.098257064819336, 1.0542121887207032, 1.0088769912719728, 0.9596540451049805, 0.9078405380249024, 0.8521394729614258, 0.7899667739868165, 0.727787208557129, 0.6630170822143555, 0.5943675994873048, 0.5295974731445313, 0.46482715606689456, 0.39487915039062504, 0.3223436355590821, 0.25627822875976564, 0.18373947143554686, 0.11120414733886717, 0.03866519927978515, -0.03128299713134765, -0.1038219451904297, -0.1750638961791992, -0.24500885009765627, -0.3123662948608399, -0.37972373962402345, -0.44837322235107424, -0.511844825744629, -0.5727306365966798, -0.6310224533081056, -0.6854299545288087, -0.7359548568725587, -0.7851776123046876, -0.8305160522460938, -0.8758546829223633, -0.9173055648803712, -0.9561656951904298, -0.9885524749755861, -1.0196372985839846, -1.0429533004760745, -1.0662693023681642, -1.0844005584716798, -1.0999412536621094, -1.1103073120117188, -1.1180793762207033, -1.1180793762207033, -1.1154920578002931, -1.1077234268188478, -1.0973573684692384, -1.0844005584716798, -1.066265869140625, -1.0429498672485353, -1.0157478332519534, -0.9859550476074219, -0.9496856689453126, -0.910825538635254, -0.8693746566772461, -0.7333608627319336, -0.5895818710327148]}