{"currents": [-2.6935075409710406e-06, -2.63883899897337e-06, -2.5841704569756987e-06, -2.5568381883203985e-06, -2.6115067303180697e-06, -2.584174461662769e-06, -2.5295059196650984e-06, -2.5021696463227273e-06, -2.5021696463227273e-06, -2.5021696463227273e-06, -2.5021696463227273e-06, -2.4748333729803563e-06, -2.447501104325056e-06, -2.447501104325056e-06, -2.365496288985014e-06, -2.338160015642643e-06, -2.365496288985014e-06, -2.420164830982685e-06, -2.420164830982685e-06, -2.447501104325056e-06, -2.420168835669756e-06, -2.365500293672085e-06, -2.3108317516744136e-06, -2.2014946676790717e-06, -2.1468261256814005e-06, -2.2014946676790717e-06, -2.2014946676790717e-06, -2.2014946676790717e-06, -2.2014946676790717e-06, -2.1468261256814005e-06, -2.0921575836837293e-06, -2.037489041686058e-06, -1.928151957690716e-06, -1.928151957690716e-06, -1.9828204996883873e-06, -1.9281519576907157e-06, -1.928151957690716e-06, -1.928151957690716e-06, -1.928151957690716e-06, -1.8188148736953737e-06, -1.8188148736953737e-06, -1.7914786003530027e-06, -1.7914786003530029e-06, -1.7914786003530029e-06, -1.7914786003530029e-06, -1.7914786003530029e-06, -1.7914786003530027e-06, -1.7914786003530029e-06, -1.8461471423506739e-06, -1.8734794110059742e-06, -1.873479411005974e-06, -1.900815684348345e-06, -1.8461471423506739e-06, -1.7914786003530029e-06, -1.8188148736953737e-06, -1.818814873695374e-06, -1.818814873695374e-06, -1.928151957690716e-06, -1.9281519576907157e-06, -2.0374890416860585e-06, -2.037489041686058e-06, -2.037489041686058e-06, -1.9828204996883873e-06, -2.0648213103413586e-06, -1.955484226346016e-06, -1.9554842263460163e-06, -1.9554842263460163e-06, -2.0101527683436874e-06, -1.982820499688387e-06, -1.982820499688387e-06, -2.0374890416860585e-06, -2.1468261256814005e-06, -2.1468261256814005e-06, -2.1468261256814005e-06, -2.2014946676790717e-06, -2.2014946676790717e-06, -2.1741583943367006e-06, -2.228826936334372e-06, -2.283495478332043e-06, -2.3381640203297138e-06, -2.392832562327385e-06, -2.474837377667427e-06, -2.474837377667427e-06, -2.5295059196650984e-06, -2.5295059196650984e-06, -2.474837377667427e-06, -2.474837377667427e-06, -2.5021696463227273e-06, -2.447501104325056e-06, -2.447501104325056e-06, -2.5021696463227273e-06, -2.5021696463227273e-06, -2.5295059196650984e-06, -2.5841744616627696e-06, -2.6115067303180697e-06, -2.6115067303180693e-06, -2.6661752723157405e-06, -2.720843814313412e-06, -2.693507540971041e-06, -2.666175272315741e-06], "voltages": [-4.416448974609375, -4.254569053649902, -4.050913619995117, -3.891644668579102, -3.7193208694458013, -3.5352476119995124, -3.3394252777099607, -3.1318536758422852, -2.9099214553833015, -2.6788509368896487, -2.436031150817871, -2.185378456115723, -1.9281982421875001, -1.6618797302246096, -1.3877283096313477, -1.1109659194946286, -0.8263704299926758, -0.5391641616821289, -0.249346923828125, 0.04177570343017577, 0.3342039108276368, 0.6240211486816407, 0.9164493560791016, 1.2036556243896483, 1.4882509231567385, 1.770235252380371, 2.0483030319213866, 2.3172325134277347, 2.5783288955688475, 2.830287170410156, 3.0783288955688475, 3.3093992233276364, 3.5339424133300783, 3.750652694702149, 3.9543081283569337, 4.142297744750977, 4.323760223388673, 4.485639953613282, 4.629243087768555, 4.75979118347168, 4.872062683105469, 4.9686681747436525, 5.053524589538574, 5.124020576477051, 5.172323417663574, 5.208876991271973, 5.227153587341309, 5.227153587341308, 5.207571411132812, 5.180156326293945, 5.1305480957031255, 5.063968849182129, 4.981723403930665, 4.885117912292481, 4.766318893432618, 4.631853866577149, 4.484334182739258, 4.322454452514648, 4.144908523559571, 3.9595302581787113, 3.7558750152587894, 3.5404701232910156, 3.3093996047973633, 3.073107147216797, 2.8237598419189456, 2.5718015670776366, 2.3093996047973633, 2.0443864822387696, 1.767624282836914, 1.486945343017578, 1.2023500442504882, 0.9164493560791016, 0.625326728820801, 0.3355094909667969, 0.043081283569335924, -0.246735954284668, -0.5365533828735352, -0.8224542617797852, -1.104438591003418, -1.3785900115966796, -1.6527414321899416, -1.916448783874512, -2.1749343872070312, -2.4308090209960938, -2.6749343872070312, -2.9099212646484376, -3.134464454650879, -3.343341827392578, -3.5378589630126953, -3.724542999267578, -3.8916448593139648, -4.04830265045166, -4.19190559387207, -4.318537330627441, -4.429503440856934, -4.522192764282227, -4.597910881042481, -4.6579631805419925, -4.618798828125, -4.536553382873535]}