{"currents": [-2.629743739962578e-05, -2.5200391560792924e-05, -2.4651868641376498e-05, -2.4651868641376498e-05, -2.4377627298235892e-05, -2.4377627298235892e-05, -2.492615021765232e-05, -2.492615021765232e-05, -2.492615021765232e-05, -2.4651868641376498e-05, -2.4651868641376498e-05, -2.4651868641376498e-05, -2.4651868641376498e-05, -2.4651868641376498e-05, -2.492615021765232e-05, -2.492615021765232e-05, -2.492615021765232e-05, -2.5200391560792924e-05, -2.49261099845171e-05, -2.4926109984517097e-05, -2.4377587065100672e-05, -2.4103305488824845e-05, -2.3280541226267817e-05, -2.3006299883127214e-05, -2.2457776963710785e-05, -2.2457776963710785e-05, -2.2183535620570182e-05, -2.273205853998661e-05, -2.2732058539986608e-05, -2.273205853998661e-05, -2.273205853998661e-05, -2.2183535248041155e-05, -2.1086489036679263e-05, -2.1086489036679266e-05, -2.1086489036679266e-05, -2.108648903667927e-05, -2.1635012328624726e-05, -2.1635012328624726e-05, -2.1086489036679263e-05, -2.1086489036679266e-05, -2.0537965744733807e-05, -1.998944245278835e-05, -2.053796574473381e-05, -2.0537965744733807e-05, -1.998944245278835e-05, -1.9715161249041555e-05, -1.9989402964711188e-05, -1.9440879672765732e-05, -1.9440879672765732e-05, -1.998940296471119e-05, -2.0537925884127617e-05, -2.0812207460403443e-05, -2.081220746040344e-05, -2.13607307523489e-05, -2.1634972095489503e-05, -2.190925367176533e-05, -2.136073037981987e-05, -2.218349501490593e-05, -2.1634971722960475e-05, -2.1360730379819872e-05, -2.136073037981987e-05, -2.190925367176533e-05, -2.1635012328624726e-05, -2.2183535620570182e-05, -2.2183535620570182e-05, -2.2457776963710785e-05, -2.300629988312721e-05, -2.3280541226267817e-05, -2.3829064145684246e-05, -2.3829064145684243e-05, -2.410334572196007e-05, -2.4651868641376498e-05, -2.4377627298235895e-05, -2.410334572196007e-05, -2.3554822430014613e-05, -2.3554822430014613e-05, -2.3006299510598184e-05, -2.3829063773155212e-05, -2.4103345349431042e-05, -2.520039156079292e-05, -2.5200391560792927e-05, -2.5474632903933526e-05, -2.4651868641376498e-05, -2.4651868641376498e-05, -2.4651868641376498e-05, -2.4651868641376498e-05, -2.4377627298235892e-05, -2.492615021765232e-05, -2.492615021765232e-05, -2.492615021765232e-05, -2.492615021765232e-05, -2.492615021765232e-05, -2.5200391560792924e-05, -2.4651868641376498e-05, -2.5200391560792924e-05, -2.5200391560792927e-05, -2.574891448020935e-05, -2.602319605648518e-05, -2.65717189759016e-05, -2.6297437399625775e-05], "voltages": [-2.9464750289916997, -2.8211486816406257, -2.66971263885498, -2.5587465286254885, -2.437336540222168, -2.309399223327637, -2.1710180282592773, -2.027414894104004, -1.8720624923706055, -1.71279354095459, -1.5469972610473632, -1.3746734619140626, -1.199738883972168, -1.0221931457519533, -0.8381200790405274, -0.6488248825073244, -0.4582244873046875, -0.2637075424194336, -0.07049617767333985, 0.12532634735107423, 0.3172323226928711, 0.5091382980346679, 0.7010444641113281, 0.8916450500488282, 1.078329086303711, 1.2637075424194337, 1.4451698303222658, 1.6227153778076173, 1.793733787536621, 1.960835647583008, 2.1187992095947266, 2.2702352523803713, 2.4112274169921877, 2.54830322265625, 2.6749351501464846, 2.7937339782714847, 2.9033945083618167, 3.007833290100098, 3.0966060638427737, 3.178851318359375, 3.250652885437012, 3.3093994140625, 3.353785896301269, 3.3877283096313477, 3.411227035522461, 3.4255872726440435, 3.428198432922364, 3.420365524291993, 3.403394317626953, 3.372062873840332, 3.3276763916015626, 3.2754571914672854, 3.2101827621459966, 3.1344646453857425, 3.0496082305908208, 2.954308128356934, 2.8459527969360354, 2.73237590789795, 2.6083551406860357, 2.476501274108887, 2.338120079040528, 2.191905975341797, 2.0365535736083986, 1.877284622192383, 1.7101827621459962, 1.5352479934692385, 1.357702445983887, 1.1762401580810549, 0.9895561218261719, 0.7963447570800782, 0.6057443618774414, 0.4125328063964844, 0.21932144165039066, 0.02610988616943362, -0.1684072494506836, -0.36161880493164067, -0.5522192001342774, -0.7428197860717773, -0.9295038223266601, -1.1096603393554687, -1.2872058868408205, -1.4608352661132813, -1.6279371261596682, -1.7898170471191406, -1.9451696395874023, -2.09399471282959, -2.2362922668457035, -2.370756912231445, -2.4960832595825195, -2.6122711181640623, -2.7206262588500976, -2.817232131958008, -2.9033941268920898, -2.9804176330566405, -3.0469972610473635, -3.1044385910034182, -3.1462139129638675, -3.1749343872070312, -3.126631546020508, -3.0522192001342776]}