{"currents": [-0.0002161466270685196, -0.00020703634917736054, -0.00020703634917736054, -0.00020703634917736054, -0.00020703634917736054, -0.000202481546998024, -0.000202481546998024, -0.00019337126910686493, -0.00017970619201660156, -0.00016148563921451569, -0.00015693016350269319, -0.00014781988859176637, -0.00013870961368083956, -0.0001432644158601761, -0.0001432644158601761, -0.00013415414094924928, -0.00012959933876991272, -0.00012959933876991272, -0.00012959933876991272, -0.00012959933876991272, -0.0001204890623688698, -0.00012504386454820633, -0.00011593358814716341, -0.00010682331174612047, -9.771303534507754e-05, -0.00010226850956678393, -0.00010226850956678391, -0.00011137878596782685, -0.00011137878596782686, -0.00010226850956678391, -9.771303534507752e-05, -9.771303534507752e-05, -8.860275894403459e-05, -9.315823316574098e-05, -0.00011137878596782686, -0.00011137878596782686, -0.00010226850956678393, -0.00010226850956678393, -9.771303534507754e-05, -9.771303534507752e-05, -0.00010682331174612046, -0.00011593358814716341, -0.00011593358814716341, -0.00011593358814716341, -0.00011593358814716341, -0.00010682331174612047, -0.00010682331174612047, -0.00011593358814716341, -0.00012504386454820633, -0.00012504386454820633, -0.00013415414094924928, -0.0001432644158601761, -0.0001523746907711029, -0.0001523746907711029, -0.0001523746907711029, -0.00016148496568202972, -0.00016148496568202972, -0.00016148496568202972, -0.00017059524059295653, -0.00017515071332454684, -0.00017515071332454684, -0.0001751507133245468, -0.00018426099121570587, -0.0001888164669275284, -0.000202481546998024, -0.00020248154699802399, -0.00021159182488918304, -0.00021159182488918304, -0.0002161466270685196, -0.0002161466270685196, -0.00022525690495967866, -0.00022525690495967866, -0.00022070210278034213, -0.00021159182488918307, -0.00021159182488918304, -0.00021159182488918304, -0.0002070370227098465, -0.00021159182488918307, -0.00022981237769126891, -0.00022981237769126891, -0.00023892265260219573, -0.00024347745478153228, -0.0002525877296924591, -0.00024347745478153228, -0.0002525877296924591, -0.0002525877296924591, -0.0002525877296924591, -0.00024347745478153228, -0.00024347745478153228, -0.00023436717987060547, -0.00023436717987060547, -0.00023436717987060547, -0.00023436717987060547, -0.00023436717987060547, -0.00024347745478153228, -0.00024347745478153228, -0.00024347745478153228, -0.00024347745478153228, -0.00023436717689037323, -0.00022525690197944641], "voltages": [-2.2461946487426756, -1.6218389511108402, -0.9754659652709963, -0.6840152740478517, -0.3912691116333008, -0.09593048095703124, 0.1994062423706055, 0.49215583801269536, 0.7836116790771486, 1.072478485107422, 1.3561588287353517, 1.637250328063965, 1.9105697631835938, 2.181293487548828, 2.4442466735839843, 2.7007266998291013, 2.945547103881836, 3.183889007568359, 3.4028009414672855, 3.6152364730834963, 3.8147216796875005, 3.9999530792236326, 4.168350410461426, 4.330270767211914, 4.474056434631348, 4.6009979248046875, 4.717578125, 4.818610954284669, 4.9002172470092775, 4.9662826538085945, 5.012916374206544, 5.042709159851074, 5.055665969848633, 5.056959724426269, 5.037523078918457, 5.002548789978028, 4.9468528747558596, 4.874313735961914, 4.782346534729005, 4.677424049377441, 4.556954574584961, 4.424826622009277, 4.275863075256348, 4.107468986511231, 3.926122093200684, 3.73182487487793, 3.5219802856445312, 3.3030649185180665, 3.077673149108887, 2.8393310546875004, 2.5906230926513674, 2.3341432571411134, 2.069891166687012, 1.7952796936035158, 1.5167821884155273, 1.231804656982422, 0.9442398071289063, 0.6501983642578125, 0.358744239807129, 0.06340599060058594, -0.22934017181396488, -0.5233816146850586, -0.8148357391357424, -1.10499267578125, -1.391267204284668, -1.6710599899291994, -1.9443794250488284, -2.2060375213623047, -2.463811302185059, -2.712516021728516, -2.9560426712036136, -3.187907981872559, -3.4119993209838873, -3.6192499160766607, -3.816141128540039, -3.9974882125854494, -4.1632894515991214, -4.317436408996583, -4.454748916625977, -4.576510620117188, -4.682731628417969, -4.775997734069825, -4.851130676269531, -4.91589412689209, -4.957348251342774, -4.983255004882813, -4.994913101196289, -4.989728355407715, -4.961230850219727, -4.919776725769043, -4.86019115447998, -4.7824708938598635, -4.685320663452148, -4.573921775817872, -4.449572753906251, -4.307085800170899, -4.1503499984741214, -3.9806608200073246, -3.4288438796997074, -2.848529624938965]}