{"currents": [-0.00024347745478153228, -0.0002252569019794464, -0.0002252569019794464, -0.00024347745478153228, -0.00023436717987060547, -0.00023436717987060547, -0.00022525690197944641, -0.00020703634917736054, -0.00018881579637527467, -0.0001705952435731888, -0.0001523746907711029, -0.0001432644158601761, -0.00012504386454820633, -0.00010682331174612046, -9.771303534507752e-05, -8.860275894403459e-05, -7.949248254299165e-05, -7.03822061419487e-05, -7.038220614194869e-05, -6.127192974090577e-05, -4.305137796327472e-05, -2.4830826185643666e-05, -2.027602475136518e-05, -1.116574937477708e-05, -2.055473998188973e-06, -2.055473998188973e-06, 7.054801937192678e-06, 2.5275353994220497e-05, 3.438562992960215e-05, 3.438562992960214e-05, 4.34959058649838e-05, 4.34959058649838e-05, 3.894110368564725e-05, 3.894110368564725e-05, 4.80513796210289e-05, 4.80513796210289e-05, 4.80513796210289e-05, 5.7161654531955725e-05, 5.7161654531955725e-05, 5.716165453195571e-05, 5.716165453195571e-05, 4.8051378596574065e-05, 3.894110368564725e-05, 2.9830827750265602e-05, 2.0720551814883953e-05, 1.1610275879502296e-05, 1.1610275879502296e-05, -6.61027543246746e-06, -1.5720550809055564e-05, -2.4830826185643673e-05, -3.849657578393817e-05, -4.7606851160526275e-05, -5.671712756156921e-05, -7.038287818431855e-05, -8.860343098640443e-05, -9.771370738744737e-05, -0.00011593426018953325, -0.0001250445365905762, -0.0001250445365905762, -0.0001250445365905762, -0.00013870961368083956, -0.00014781988859176637, -0.0001614856392145157, -0.00017515071630477906, -0.00019337126910686493, -0.00019792674481868745, -0.0002070370227098465, -0.00021159182488918304, -0.00022981237769126891, -0.00023892265260219573, -0.0002525877296924591, -0.0002616980046033859, -0.0002799185574054718, -0.00028902883529663084, -0.0002981391131877899, -0.00030724939107894895, -0.00031635966897010804, -0.00031635966897010804, -0.00031635966897010804, -0.00032546994090080263, -0.00032546994090080263, -0.0003345802128314972, -0.0003391356825828552, -0.0003482459545135498, -0.00034369115233421325, -0.00035280142426490785, -0.00035280142426490785, -0.0003573562264442444, -0.00035280142426490785, -0.0003528014242649078, -0.0003482466220855713, -0.0003391363501548767, -0.0003391363501548767, -0.00034369115233421325, -0.0003391356825828552, -0.00034369048476219177, -0.00034369048476219177, -0.00032546993494033814, -0.0002799185574054718, -0.0002708082795143127], "voltages": [-6.2811788558959964, -4.90034294128418, -3.462519073486328, -2.785064697265625, -2.1011234283447267, -1.4120042800903323, -0.7177003860473633, -0.02080249786376953, 0.6709140777587891, 1.3652212142944338, 2.0569375991821293, 2.7408786773681646, 3.4092790603637697, 4.069907569885254, 4.718874549865723, 5.351002502441406, 5.970176887512207, 6.57251205444336, 7.139869689941406, 7.692981910705566, 8.211123085021974, 8.704652976989747, 9.161908531188965, 9.603621673583985, 9.997407722473145, 10.375646018981936, 10.711141586303711, 11.011666488647462, 11.272032356262208, 11.501306724548341, 11.681362152099611, 11.816077423095704, 11.915816497802735, 11.971516036987305, 11.979291343688965, 11.949498558044434, 11.887322425842285, 11.799242782592774, 11.663232421875001, 11.484476089477539, 11.266859436035158, 11.010379219055176, 10.696904373168945, 10.360113334655763, 9.993529510498046, 9.59585781097412, 9.155443382263183, 8.695592308044434, 8.204656600952148, 7.678746604919434, 7.121747016906738, 6.554386138916016, 5.953346443176269, 5.3341703414917, 4.70203914642334, 4.054367256164551, 3.3859666824340824, 2.709797477722168, 2.0206783294677733, 1.3341499328613282, 0.6437301635742188, -0.05316429138183604, -0.7461744308471681, -1.4340034484863282, -2.1231292724609374, -2.808363914489746, -3.4793518066406253, -4.141270732879639, -4.783764457702636, -5.413301467895508, -6.020819568634034, -6.603724479675294, -7.163316631317139, -7.704770660400391, -8.21513671875, -8.69571008682251, -9.141309356689455, -9.5584077835083, -9.941827583312989, -10.291571998596192, -10.608929443359376, -10.893906784057618, -11.138726997375489, -11.34080295562744, -11.507899475097657, -11.634845924377442, -11.72551956176758, -11.773448753356934, -11.787695693969727, -11.747540283203126, -11.669818305969239, -11.555825233459473, -11.400384902954102, -11.207381439208985, -10.981991195678713, -10.71515350341797, -10.404272842407227, -10.059706497192384, -8.864093780517578, -7.605023193359376]}