{"currents": [-1.0834329575300217e-05, -1.1106487363576889e-05, -1.1106487363576889e-05, -1.1106487363576889e-05, -1.1106487363576889e-05, -1.1106487363576889e-05, -1.1106487363576889e-05, -1.1106487363576889e-05, -1.1106487363576889e-05, -1.1106487363576889e-05, -1.0562212020158767e-05, -1.0017936676740646e-05, -9.745778888463975e-06, -9.745778888463974e-06, -9.745778888463974e-06, -1.0017896443605422e-05, -1.0562171787023544e-05, -1.0562171787023546e-05, -1.0290013998746872e-05, -9.74573865532875e-06, -9.473621100187302e-06, -9.473621100187302e-06, -9.745778888463974e-06, -9.745778888463975e-06, -1.0017896443605425e-05, -1.0017896443605422e-05, -9.473621100187302e-06, -8.92934575676918e-06, -9.201503545045852e-06, -9.473661333322525e-06, -9.473661333322525e-06, -9.473661333322525e-06, -9.473661333322525e-06, -9.473661333322525e-06, -9.201503545045852e-06, -9.745778888463974e-06, -9.745778888463974e-06, -1.0290054231882096e-05, -9.745778888463974e-06, -9.473661333322525e-06, -9.473661333322525e-06, -1.0017936676740647e-05, -9.473661333322525e-06, -9.745778888463975e-06, -1.0017896443605422e-05, -1.0017896443605424e-05, -9.473621100187302e-06, -9.473621100187302e-06, -9.745778888463974e-06, -1.0017936676740647e-05, -1.0017936676740647e-05, -1.0562212020158769e-05, -1.1106487363576889e-05, -1.0834329575300216e-05, -1.0834329575300217e-05, -1.0290054231882096e-05, -9.745778888463974e-06, -9.745778888463974e-06, -9.745778888463975e-06, -9.745778888463974e-06, -1.0017896443605422e-05, -1.1106407269835471e-05, -1.0562131926417351e-05, -1.0834289714694023e-05, -1.0834289714694024e-05, -1.1650682985782623e-05, -1.0834289714694023e-05, -1.1378565058112144e-05, -1.1378565058112144e-05, -1.1106407269835473e-05, -1.0562171787023544e-05, -1.0562171787023546e-05, -1.0290013998746872e-05, -1.0017856210470199e-05, -1.0290013998746872e-05, -1.0290013998746872e-05, -1.0017896443605424e-05, -1.0290054231882096e-05, -1.1106447502970694e-05, -1.1106447502970696e-05, -1.1106447502970696e-05, -1.1106447502970696e-05, -1.1106447502970696e-05, -1.0562212020158767e-05, -1.0562212020158769e-05, -1.0562212020158769e-05, -1.1650722846388816e-05, -1.1650722846388816e-05, -1.1650722846388818e-05, -1.1922840774059297e-05, -1.1922840774059297e-05, -1.1922840774059295e-05, -1.1922840774059297e-05, -1.1650682985782623e-05, -1.1650682985782623e-05, -1.2194918468594552e-05, -1.137852519750595e-05, -1.1378525197505952e-05, -1.1650682985782623e-05, -1.1378565058112146e-05], "voltages": [-0.5764251708984375, -0.4261659622192383, -0.2733161926269531, -0.20207271575927735, -0.13082923889160156, -0.058290290832519534, 0.012953186035156244, 0.08290138244628907, 0.15414485931396485, 0.22538833618164067, 0.2953365325927735, 0.362693977355957, 0.43134670257568364, 0.4987043380737305, 0.5660619735717773, 0.6295333862304688, 0.6943002700805664, 0.7538856506347658, 0.8095849990844727, 0.8613983154296876, 0.9119165420532228, 0.9585487365722657, 1.0038856506347655, 1.0453363418579102, 1.0841964721679687, 1.116579818725586, 1.146372413635254, 1.172279167175293, 1.1968908309936523, 1.2150257110595704, 1.229274368286133, 1.2396369934082032, 1.2448183059692384, 1.2448183059692384, 1.2435228347778322, 1.238341522216797, 1.2266836166381836, 1.212434959411621, 1.191709327697754, 1.1670978546142579, 1.1411911010742188, 1.1126937866210938, 1.0777196884155273, 1.040155029296875, 0.9974088668823243, 0.9507768630981446, 0.9015539169311524, 0.8497404098510742, 0.7966316223144532, 0.7409322738647461, 0.6813467025756836, 0.6217613220214844, 0.559585189819336, 0.49352283477783204, 0.4261653900146485, 0.35621719360351567, 0.28367824554443355, 0.21113948822021486, 0.13860073089599612, 0.06865253448486329, -0.0025911331176757778, -0.0725393295288086, -0.14378299713134768, -0.21243572235107422, -0.2849746704101563, -0.3536273956298828, -0.42357559204101564, -0.489637565612793, -0.5544044494628906, -0.6178760528564453, -0.6800521850585937, -0.7383424758911132, -0.794042205810547, -0.8484464645385743, -0.896373748779297, -0.9404151916503907, -0.9831611633300782, -1.0220211029052735, -1.055699920654297, -1.0893787384033204, -1.1204668045043946, -1.1463735580444336, -1.1670989990234375, -1.1878242492675781, -1.2033681869506836, -1.211140251159668, -1.2137310028076174, -1.2137310028076174, -1.2072542190551758, -1.1955963134765626, -1.182642936706543, -1.1670988082885743, -1.1476686477661133, -1.1256481170654298, -1.0971506118774415, -1.0660625457763673, -1.0310884475708009, -0.9896377563476564, -0.8575132369995118, -0.7215028762817383]}