{"currents": [-0.0003836292803287507, -0.0003836292803287506, -0.000397419273853302, -0.0004066128313541412, -0.0004066128313541412, -0.0004066128313541412, -0.0004066128313541412, -0.0004020163893699646, -0.0004112099409103394, -0.0004112099409103394, -0.0004020163893699646, -0.0003928228378295898, -0.0003928228378295898, -0.0003836292862892151, -0.0003836292862892151, -0.0003836292862892151, -0.0003836292862892151, -0.00037443573474884033, -0.00038822572827339175, -0.000379032176733017, -0.0003928221702575684, -0.0003928221702575684, -0.0003928221702575684, -0.00037903217673301696, -0.00038822572827339175, -0.00037443573474884033, -0.00037443573474884033, -0.0003836292862892151, -0.0003836292862892151, -0.00037443573474884033, -0.00037443573474884033, -0.0003836292862892151, -0.00037443573474884033, -0.00037443573474884033, -0.0003836292862892151, -0.0003836292862892151, -0.0003836292862892151, -0.0003836292862892151, -0.0003836292862892151, -0.00037443573474884033, -0.00037443573474884033, -0.00037443573474884033, -0.0003836292862892151, -0.0003928228378295899, -0.0004020163893699646, -0.0004112099409103394, -0.0004112099409103394, -0.0004020163893699646, -0.0004020163893699646, -0.0004112099468708038, -0.0004112099468708038, -0.00040201639533042914, -0.00040201639533042903, -0.0003928228437900543, -0.0003836292862892151, -0.00037903217673301696, -0.00037903217673301696, -0.00038822572827339175, -0.00039741927981376654, -0.00038822572827339175, -0.00038822572827339175, -0.00039741927981376643, -0.00039741927981376654, -0.00039741927981376654, -0.0004066128313541412, -0.0004112099409103394, -0.0004112099409103394, -0.0004112099409103394, -0.0004112099409103394, -0.0004112099409103394, -0.000415806382894516, -0.0004066128313541412, -0.0003974192798137665, -0.00039741927981376643, -0.00040201572179794317, -0.00038822572827339175, -0.00039741927981376654, -0.00039741927981376643, -0.00039741927981376654, -0.0003928228378295899, -0.0004020163893699646, -0.0004020163893699646, -0.0004020163893699646, -0.0004020163893699646, -0.0004020163893699646, -0.00039282283782958986, -0.00040201639533042914, -0.0004158063888549805, -0.0004204028308391572, -0.0004295963883399964, -0.00042959638833999636, -0.0004204028308391571, -0.0004204028308391572, -0.00040661283731460577, -0.00040201572179794317, -0.00041120927333831785, -0.00041120927333831796, -0.0003974192798137665, -0.0003882257223129272, -0.0003836292803287506], "voltages": [-0.8472581863403321, -0.740208625793457, -0.624020767211914, -0.5652740478515625, -0.5026107788085938, -0.437336540222168, -0.3720623016357422, -0.3054826736450196, -0.234986686706543, -0.16449069976806643, -0.0966056823730469, -0.02872066497802734, 0.043080902099609374, 0.11357707977294922, 0.18407325744628905, 0.25456943511962893, 0.3276763916015625, 0.3942560195922851, 0.46083545684814453, 0.528720474243164, 0.5952999114990234, 0.6579631805419922, 0.720626449584961, 0.7793733596801757, 0.8368146896362305, 0.8903396606445312, 0.9399480819702148, 0.9869455337524414, 1.031332015991211, 1.0691909790039062, 1.1057443618774416, 1.1422977447509766, 1.1736291885375976, 1.2023496627807617, 1.2271537780761719, 1.2480415344238283, 1.2637073516845705, 1.2741512298583986, 1.2780677795410156, 1.2806787490844727, 1.2780677795410156, 1.2715404510498045, 1.2637075424194335, 1.2519580841064453, 1.2323759078979493, 1.2114883422851563, 1.185378646850586, 1.1527416229248046, 1.1187992095947266, 1.0835512161254885, 1.0417757034301758, 0.9960838317871095, 0.9503919601440431, 0.8994781494140627, 0.8472587585449219, 0.7911228179931642, 0.7323760986328125, 0.6697128295898437, 0.6083549499511719, 0.5417753219604492, 0.4751956939697266, 0.40861606597900385, 0.34203643798828126, 0.2715404510498047, 0.202349853515625, 0.1331594467163086, 0.06266326904296875, -0.006527328491210942, -0.07702350616455078, -0.14751949310302734, -0.2180156707763672, -0.28590068817138675, -0.35639667510986334, -0.4216707229614258, -0.4856395721435547, -0.5496082305908204, -0.6096605300903322, -0.6671018600463868, -0.7245431900024415, -0.7780679702758789, -0.8276763916015625, -0.8746736526489258, -0.919059944152832, -0.9582242965698242, -0.9960832595825196, -1.0300256729125976, -1.058746337890625, -1.0835506439208986, -1.103133010864258, -1.1201042175292968, -1.1331590652465822, -1.1436029434204102, -1.1488248825073244, -1.1540468215942383, -1.1501304626464846, -1.1396865844726562, -1.1292427062988282, -1.1148822784423829, -1.0313312530517578, -0.9438638687133789]}