{"currents": [-1.183778839185834e-06, -1.0212588123977183e-06, -8.858235087245703e-07, -8.858235087245703e-07, -8.31650197505951e-07, -8.045655209571124e-07, -6.962188519537449e-07, -6.14960864186287e-07, -5.066141951829196e-07, -4.253561608493329e-07, -3.1700949184596543e-07, -3.1700949184596543e-07, -2.8992081061005596e-07, -2.6283613406121734e-07, -1.815741416066885e-07, -1.0031214915215968e-07, -4.613883793354035e-08, 6.220783106982709e-08, 1.434698235243559e-07, 1.434698235243559e-07, 1.7055450007319452e-07, 2.789011690765619e-07, 3.3307448029518124e-07, 3.872477915138006e-07, 4.95594460517168e-07, 5.226830951869488e-07, 5.768564529716969e-07, 6.310298107564449e-07, 6.310298107564449e-07, 6.310298107564449e-07, 6.852031685411929e-07, 6.581145105883478e-07, 6.581145105883479e-07, 6.581145105883479e-07, 6.581145105883479e-07, 6.581145105883478e-07, 6.310298107564449e-07, 5.768564529716969e-07, 5.768564529716969e-07, 5.768564529716969e-07, 5.226830951869488e-07, 5.226830951869487e-07, 4.95594460517168e-07, 4.95594460517168e-07, 4.4142110273241993e-07, 3.872477915138006e-07, 3.330744802951813e-07, 3.059898037463427e-07, 2.5181649252772336e-07, 1.434698235243559e-07, 8.929646573960782e-08, 8.03447328507901e-09, -1.0031219571828844e-07, -2.3574754595756537e-07, -3.1700953841209415e-07, -3.711828496307135e-07, -3.9826752617955214e-07, -4.524408839643002e-07, -4.253522027283907e-07, -4.524368792772294e-07, -5.066102370619774e-07, -6.149569060653449e-07, -6.691302172839642e-07, -7.774768862873317e-07, -8.31650197505951e-07, -8.858235087245703e-07, -9.399968665093183e-07, -9.941702242940665e-07, -1.0483435820788144e-06, -1.1025169398635625e-06, -1.1566902976483107e-06, -1.21086360886693e-06, -1.237952243536711e-06, -1.2921255547553302e-06, -1.3462988659739495e-06, -1.4004721771925689e-06, -1.454645534977317e-06, -1.5359035693109038e-06, -1.5900769270956517e-06, -1.6442502848803998e-06, -1.6984236426651478e-06, -1.6984236426651478e-06, -1.6713389195501803e-06, -1.6713389195501805e-06, -1.6713389195501803e-06, -1.6713389195501803e-06, -1.6713389195501803e-06, -1.7255122773349285e-06, -1.7796856351196766e-06, -1.7796856351196766e-06, -1.7796856351196766e-06, -1.7796856351196766e-06, -1.752597000449896e-06, -1.752597000449896e-06, -1.7255122773349285e-06, -1.6713389195501808e-06, -1.6713389195501805e-06, -1.644254196435213e-06, -1.4275608118623498e-06, -1.2921255081892014e-06], "voltages": [-5.368104553222657, -3.9017732620239256, -2.3926975250244142, -1.7035781860351562, -1.0092742919921875, -0.3188579559326172, 0.3806306838989258, 1.0736410140991213, 1.7627666473388675, 2.4518907546997073, 3.1345401763916017, 3.8016386032104497, 4.466147994995118, 5.115113830566407, 5.740766525268555, 6.3469890594482425, 6.936370658874512, 7.497258186340332, 8.03223705291748, 8.549076652526857, 9.036124992370606, 9.486908912658691, 9.897533798217776, 10.286138343811036, 10.633295249938966, 10.94806365966797, 11.22526912689209, 11.468795776367188, 11.663096237182618, 11.82630844116211, 11.941596794128419, 12.030973434448244, 12.07890090942383, 12.091854095458986, 12.045222091674807, 11.971387863159181, 11.849624252319337, 11.688999366760255, 11.479154777526857, 11.253766059875488, 10.976560592651367, 10.656612396240234, 10.302983665466309, 9.927336311340333, 9.505053329467774, 9.05556812286377, 8.58406219482422, 8.078879165649415, 7.537424659729004, 6.9700605392456065, 6.387155532836915, 5.777046966552735, 5.155278778076172, 4.514079093933106, 3.863814926147461, 3.1928272247314453, 2.5114784240722656, 1.8197650909423828, 1.1293519973754884, 0.4350498199462892, -0.26054954528808594, -0.9535614013671876, -1.6452747344970704, -2.3344005584716796, -3.015751075744629, -3.6828527450561523, -4.333115196228028, -4.973014831542969, -5.589598560333252, -6.180275535583496, -6.755408477783204, -7.304634666442871, -7.826657104492187, -8.31888837814331, -8.790394401550293, -9.228221702575684, -9.640142250061034, -10.011908912658692, -10.346109199523926, -10.646630668640137, -10.900519943237306, -11.12331771850586, -11.308549118041993, -11.466580200195313, -11.577979087829592, -11.655699348449708, -11.684196853637697, -11.673837471008301, -11.624617958068848, -11.533944511413575, -11.401820182800295, -11.228244972229005, -11.014512825012206, -10.763217544555665, -10.474355697631836, -10.150518035888672, -9.803367805480958, -9.413469696044922, -8.123300933837891, -6.777437591552735]}