{"currents": [-1.0562212020158767e-05, -1.0562212020158769e-05, -1.0017936676740647e-05, -1.0562212020158767e-05, -1.0562212020158767e-05, -1.0562212020158769e-05, -1.0562212020158769e-05, -1.0562212020158767e-05, -1.0562212020158767e-05, -1.0562212020158767e-05, -1.0017936676740647e-05, -9.473661333322525e-06, -9.473661333322525e-06, -8.385150413960218e-06, -7.296639494597912e-06, -6.480246130377055e-06, -6.208128295838833e-06, -5.663892719894648e-06, -5.6638927198946485e-06, -6.208128295838833e-06, -6.75240382552147e-06, -5.93601055443287e-06, -6.480246130377055e-06, -7.024481706321239e-06, -7.024481706321239e-06, -6.752363964915276e-06, -7.296639494597912e-06, -6.752403918653727e-06, -6.480286084115506e-06, -5.93605050817132e-06, -5.93605050817132e-06, -5.936050508171321e-06, -5.391774978488685e-06, -5.1196572370827205e-06, -5.1196572370827205e-06, -5.1196572370827205e-06, -5.1196572370827205e-06, -6.2081683427095416e-06, -6.2081683427095416e-06, -6.208168342709542e-06, -6.752403918653727e-06, -6.752403918653727e-06, -6.208168342709542e-06, -6.480286084115506e-06, -6.480286084115506e-06, -5.93605050817132e-06, -5.936050508171321e-06, -6.480286084115506e-06, -7.296679262071848e-06, -7.296679262071849e-06, -7.840914838016034e-06, -7.840914838016034e-06, -7.840914838016034e-06, -7.296639494597912e-06, -7.840875070542096e-06, -7.840875070542096e-06, -8.929385989904404e-06, -9.473661333322525e-06, -1.0017936676740647e-05, -1.0562212020158769e-05, -1.1650722846388816e-05, -1.1650722846388816e-05, -1.1650722846388818e-05, -1.1650722846388818e-05, -1.1650722846388818e-05, -1.1106487363576889e-05, -1.1106487363576889e-05, -1.1378605291247368e-05, -1.1922840774059295e-05, -1.2467076256871224e-05, -1.3011311739683151e-05, -1.4099822938442231e-05, -1.4371940493583681e-05, -1.437194049358368e-05, -1.437194049358368e-05, -1.437194049358368e-05, -1.4371940493583681e-05, -1.4371940493583681e-05, -1.5460451692342757e-05, -1.573260948061943e-05, -1.573260948061943e-05, -1.573260948061943e-05, -1.6004767268896104e-05, -1.4916256070137024e-05, -1.4644098281860353e-05, -1.4916256070137023e-05, -1.4371980354189874e-05, -1.4644098281860353e-05, -1.5188373997807505e-05, -1.5188373997807505e-05, -1.4916216209530832e-05, -1.4916216209530832e-05, -1.3827705010771752e-05, -1.3283429294824601e-05, -1.2739193812012672e-05, -1.2739193812012672e-05, -1.2194958329200745e-05, -1.2194958329200745e-05, -1.1106447502970696e-05, -1.1106447502970696e-05], "voltages": [-2.2046636581420898, -1.5751298904418944, -0.9248708724975586, -0.6347152709960938, -0.3445598602294922, -0.05051841735839842, 0.2448183059692383, 0.537564468383789, 0.8316059112548828, 1.1243520736694337, 1.410621452331543, 1.6904142379760745, 1.9650255203247073, 2.233160209655762, 2.4909324645996094, 2.7422277450561525, 2.9831604003906254, 3.21632137298584, 3.4352331161499023, 3.6489633560180668, 3.8497406005859376, 4.033678436279297, 4.204662704467774, 4.3639892578125, 4.506476211547852, 4.63601016998291, 4.75129508972168, 4.844559478759766, 4.923575019836426, 4.985751533508301, 5.027202033996582, 5.055699348449708, 5.066061782836915, 5.056994438171387, 5.0310876846313475, 4.990932273864746, 4.931347084045411, 4.858808135986329, 4.77590675354004, 4.669689178466798, 4.546632385253906, 4.410622024536133, 4.261658477783203, 4.089378547668457, 3.908031272888184, 3.713730812072754, 3.5064767837524418, 3.2849740982055664, 3.055699348449707, 2.8147666931152346, 2.5647665023803716, 2.3031084060668947, 2.038859748840332, 1.7668390274047852, 1.4896368026733402, 1.2046627044677736, 0.9170980453491211, 0.6243520736694336, 0.32901535034179685, 0.03626937866210937, -0.2590675354003906, -0.5518136978149414, -0.8445598602294923, -1.1334199905395508, -1.4183940887451172, -1.6955959320068361, -1.967616653442383, -2.233160781860352, -2.4909328460693363, -2.7396375656127936, -2.97797966003418, -3.205958938598633, -3.422280311584473, -3.626943588256836, -3.823834800720215, -4.005182075500488, -4.170985221862793, -4.326425552368164, -4.458549880981446, -4.57901611328125, -4.682642936706543, -4.775907135009766, -4.847150611877441, -4.909326744079589, -4.949482345581055, -4.974093627929688, -4.980570411682129, -4.966321754455566, -4.935233688354493, -4.888601493835449, -4.827720832824707, -4.746114730834961, -4.655441093444825, -4.547928237915039, -4.420985221862794, -4.281088829040527, -4.125648307800294, -3.954663848876953, -3.396373558044434, -2.8134719848632814]}