{"currents": [-3.1782665848731994e-05, -3.1508424505591395e-05, -3.1508424505591395e-05, -3.1508424505591395e-05, -3.041137903928757e-05, -2.9314333572983743e-05, -2.9314333572983747e-05, -2.904005236923695e-05, -2.904005236923695e-05, -2.904005236923695e-05, -2.9588575288653377e-05, -2.8491529449820522e-05, -2.766876481473446e-05, -2.6845960319042204e-05, -2.6845960319042204e-05, -2.629743739962578e-05, -2.629743739962578e-05, -2.629743739962578e-05, -2.574891448020935e-05, -2.4103345349431042e-05, -2.3554822430014613e-05, -2.3006299510598184e-05, -2.1909253299236298e-05, -2.1086488664150236e-05, -2.1635011956095695e-05, -2.0537965744733807e-05, -1.998944245278835e-05, -1.998944245278835e-05, -1.998944245278835e-05, -1.889239624142647e-05, -1.8343873322010043e-05, -1.7246827483177185e-05, -1.6424022987484933e-05, -1.5875500068068507e-05, -1.5875500068068507e-05, -1.532697714865208e-05, -1.5326977148652078e-05, -1.5052735805511477e-05, -1.450421288609505e-05, -1.3955689966678622e-05, -1.3407167047262195e-05, -1.3407167047262195e-05, -1.2858644127845767e-05, -1.231012120842934e-05, -1.1761598289012912e-05, -1.231012120842934e-05, -1.176159828901291e-05, -1.176159828901291e-05, -1.2035839632153514e-05, -1.2035839632153514e-05, -1.2035839632153514e-05, -1.2584362551569941e-05, -1.2584362551569941e-05, -1.2858644127845767e-05, -1.3955689966678622e-05, -1.3955689966678622e-05, -1.3955689966678622e-05, -1.3955689966678622e-05, -1.3955689966678622e-05, -1.3955689966678622e-05, -1.450421288609505e-05, -1.532697752118111e-05, -1.6698265075683593e-05, -1.7246787995100022e-05, -1.779531091451645e-05, -1.8343833833932877e-05, -1.8618115037679673e-05, -1.9715160876512527e-05, -2.0263683795928957e-05, -2.1360730007290842e-05, -2.21834946423769e-05, -2.2732017934322357e-05, -2.3006299510598184e-05, -2.3829064145684246e-05, -2.3829064145684246e-05, -2.4651868641376498e-05, -2.520039156079292e-05, -2.574891448020935e-05, -2.6571718975901605e-05, -2.712024189531803e-05, -2.766876481473446e-05, -2.8765810653567318e-05, -2.9314333572983747e-05, -2.9314333572983747e-05, -2.9862856492400172e-05, -2.9862856492400176e-05, -2.9314333572983747e-05, -2.904005236923695e-05, -2.9314294084906584e-05, -2.9314294084906584e-05, -2.9314294084906584e-05, -2.986281700432301e-05, -3.0137098208069806e-05, -3.0685620754957204e-05, -3.0959862098097804e-05, -3.15083846449852e-05, -3.17826259881258e-05, -3.1782625988125805e-05, -3.1508384644985206e-05, -3.1782665848732e-05], "voltages": [-10.54438591003418, -10.088772201538086, -9.543080139160157, -9.152740859985352, -8.727153491973878, -8.280678367614748, -7.792427825927735, -7.281984138488769, -6.7480415344238285, -6.186683940887452, -5.592689132690429, -4.990861511230468, -4.365534973144531, -3.7219318389892577, -3.0665792465209964, -2.404699325561524, -1.729764556884766, -1.0469970703125, -0.3616186141967773, 0.32245445251464844, 1.0143604278564453, 1.6984334945678712, 2.3785902023315435, 3.057441329956055, 3.7310705184936523, 4.383812141418457, 5.028720855712891, 5.652741622924805, 6.250653076171876, 6.831592941284179, 7.391644859313965, 7.932114601135254, 8.442558479309081, 8.934725570678712, 9.391644668579103, 9.813315773010254, 10.194516944885255, 10.546997261047364, 10.864229583740235, 11.148824882507325, 11.396866607666016, 11.604438400268554, 11.768929481506348, 11.895561218261719, 11.977806663513183, 12.027415084838868, 12.037858772277833, 12.009137916564942, 11.934725379943849, 11.823759269714355, 11.669712257385255, 11.473889923095705, 11.25456886291504, 10.98694477081299, 10.687989234924316, 10.345952796936034, 9.977806663513185, 9.569190406799315, 9.126631736755371, 8.648824882507325, 8.151435852050781, 7.627937126159669, 7.071801567077637, 6.500000000000001, 5.9020887374877935, 5.288511657714844, 4.650130271911621, 4.001305007934571, 3.340730667114258, 2.6710180282592777, 1.9869447708129884, 1.3015663146972656, 0.6135768890380859, -0.0796346664428711, -0.766318702697754, -1.4477806091308594, -2.126631736755371, -2.800260925292969, -3.4595296859741214, -4.105743789672852, -4.738903141021729, -5.355091094970704, -5.947780323028565, -6.519581890106202, -7.070495700836182, -7.591383361816407, -8.08746690750122, -8.550913429260255, -8.985639381408692, -9.387728309631349, -9.762401962280274, -10.101827430725098, -10.416448783874511, -10.677545356750489, -10.913837814331055, -11.104438400268556, -11.251958084106445, -11.353785896301272, -11.182767486572267, -10.909921264648437]}