{"currents": [-3.048855066299439e-06, -3.0215227976441387e-06, -3.0215227976441387e-06, -2.9668542556464675e-06, -2.9121857136487963e-06, -2.857517171651125e-06, -2.857517171651125e-06, -2.830180898308754e-06, -2.830180898308754e-06, -2.775512356311083e-06, -2.775512356311083e-06, -2.7208438143134117e-06, -2.6388430036604403e-06, -2.6388430036604403e-06, -2.556838188320398e-06, -2.4748333729803563e-06, -2.365496288985014e-06, -2.365496288985014e-06, -2.283491473644972e-06, -2.2014906629920008e-06, -2.228826936334372e-06, -2.228826936334372e-06, -2.1194898523390294e-06, -2.0374890416860585e-06, -2.037489041686058e-06, -1.928151957690716e-06, -1.873483415693045e-06, -1.8461471423506739e-06, -1.7914786003530027e-06, -1.7641423270106316e-06, -1.7094737850129606e-06, -1.6001367010176183e-06, -1.518135890364647e-06, -1.4634673483669757e-06, -1.4361350797116756e-06, -1.3814665377140046e-06, -1.4087988063693047e-06, -1.2994617223739624e-06, -1.2994617223739624e-06, -1.1901246383786204e-06, -1.135456096380949e-06, -1.0534552857279779e-06, -1.1081238277256488e-06, -1.0534552857279779e-06, -1.0534552857279779e-06, -1.0261190589517354e-06, -1.0261190589517356e-06, -9.714505169540645e-07, -9.714505169540645e-07, -9.714505169540645e-07, -1.0534552857279779e-06, -1.0534552857279779e-06, -1.1081238277256488e-06, -1.1081238277256488e-06, -1.16279236972332e-06, -1.16279236972332e-06, -1.217460911720991e-06, -1.2721294537186622e-06, -1.3814665377140046e-06, -1.4087988063693047e-06, -1.4087988063693047e-06, -1.4634673483669757e-06, -1.518135890364647e-06, -1.5728044323623181e-06, -1.6274729743599893e-06, -1.7368100583553317e-06, -1.7914786003530029e-06, -1.846147142350674e-06, -1.900815684348345e-06, -1.982820499688387e-06, -2.037489041686058e-06, -2.0921575836837293e-06, -2.1468261256814005e-06, -2.1741583943367006e-06, -2.228826936334372e-06, -2.256159204989672e-06, -2.3381600156426433e-06, -2.3928285576403145e-06, -2.420164830982685e-06, -2.4748333729803563e-06, -2.5568381883203985e-06, -2.5841744616627696e-06, -2.693511545658112e-06, -2.775512356311083e-06, -2.775512356311083e-06, -2.830180898308754e-06, -2.830180898308754e-06, -2.830180898308754e-06, -2.857517171651125e-06, -2.9121857136487963e-06, -2.9121857136487963e-06, -2.9668542556464675e-06, -2.9668542556464675e-06, -2.9668542556464675e-06, -2.9668542556464675e-06, -2.9668542556464675e-06, -2.9941865243017677e-06, -2.9941865243017677e-06, -2.9941865243017677e-06, -3.048855066299439e-06], "voltages": [-10.467362213134766, -10.011748695373536, -9.456918334960937, -9.062662506103516, -8.642297172546387, -8.193211078643799, -7.707571315765382, -7.199738597869873, -6.664490604400635, -6.104438304901122, -5.519581985473634, -4.919059753417969, -4.3028717041015625, -3.6618795394897465, -3.003916168212891, -2.3328979492187503, -1.6566577911376954, -0.9712791442871094, -0.28459510803222643, 0.40469989776611326, 1.0939950942993164, 1.7832899093627932, 2.468668365478516, 3.1409919738769534, 3.8028720855712894, 4.455613708496094, 5.096605873107911, 5.731070709228516, 6.340731620788574, 6.933420562744141, 7.494778251647949, 8.028721046447753, 8.530026626586913, 9.013055229187012, 9.463446998596192, 9.889034271240234, 10.283290100097656, 10.635770416259765, 10.953002548217775, 11.23368148803711, 11.477806663513185, 11.68146209716797, 11.848563957214356, 11.971279525756838, 12.061357879638674, 12.108355140686038, 12.124020957946778, 12.09530029296875, 12.028720474243165, 11.922976303100587, 11.77937355041504, 11.592689132690431, 11.36684055328369, 11.110965919494632, 10.810704803466798, 10.471279144287111, 10.099216651916505, 9.699738693237306, 9.262401962280274, 8.793733596801758, 8.288511657714844, 7.7558744430542, 7.2010444641113285, 6.621410179138184, 6.022193145751953, 5.411227035522462, 4.781984519958496, 4.129242897033691, 3.467362976074219, 2.7911230087280274, 2.1096609115600584, 1.4229766845703125, 0.7375980377197265, 0.04569187164306643, -0.6409921646118164, -1.3237598419189456, -2.003916549682617, -2.674934768676758, -3.331592559814453, -3.9817230224609377, -4.609660243988037, -5.224542617797852, -5.81984281539917, -6.392949962615968, -6.941252803802491, -7.463446044921875, -7.960834980010987, -8.425586891174317, -8.865534591674805, -9.265012550354005, -9.643602561950685, -9.986944580078125, -10.29242763519287, -10.558746147155762, -10.795038414001466, -10.996082878112794, -11.148824501037598, -11.270234489440918, -11.103132629394532, -10.83550853729248]}