{"currents": [-2.474837377667427e-06, -2.474837377667427e-06, -2.447501104325056e-06, -2.447501104325056e-06, -2.5021696463227273e-06, -2.5021696463227273e-06, -2.447501104325056e-06, -2.420168835669756e-06, -2.420168835669756e-06, -2.365500293672085e-06, -2.3381640203297138e-06, -2.365496288985014e-06, -2.365496288985014e-06, -2.310827746987343e-06, -2.256159204989672e-06, -2.256159204989672e-06, -2.228826936334372e-06, -2.228826936334372e-06, -2.283495478332043e-06, -2.310827746987343e-06, -2.2834954783320426e-06, -2.2834954783320426e-06, -2.228826936334372e-06, -2.1741583943367006e-06, -2.1468261256814005e-06, -2.1468261256814005e-06, -2.2014946676790717e-06, -2.1468261256814005e-06, -2.0921575836837293e-06, -2.0921575836837293e-06, -2.037489041686058e-06, -1.9828204996883873e-06, -1.982820499688387e-06, -1.9828204996883873e-06, -1.928151957690716e-06, -1.928151957690716e-06, -1.928151957690716e-06, -1.9281519576907157e-06, -1.928151957690716e-06, -1.928151957690716e-06, -1.928151957690716e-06, -1.873483415693045e-06, -1.928151957690716e-06, -1.9281519576907157e-06, -1.928151957690716e-06, -1.928151957690716e-06, -1.928151957690716e-06, -1.873483415693045e-06, -1.873483415693045e-06, -1.873483415693045e-06, -1.873483415693045e-06, -1.873483415693045e-06, -1.928151957690716e-06, -1.982820499688387e-06, -1.982820499688387e-06, -1.9828204996883873e-06, -1.9828204996883873e-06, -1.9828204996883873e-06, -1.982820499688387e-06, -2.037489041686058e-06, -2.0921575836837293e-06, -2.2014946676790717e-06, -2.1468261256814005e-06, -2.1468261256814005e-06, -2.1468261256814005e-06, -2.1468261256814005e-06, -2.0921575836837293e-06, -2.1468261256814005e-06, -2.1741583943367006e-06, -2.2014906629920008e-06, -2.1468221209943296e-06, -2.14682212099433e-06, -2.1468221209943296e-06, -2.1194898523390294e-06, -2.0921575836837293e-06, -2.1468261256814005e-06, -2.2014946676790717e-06, -2.256163209676743e-06, -2.310831751674414e-06, -2.365500293672085e-06, -2.420168835669756e-06, -2.420168835669756e-06, -2.420168835669756e-06, -2.420168835669756e-06, -2.474837377667427e-06, -2.447501104325056e-06, -2.5021696463227273e-06, -2.5568381883203985e-06, -2.5841704569756987e-06, -2.5295019149780275e-06, -2.556838188320398e-06, -2.5021696463227273e-06, -2.447501104325056e-06, -2.420168835669756e-06, -2.420168835669756e-06, -2.5295059196650984e-06, -2.5295059196650984e-06, -2.5841744616627696e-06, -2.5841744616627696e-06, -2.5841744616627696e-06], "voltages": [-2.8759786605834963, -2.7637071609497066, -2.625326156616211, -2.5169710159301757, -2.3994775772094727, -2.274151229858399, -2.1409919738769534, -1.9999996185302735, -1.853785514831543, -1.7010438919067385, -1.540469551086426, -1.3720623016357423, -1.1971275329589846, -1.02088737487793, -0.842036247253418, -0.6540466308593751, -0.46605701446533204, -0.27545661926269527, -0.08093967437744141, 0.11618824005126953, 0.3093997955322266, 0.5039167404174805, 0.6945173263549805, 0.8851179122924805, 1.0757184982299806, 1.2624025344848633, 1.4451702117919922, 1.6253267288208009, 1.7976503372192383, 1.968668556213379, 2.1279375076293947, 2.2819845199584963, 2.4308095932006837, 2.57441291809082, 2.701044654846191, 2.8250654220581057, 2.9425588607788082, 3.0469974517822265, 3.1383811950683596, 3.224543380737305, 3.298955917358399, 3.360313606262207, 3.413838577270508, 3.4595302581787113, 3.494778060913086, 3.5169712066650396, 3.527415084838868, 3.5261095046997073, 3.510443687438965, 3.483028602600098, 3.447780799865723, 3.400783348083496, 3.343342208862305, 3.2767625808715826, 3.1971281051635745, 3.1083551406860352, 3.0078329086303714, 2.899477767944336, 2.7819845199584963, 2.656658172607422, 2.52088794708252, 2.379895782470703, 2.227154350280762, 2.070496368408203, 1.9086164474487308, 1.7389036178588868, 1.563969039916992, 1.3851177215576171, 1.2010444641113283, 1.010443878173828, 0.8185379028320313, 0.6253263473510743, 0.43211498260498055, 0.23759822845458992, 0.044386863708496094, -0.14751911163330078, -0.3407306671142578, -0.5326366424560547, -0.7206262588500977, -0.9060049057006836, -1.0861616134643555, -1.2610961914062502, -1.4308090209960938, -1.5992162704467774, -1.755874252319336, -1.9086158752441407, -2.052219009399414, -2.1879892349243164, -2.318537712097168, -2.4438640594482424, -2.556135368347168, -2.66057415008545, -2.755874443054199, -2.8355087280273437, -2.90600471496582, -2.967362403869629, -3.0169706344604497, -3.0548295974731445, -3.0221925735473634, -2.9621404647827148]}