{"currents": [-2.492615021765232e-05, -2.492615021765232e-05, -2.492615021765232e-05, -2.492615021765232e-05, -2.4377627298235895e-05, -2.4377627298235892e-05, -2.4377627298235892e-05, -2.410334572196007e-05, -2.410334572196007e-05, -2.4651868641376498e-05, -2.4651868641376498e-05, -2.4377587065100672e-05, -2.4651868641376498e-05, -2.4377587065100675e-05, -2.437758706510067e-05, -2.437758706510067e-05, -2.410334572196007e-05, -2.437758706510067e-05, -2.3554822430014613e-05, -2.3280540853738783e-05, -2.3280540853738783e-05, -2.3280540853738786e-05, -2.2457776591181754e-05, -2.3006299883127214e-05, -2.328058145940304e-05, -2.300629988312721e-05, -2.355482280254364e-05, -2.3554822802543643e-05, -2.437758706510067e-05, -2.3829064145684243e-05, -2.355482280254364e-05, -2.3006299883127214e-05, -2.355482280254364e-05, -2.3280581459403034e-05, -2.3280581459403037e-05, -2.300629988312721e-05, -2.3280541226267817e-05, -2.2732018306851388e-05, -2.2183495387434962e-05, -2.2732018306851388e-05, -2.355482280254364e-05, -2.3280581459403037e-05, -2.3829104378819463e-05, -2.410334572196007e-05, -2.355482280254364e-05, -2.3006299883127214e-05, -2.2457776591181754e-05, -2.190925367176533e-05, -2.190925367176533e-05, -2.190925367176533e-05, -2.190925367176533e-05, -2.2457776963710785e-05, -2.2457776963710785e-05, -2.3280581459403037e-05, -2.3280581459403037e-05, -2.3280581459403037e-05, -2.3554822802543643e-05, -2.3829064145684246e-05, -2.2732018306851388e-05, -2.2732018306851388e-05, -2.2732018306851388e-05, -2.300629988312721e-05, -2.2732058539986608e-05, -2.3829104378819466e-05, -2.410334572196007e-05, -2.410334572196007e-05, -2.3829064145684246e-05, -2.410330548882485e-05, -2.300625964999199e-05, -2.300625964999199e-05, -2.3280500993132594e-05, -2.300625964999199e-05, -2.3280541226267817e-05, -2.3554782569408416e-05, -2.3829064145684246e-05, -2.3829064145684246e-05, -2.437758706510067e-05, -2.437758706510067e-05, -2.4651868641376498e-05, -2.4651868641376498e-05, -2.4377627298235895e-05, -2.4377627298235892e-05, -2.410334572196007e-05, -2.410334572196007e-05, -2.3829064145684246e-05, -2.437758706510067e-05, -2.437758706510067e-05, -2.4651868641376498e-05, -2.4377587065100672e-05, -2.410334572196007e-05, -2.410334572196007e-05, -2.410334572196007e-05, -2.410334572196007e-05, -2.4651868641376495e-05, -2.5200391560792927e-05, -2.4926109984517097e-05, -2.4926109984517097e-05, -2.4926109984517097e-05, -2.4651868641376498e-05, -2.4651868641376498e-05], "voltages": [-1.0404695510864257, -0.9921667098999024, -0.932114601135254, -0.8929502487182618, -0.8485639572143555, -0.801566505432129, -0.7519580841064455, -0.7010442733764649, -0.6436029434204102, -0.5861616134643555, -0.5248039245605469, -0.4621408462524414, -0.3981719970703125, -0.3315925598144532, -0.2610965728759766, -0.19321155548095706, -0.12402095794677735, -0.049608612060546876, 0.019582176208496095, 0.08877277374267578, 0.15926895141601563, 0.22976512908935548, 0.2976503372192383, 0.36814632415771487, 0.43733692169189453, 0.5052219390869142, 0.5731069564819335, 0.6383811950683593, 0.6997388839721679, 0.7597911834716797, 0.8172325134277344, 0.8720628738403321, 0.9255876541137696, 0.9765016555786133, 1.02349910736084, 1.0665800094604494, 1.1057443618774416, 1.1422977447509766, 1.1736291885375976, 1.1997386932373049, 1.2245428085327148, 1.2480415344238283, 1.2637073516845705, 1.2780675888061526, 1.2885114669799806, 1.2937334060668946, 1.2911224365234375, 1.2859004974365233, 1.2754566192626955, 1.2624017715454101, 1.2441249847412108, 1.2232372283935549, 1.1997386932373049, 1.174934768676758, 1.1436033248901367, 1.1109663009643556, 1.0744127273559572, 1.0339426040649415, 0.9869451522827148, 0.9399477005004884, 0.887728500366211, 0.8355093002319336, 0.7780681610107422, 0.7206268310546875, 0.6592689514160156, 0.59530029296875, 0.5261096954345703, 0.4582244873046875, 0.3877285003662109, 0.3172325134277344, 0.24673633575439455, 0.17754573822021485, 0.10835514068603516, 0.036553382873535156, -0.03263721466064453, -0.10182781219482423, -0.1723237991333008, -0.2441253662109375, -0.31331577301025393, -0.38120079040527344, -0.4477804183959961, -0.5117490768432618, -0.5718013763427734, -0.6292427062988282, -0.6866840362548828, -0.7389034271240235, -0.7898174285888673, -0.8381200790405273, -0.8838119506835939, -0.9255872726440431, -0.9647516250610353, -0.9999996185302736, -1.031331253051758, -1.0587465286254882, -1.0822452545166017, -1.101827621459961, -1.116187858581543, -1.1292427062988282, -1.1083547592163085, -1.0796340942382814]}