{"currents": [-0.000452580612897873, -0.000452580612897873, -0.000452580612897873, -0.0004571777284145356, -0.0004571777284145356, -0.0004571777284145356, -0.0004479841709136963, -0.0004433870553970337, -0.00043419349789619447, -0.00042499994039535524, -0.000415806382894516, -0.00042499994039535524, -0.0004204034984111786, -0.0004204034984111786, -0.00042959705591201784, -0.00042040350437164305, -0.0004112099468708038, -0.0004112099468708038, -0.00040201639533042914, -0.0003928228378295899, -0.0004020163893699646, -0.00039282283782958986, -0.0003928228378295899, -0.0003882257223129272, -0.0003790321707725525, -0.0003790321707725525, -0.0003790321707725525, -0.00036983861923217773, -0.00037443573474884033, -0.00036983861923217773, -0.00035145151019096377, -0.00035145151019096377, -0.00034685439467430117, -0.0003376608371734619, -0.0003238708436489105, -0.0003146772921085358, -0.00031467729210853573, -0.00031467729210853573, -0.0003146772921085358, -0.0003238708436489105, -0.00033306439518928526, -0.00033306439518928526, -0.00032846795320510863, -0.0003238708436489105, -0.00032846728563308715, -0.0003192737340927124, -0.0003192737340927124, -0.0003192737340927124, -0.0003238708436489105, -0.0003192744016647339, -0.00032846795320510863, -0.00031008084416389467, -0.00030088729262351993, -0.0003100808501243591, -0.0003100808501243591, -0.0003192744076251984, -0.00033766151666641235, -0.0003560486257076263, -0.0003560486257076263, -0.0003652421832084656, -0.0003652421832084656, -0.000360645067691803, -0.000360645067691803, -0.000360645067691803, -0.000360645067691803, -0.000360645067691803, -0.0003652421832084656, -0.0003652421832084656, -0.0003652421832084656, -0.0003652421832084656, -0.0003652421832084656, -0.0003652421832084656, -0.00037443573474884033, -0.0003836292862892151, -0.0003836292862892151, -0.0003928228378295899, -0.0003928228378295898, -0.00039741927981376654, -0.00040201572179794317, -0.0004158057153224946, -0.0004249992728233338, -0.00042499927282333376, -0.00042959638833999636, -0.000434193503856659, -0.0004387906193733216, -0.00044338706135749824, -0.0004571770548820496, -0.0004663706123828889, -0.0004663706123828889, -0.0004663706123828889, -0.0004617741703987122, -0.0004663712859153748, -0.0004617741703987122, -0.00047096772789955143, -0.0004709677278995515, -0.0004709677278995515, -0.0004709677278995515, -0.0004663712859153748, -0.000452580612897873, -0.000452580612897873], "voltages": [-4.4843339920043945, -4.292428016662598, -4.06657943725586, -3.9020883560180666, -3.723237228393555, -3.5274147033691405, -3.328981399536133, -3.1122714996337892, -2.885117530822754, -2.6514360427856447, -2.4086162567138674, -2.150130653381348, -1.8864229202270508, -1.6201044082641602, -1.3407310485839845, -1.0639686584472656, -0.7819843292236328, -0.4921670913696289, -0.19843330383300778, 0.08877296447753907, 0.38381214141845704, 0.6736293792724609, 0.9634466171264648, 1.2493473052978517, 1.5365535736083984, 1.814621353149414, 2.088772773742676, 2.3498693466186524, 2.6070493698120116, 2.85509090423584, 3.0966053009033203, 3.326370429992676, 3.5483024597167967, 3.7597909927368165, 3.9516971588134764, 4.131853675842286, 4.301566505432129, 4.454308128356934, 4.584856224060059, 4.7088771820068365, 4.814621543884278, 4.9060052871704105, 4.985639762878418, 5.04960823059082, 5.096605682373047, 5.126631736755371, 5.134464454650879, 5.1214094161987305, 5.096605682373047, 5.052219390869141, 4.988250541687012, 4.9099218368530275, 4.812010955810547, 4.702350044250489, 4.573106956481934, 4.434725952148438, 4.2832897186279295, 4.117493057250977, 3.929503631591797, 3.7349866867065433, 3.524803733825684, 3.301566314697266, 3.06657943725586, 2.8263706207275394, 2.571801567077637, 2.3107051849365234, 2.043081092834473, 1.771540641784668, 1.4921672821044925, 1.2114883422851563, 0.9268930435180665, 0.6370758056640624, 0.34725875854492183, 0.05744152069091797, -0.234986686706543, -0.5221929550170898, -0.8120101928710937, -1.0979110717773437, -1.3798955917358398, -1.6540470123291016, -1.9255874633789063, -2.184073066711426, -2.4360313415527344, -2.6814619064331056, -2.916448783874512, -3.1449085235595704, -3.3603132247924807, -3.5639684677124026, -3.7519580841064455, -3.9295038223266605, -4.090078163146973, -4.23759765625, -4.369451522827148, -4.4843339920043945, -4.588772583007813, -4.674934387207031, -4.746735954284668, -4.801566123962402, -4.740208625793457, -4.630548095703125]}