{"currents": [-7.774768862873317e-07, -7.233035750687123e-07, -7.233035750687123e-07, -7.774768862873317e-07, -7.233035750687123e-07, -7.50392209738493e-07, -7.50392209738493e-07, -6.962188985198737e-07, -6.420455873012544e-07, -6.962188985198737e-07, -6.691302638500929e-07, -6.691302638500929e-07, -6.69130263850093e-07, -6.69130263850093e-07, -6.691302638500929e-07, -6.149569060653448e-07, -5.607835482805967e-07, -5.066101904958487e-07, -4.5243683271110067e-07, -3.440901637077332e-07, -3.711788449436427e-07, -3.4409416839480405e-07, -3.4409416839480405e-07, -3.4409416839480405e-07, -3.4409416839480405e-07, -3.170054871588946e-07, -3.440901637077332e-07, -3.440901637077332e-07, -3.9826352149248124e-07, -3.982635214924813e-07, -3.982635214924813e-07, -3.982635214924813e-07, -3.440902102738619e-07, -2.8991685248911384e-07, -2.8991685248911384e-07, -2.8991685248911384e-07, -2.8991685248911384e-07, -3.440901637077332e-07, -3.440901637077332e-07, -3.170054871588946e-07, -3.170054871588946e-07, -3.170054871588946e-07, -3.170054871588946e-07, -3.4409416839480405e-07, -3.9826752617955214e-07, -4.524408839643002e-07, -4.5244088396430023e-07, -4.5244088396430023e-07, -4.2535220272839076e-07, -4.524368792772294e-07, -3.982635214924813e-07, -3.982635214924813e-07, -4.524368792772294e-07, -5.066102370619774e-07, -4.795255605131388e-07, -5.336989182978869e-07, -5.607875995337964e-07, -5.607875995337964e-07, -5.878762342035771e-07, -6.149609107524157e-07, -6.149609107524157e-07, -6.691342219710351e-07, -6.691342219710351e-07, -6.420455873012543e-07, -6.420455873012544e-07, -6.962188985198737e-07, -7.233035750687122e-07, -8.316502440720797e-07, -8.858235552906991e-07, -9.399968665093183e-07, -9.129121899604797e-07, -8.587388787418604e-07, -8.045655209571124e-07, -8.045655209571124e-07, -8.045655209571124e-07, -8.31650197505951e-07, -8.858235087245703e-07, -8.587388321757317e-07, -8.587388321757317e-07, -8.587388321757317e-07, -8.587388321757317e-07, -8.587388321757317e-07, -8.858235087245703e-07, -8.858235087245703e-07, -8.858235087245703e-07, -8.858235087245703e-07, -8.858235087245703e-07, -8.858235087245703e-07, -9.399968665093183e-07, -9.399968665093184e-07, -9.399968665093183e-07, -9.399968665093183e-07, -9.399968665093183e-07, -8.858235087245703e-07, -8.858235087245703e-07, -8.858235087245703e-07, -8.858235087245703e-07, -8.858235087245703e-07, -8.31650197505951e-07, -8.31650197505951e-07], "voltages": [-1.4147113800048832, -1.000200080871582, -0.5701482772827149, -0.37844181060791016, -0.18543338775634768, 0.010160827636718758, 0.20446128845214845, 0.39876518249511717, 0.5956596374511719, 0.7925474166870117, 0.9829635620117188, 1.1733779907226562, 1.3573158264160157, 1.5386631011962892, 1.7148290634155274, 1.883226203918457, 2.0464420318603516, 2.204476547241211, 2.349557495117188, 2.489460563659668, 2.6280599594116216, 2.757595252990723, 2.874175453186035, 2.9829837799072267, 3.0814292907714846, 3.168218612670899, 3.243346405029297, 3.305522537231446, 3.3625139236450194, 3.406555366516113, 3.4402338027954102, 3.459663963317871, 3.4726207733154295, 3.472624397277832, 3.45837574005127, 3.432468986511231, 3.3961996078491214, 3.349564361572266, 3.2899787902832034, 3.221327590942383, 3.1436077117919927, 3.055524826049805, 2.9544883728027345, 2.8443830490112307, 2.726504135131836, 2.598262214660645, 2.463547134399414, 2.3210599899291995, 2.1708024978637694, 2.011474418640137, 1.8430841445922854, 1.6695091247558596, 1.493340110778809, 1.3132848739624023, 1.1280534744262698, 0.940226173400879, 0.748514747619629, 0.554214096069336, 0.35861682891845703, 0.1617237091064453, -0.03516750335693358, -0.2307668685913086, -0.4250673294067383, -0.620661735534668, -0.8084854125976563, -0.9924264907836915, -1.1750707626342776, -1.3538339614868167, -1.5274124145507815, -1.6958095550537111, -1.8577249526977542, -2.013161849975586, -2.160826873779297, -2.2981325149536134, -2.4315523147583007, -2.5520204544067386, -2.666013526916504, -2.7709341049194336, -2.8667890548706056, -2.9509859085083012, -3.0261154174804688, -3.0857009887695317, -3.1362207412719734, -3.1750808715820313, -3.2009876251220706, -3.219122314453125, -3.226894187927246, -3.2217128753662108, -3.2061721801757814, -3.1802654266357426, -3.142700576782227, -3.093477821350098, -3.0338924407958983, -2.9626455307006836, -2.879743957519531, -2.790365791320801, -2.686738967895508, -2.5727493286132814, -2.2035749435424807, -1.81885986328125]}