{"currents": [-0.0005399197220802307, -0.0005353226065635681, -0.0005261290550231933, -0.0005307254910469056, -0.0005215319395065307, -0.0005215319395065308, -0.000512338387966156, -0.0005031448304653168, -0.0005077419459819794, -0.0005077419459819794, -0.0004985483944416046, -0.000493951952457428, -0.000493951952457428, -0.00047556484341621403, -0.0004663712859153748, -0.0004571777284145356, -0.0004479841709136963, -0.00043879061341285707, -0.00042959705591201784, -0.0004112099468708038, -0.0003928228378295898, -0.00038362928628921507, -0.00037443573474884033, -0.0003652421832084656, -0.0003652421832084656, -0.000360645067691803, -0.00035145151019096377, -0.00035145151019096377, -0.00033766084313392643, -0.0003192737340927124, -0.00030548374056816105, -0.000305483740568161, -0.00028709663152694703, -0.00028250018954277035, -0.000287096631526947, -0.00028249951601028444, -0.00026870884895324705, -0.0002503217399120331, -0.00024112818539142607, -0.00022733818888664246, -0.00022274174988269808, -0.00022733886539936065, -0.00022733886539936068, -0.00021814531087875367, -0.00021814531087875367, -0.00021814531087875367, -0.00019516108930110932, -0.0002135481983423233, -0.0002227417528629303, -0.0002227417528629303, -0.0002135481983423233, -0.00023653241991996766, -0.00022733886539936065, -0.00022733886539936068, -0.00022733886539936068, -0.00025032241642475127, -0.0002503224164247513, -0.0002549188554286957, -0.0002641124099493027, -0.00027790240645408627, -0.0002641124099493027, -0.0002733059614896774, -0.0002870966285467148, -0.00029169307053089144, -0.0002870966285467148, -0.00030548373460769656, -0.00030548373460769656, -0.0003146772921085358, -0.00033766151070594786, -0.0003560486197471619, -0.0003744357287883759, -0.0003836292862892151, -0.0003928228378295899, -0.0003928228378295899, -0.00039282283782958986, -0.00040201639533042914, -0.0004112099468708038, -0.00042040350437164316, -0.00042040350437164316, -0.00042959705591201784, -0.00042959705591201784, -0.00043879061341285707, -0.00044798417091369635, -0.00047556483745574954, -0.0005031455039978028, -0.000512339061498642, -0.0005215326189994812, -0.0005215326189994812, -0.0005123390674591064, -0.0005123390674591064, -0.0005215326189994812, -0.000530726170539856, -0.0005353226065635681, -0.0005399190425872803, -0.0005399190425872803, -0.0005399190425872803, -0.0005399190425872803, -0.0005445161581039429, -0.0005399197220802307, -0.0005399197220802308], "voltages": [-10.635769844055176, -10.221931838989258, -9.71801528930664, -9.335508918762207, -8.922976303100585, -8.481723022460939, -8.007832717895509, -7.503916263580323, -6.97780647277832, -6.421670818328858, -5.844647312164307, -5.2454304695129395, -4.629242515563965, -3.994777774810791, -3.347258186340332, -2.6892948150634766, -2.0169710159301757, -1.3355089187622073, -0.6540468215942382, 0.02872085571289068, 0.7154048919677736, 1.4020889282226563, 2.083551025390625, 2.7663187026977543, 3.4412532806396485, 4.109660339355469, 4.75326328277588, 5.383811759948731, 5.997388648986817, 6.59138355255127, 7.160574340820313, 7.710182952880859, 8.231070709228517, 8.720626831054688, 9.186684036254883, 9.620104408264162, 10.020887565612792, 10.396866416931152, 10.73107032775879, 11.023498725891113, 11.276762580871582, 11.50913848876953, 11.687989807128904, 11.826370811462402, 11.926893043518067, 11.994777870178222, 12.009138107299805, 11.99477767944336, 11.947780418395997, 11.86422939300537, 11.731070327758788, 11.563968467712401, 11.355091094970703, 11.09921646118164, 10.810704803466798, 10.489555740356446, 10.129242706298829, 9.732375717163087, 9.309399223327638, 8.848563385009767, 8.362924003601075, 7.8459526062011715, 7.305482864379883, 6.733681106567382, 6.140991973876954, 5.527415084838868, 4.896866989135743, 4.246736335754394, 3.593994903564454, 2.9295042037963874, 2.250652885437012, 1.5691905975341798, 0.8851177215576171, 0.20104465484619147, -0.48955593109130857, -1.1749345779418947, -1.8563966751098635, -2.532636833190918, -3.1958221435546874, -3.849869155883789, -4.483028316497803, -5.104438304901123, -5.707571506500245, -6.297649860382081, -6.856396579742432, -7.391644668579103, -7.903393936157228, -8.38120059967041, -8.825064849853517, -9.25195770263672, -9.643602561950685, -9.988250160217286, -10.309399223327638, -10.596605491638183, -10.826370429992675, -11.032636833190919, -11.20365505218506, -11.32375946044922, -11.187989234924316, -10.964751625061036]}