{"currents": [-8.316542021930218e-07, -7.503961678594351e-07, -7.503961678594351e-07, -7.503961678594351e-07, -7.233075331896544e-07, -6.962188985198737e-07, -6.69130263850093e-07, -6.149569526314736e-07, -6.149569526314736e-07, -6.149569526314736e-07, -5.87872276082635e-07, -5.87872276082635e-07, -5.87872276082635e-07, -5.87872276082635e-07, -5.336989182978868e-07, -5.066102370619774e-07, -4.524368792772294e-07, -4.524368792772294e-07, -3.982635214924813e-07, -3.982635214924813e-07, -3.982635214924813e-07, -3.711788449436427e-07, -3.170054871588946e-07, -3.170054871588946e-07, -2.8992081061005596e-07, -2.357474993914366e-07, -2.628321759402752e-07, -2.628321759402752e-07, -2.0865886472165584e-07, -2.0865886472165584e-07, -2.357474993914366e-07, -2.357474993914366e-07, -1.8157418817281722e-07, -1.2740083038806913e-07, -1.5448550693690778e-07, -1.2739687226712706e-07, -7.322356104850769e-08, -1.0031219571828842e-07, -2.0865886472165584e-07, -1.5448555350303653e-07, -1.8157418817281722e-07, -1.8157418817281722e-07, -2.0865886472165584e-07, -1.8157418817281722e-07, -2.0866282284259797e-07, -2.357474993914366e-07, -2.8992081061005596e-07, -2.6283613406121734e-07, -2.8992081061005596e-07, -3.170054871588946e-07, -3.170054871588946e-07, -3.170054871588946e-07, -3.440901637077332e-07, -3.440901637077332e-07, -3.9826352149248124e-07, -4.524368792772294e-07, -5.066102370619774e-07, -5.607835948467256e-07, -6.149569526314736e-07, -5.607835948467255e-07, -5.607835948467255e-07, -5.607835948467256e-07, -6.149569060653449e-07, -6.691302172839642e-07, -7.233035750687123e-07, -7.774768862873317e-07, -8.31650197505951e-07, -8.85823555290699e-07, -8.858235552906991e-07, -9.399968665093183e-07, -9.399968665093183e-07, -9.399968665093183e-07, -9.399968665093183e-07, -9.399968665093184e-07, -9.399968665093183e-07, -9.399968665093183e-07, -9.399968665093183e-07, -8.858235087245703e-07, -9.399968665093183e-07, -1.0212588589638472e-06, -1.0754322167485953e-06, -1.0754322167485953e-06, -1.1296055745333435e-06, -1.1837788857519628e-06, -1.156690251082182e-06, -1.1566902510821819e-06, -1.21086360886693e-06, -1.1566902510821819e-06, -1.1025169398635628e-06, -1.0483435820788144e-06, -1.0483435820788146e-06, -9.941702242940663e-07, -9.941702242940665e-07, -9.941702242940665e-07, -9.941702242940663e-07, -9.399968665093183e-07, -9.941702242940665e-07, -9.941702242940663e-07, -8.85823555290699e-07, -8.587388787418604e-07], "voltages": [-2.3408803939819336, -1.7346576690673827, -1.1051239013671876, -0.820149803161621, -0.5299928665161132, -0.23594989776611328, 0.05809326171874998, 0.3508426666259766, 0.6435888290405274, 0.9376302719116212, 1.2251968383789062, 1.5114662170410158, 1.793849563598633, 2.068460845947266, 2.3365989685058595, 2.6008493423461916, 2.8508525848388673, 3.091785430908203, 3.3236541748046875, 3.5451566696166994, 3.7524103164672855, 3.949303245544434, 4.130653762817383, 4.305524063110352, 4.460966491699219, 4.598275566101075, 4.729102897644044, 4.84309253692627, 4.93247413635254, 5.010194396972657, 5.0749597549438485, 5.116410636901856, 5.139730072021484, 5.150096321105957, 5.14232234954834, 5.119007873535156, 5.077560234069824, 5.023154449462891, 4.951904296875, 4.862529563903809, 4.752424240112305, 4.625481414794922, 4.4842876434326175, 4.3301441192626955, 4.160453224182129, 3.9829904556274416, 3.7912773132324222, 3.5853206634521486, 3.3638164520263674, 3.1332447052001955, 2.889721488952637, 2.635835456848145, 2.376766395568848, 2.109926986694336, 1.8379030227661133, 1.5581068038940429, 1.2757200241088869, 0.9855611801147461, 0.6954023361206054, 0.4000688552856445, 0.10473213195800782, -0.18801403045654297, -0.4781728744506836, -0.7683317184448242, -1.0558998107910158, -1.339581871032715, -1.6193780899047852, -1.8939928054809572, -2.163422775268555, -2.4211982727050785, -2.668607711791992, -2.9069496154785157, -3.1349288940429685, -3.352545547485352, -3.561094665527344, -3.7553951263427736, -3.936742210388184, -4.102541923522949, -4.250213623046875, -4.381047630310059, -4.500222015380859, -4.606439590454102, -4.693230628967285, -4.763182258605957, -4.818880081176758, -4.857740211486816, -4.878469085693359, -4.8875329971313475, -4.8771669387817385, -4.851256942749024, -4.80721549987793, -4.742445182800293, -4.66213436126709, -4.568869972229004, -4.454880332946778, -4.325343322753907, -4.180269050598145, -4.0196472167968755, -3.483371162414551, -2.9250791549682624]}