{"currents": [-1.1106407269835473e-05, -1.1106407269835474e-05, -1.0562171787023544e-05, -1.0834329575300217e-05, -1.0562171787023546e-05, -1.0290054231882096e-05, -1.0290054231882096e-05, -1.0290054231882096e-05, -9.745778888463974e-06, -9.473661333322525e-06, -1.0017936676740647e-05, -9.473661333322525e-06, -8.929385989904404e-06, -9.473661333322525e-06, -1.0017936676740647e-05, -9.201543498784303e-06, -9.201543498784303e-06, -9.201543498784303e-06, -8.657268155366182e-06, -8.11299281194806e-06, -8.385110646486282e-06, -8.385110646486282e-06, -8.385110646486282e-06, -8.385110646486282e-06, -8.385110646486282e-06, -8.385110646486282e-06, -7.840875070542096e-06, -7.296639494597912e-06, -6.752403918653727e-06, -6.208168342709542e-06, -5.663932766765357e-06, -5.663932766765357e-06, -6.2081683427095416e-06, -6.7524039186537264e-06, -6.752403918653727e-06, -6.752403918653727e-06, -7.296639494597912e-06, -6.752403918653727e-06, -6.752403918653727e-06, -6.752403918653727e-06, -7.024521660059691e-06, -7.024521660059691e-06, -7.568757236003876e-06, -7.2966394014656545e-06, -7.2966394014656545e-06, -8.113032579421998e-06, -7.840914744883775e-06, -7.296679168939591e-06, -7.024561427533627e-06, -7.568797003477812e-06, -7.024521660059691e-06, -7.296639494597912e-06, -7.840875070542096e-06, -8.385110646486282e-06, -8.385110646486282e-06, -8.657228201627732e-06, -8.657228201627732e-06, -8.92934575676918e-06, -9.473621100187302e-06, -1.0017896443605424e-05, -1.0290054231882096e-05, -1.0834329575300217e-05, -1.1106487363576889e-05, -1.0834329575300216e-05, -1.0834329575300217e-05, -1.0834329575300217e-05, -1.1378565058112144e-05, -1.1378565058112144e-05, -1.1650722846388818e-05, -1.1650722846388818e-05, -1.1650722846388818e-05, -1.1106487363576889e-05, -1.1106487363576889e-05, -1.1106487363576889e-05, -1.1106487363576889e-05, -1.1106487363576889e-05, -1.1378605291247368e-05, -1.1378605291247368e-05, -1.1378605291247368e-05, -1.1922840774059297e-05, -1.1922840774059297e-05, -1.2194958329200745e-05, -1.3283469527959825e-05, -1.3827705010771752e-05, -1.3827705010771752e-05, -1.437194049358368e-05, -1.4099822938442231e-05, -1.355554722249508e-05, -1.3555547222495079e-05, -1.3011311739683151e-05, -1.3011311739683151e-05, -1.2739193812012672e-05, -1.2739193812012672e-05, -1.2739193812012672e-05, -1.2739193812012672e-05, -1.2194958329200745e-05, -1.2194958329200745e-05, -1.2194958329200745e-05, -1.1378565058112143e-05, -1.1378565058112144e-05], "voltages": [-1.623057556152344, -1.2163217544555665, -0.7992231369018554, -0.6088085174560548, -0.41450824737548825, -0.21891231536865233, -0.022021102905273454, 0.17227935791015625, 0.366579818725586, 0.559585189819336, 0.752590560913086, 0.9417097091674804, 1.130828857421875, 1.3147666931152344, 1.4935232162475587, 1.6670982360839846, 1.8367872238159182, 1.9974090576171877, 2.1528493881225588, 2.3005176544189454, 2.441709327697754, 2.572538375854492, 2.6968904495239254, 2.813470840454102, 2.919688606262207, 3.0129528045654297, 3.0971500396728517, 3.1696891784667973, 3.2318653106689457, 3.2836788177490233, 3.3251296997070314, 3.3536270141601565, 3.3717617034912113, 3.3782382965087896, 3.3730567932128914, 3.3588081359863287, 3.3341964721679687, 3.2979270935058596, 3.2474090576171877, 3.1865283966064455, 3.1152849197387695, 3.0349740982055664, 2.9443004608154295, 2.8419689178466796, 2.7292745590209964, 2.6075128555297855, 2.4740932464599608, 2.3316062927246093, 2.185233306884766, 2.0336788177490233, 1.8730569839477542, 1.7059583663940432, 1.532383155822754, 1.3536264419555666, 1.17098388671875, 0.9844552993774414, 0.7927455902099609, 0.6023309707641602, 0.4106212615966797, 0.21373023986816406, 0.019429779052734353, -0.17487068176269532, -0.37046642303466804, -0.566062355041504, -0.7577722549438476, -0.9468914031982423, -1.130829429626465, -1.312176513671875, -1.4896375656127931, -1.663212776184082, -1.832901954650879, -1.9935235977172854, -2.1489641189575197, -2.2940418243408205, -2.428756713867188, -2.5569950103759767, -2.6800519943237306, -2.791450881958008, -2.8924871444702154, -2.985751533508301, -3.0660623550415043, -3.1321245193481446, -3.1891193389892583, -3.235751533508301, -3.2694303512573244, -3.2927465438842773, -3.3095859527587894, -3.3134721755981444, -3.3082908630371097, -3.2901559829711915, -3.2616584777832034, -3.221503067016602, -3.1658035278320313, -3.1010366439819337, -3.0259071350097657, -2.9455963134765626, -2.849741363525391, -2.7435237884521486, -2.3873062133789062, -2.0155445098876954]}