{"currents": [-7.527763023972513e-07, -8.621133863925935e-07, -8.621133863925935e-07, -8.621133863925935e-07, -8.621133863925935e-07, -8.347771130502224e-07, -7.254400290548802e-07, -7.254400290548802e-07, -7.527763023972513e-07, -7.527763023972513e-07, -7.801125757396222e-07, -8.347811177372933e-07, -8.894496597349644e-07, -8.894496597349644e-07, -8.894496597349645e-07, -9.167819749563934e-07, -9.167819749563934e-07, -9.167819749563933e-07, -9.714505169540645e-07, -1.0261190589517356e-06, -1.0534552857279779e-06, -1.0534552857279779e-06, -1.0534552857279779e-06, -1.0534552857279779e-06, -1.0807876009494066e-06, -9.987827856093646e-07, -1.0261151008307934e-06, -9.714465588331222e-07, -1.0261151008307934e-06, -9.987827856093646e-07, -1.0807876009494066e-06, -9.987867437303067e-07, -9.987867437303067e-07, -9.441182017326356e-07, -9.441182017326356e-07, -9.441182017326355e-07, -9.987867437303067e-07, -1.0534552857279779e-06, -1.0807876009494066e-06, -1.0261190589517354e-06, -1.0261190589517356e-06, -1.0261190589517356e-06, -1.0261190589517356e-06, -9.987867437303067e-07, -1.0807876009494066e-06, -1.1354561429470778e-06, -1.1354561429470776e-06, -1.1354561429470778e-06, -1.1354561429470776e-06, -1.1081238277256488e-06, -9.987867437303067e-07, -9.714505169540645e-07, -9.714505169540645e-07, -9.714505169540645e-07, -9.167819749563934e-07, -9.714505169540645e-07, -9.987867437303067e-07, -9.714505169540645e-07, -9.714505169540645e-07, -1.0261190589517356e-06, -1.0261190589517356e-06, -1.0261190589517356e-06, -1.0534552857279779e-06, -1.0534552857279779e-06, -9.987867437303067e-07, -9.987867437303067e-07, -9.167819283902645e-07, -9.167819283902645e-07, -9.714504703879356e-07, -1.0261190123856068e-06, -9.714504703879356e-07, -1.0534552857279779e-06, -1.0534552857279779e-06, -9.441182017326356e-07, -9.167819749563934e-07, -9.167819749563934e-07, -8.621134329587223e-07, -8.074448909610511e-07, -8.074448909610511e-07, -7.801125757396222e-07, -7.801125757396222e-07, -7.801125757396222e-07, -7.801125757396222e-07, -8.074448909610511e-07, -8.3477720618248e-07, -8.3477720618248e-07, -8.3477720618248e-07, -8.89445748180151e-07, -8.621134329587222e-07, -8.347811177372933e-07, -8.347811177372934e-07, -8.347811177372934e-07, -8.074448909610511e-07, -7.8010861761868e-07, -7.8010861761868e-07, -7.801086176186801e-07, -7.801086176186801e-07, -7.527763023972513e-07, -7.527763023972512e-07, -7.527763023972512e-07], "voltages": [1.3067886352539064, 1.2793735504150392, 1.2441255569458007, 1.2036556243896486, 1.160574722290039, 1.1148828506469728, 1.0613578796386718, 1.006527519226074, 0.9503917694091797, 0.8890340805053711, 0.8250654220581055, 0.7610967636108399, 0.6945171356201173, 0.6240211486816406, 0.5509140014648438, 0.4778068542480469, 0.40208892822265624, 0.3263708114624024, 0.25065269470214846, 0.1762401580810547, 0.10313320159912112, 0.028720664978027347, -0.04569168090820313, -0.12140960693359376, -0.19451675415039066, -0.2702348709106446, -0.3407310485839844, -0.4112272262573242, -0.47650146484375, -0.5404699325561524, -0.5992164611816406, -0.6592685699462891, -0.7140989303588867, -0.7650127410888673, -0.8133155822753907, -0.856396484375, -0.8942554473876955, -0.9255868911743165, -0.955613136291504, -0.9804174423217774, -1.0013051986694337, -1.016971015930176, -1.030025863647461, -1.036553192138672, -1.036553192138672, -1.0339422225952148, -1.0261093139648438, -1.0130544662475587, -0.9960830688476562, -0.9791116714477539, -0.9556129455566407, -0.9255870819091798, -0.8916446685791016, -0.8550912857055665, -0.8080940246582031, -0.7584857940673829, -0.7075717926025391, -0.6540470123291016, -0.59530029296875, -0.5378589630126953, -0.4751956939697266, -0.4099214553833008, -0.3407306671142578, -0.27154006958007815, -0.1997385025024414, -0.12663154602050783, -0.05221920013427734, 0.023498725891113285, 0.0992168426513672, 0.17754573822021485, 0.25326385498046877, 0.3302875518798828, 0.40600547790527347, 0.4817234039306641, 0.5535249710083008, 0.6253265380859375, 0.6945171356201172, 0.759791374206543, 0.8250656127929688, 0.8890342712402344, 0.947780990600586, 1.0065277099609375, 1.0613580703735352, 1.1122718811035157, 1.1592691421508787, 1.2036554336547853, 1.2428197860717773, 1.2793731689453125, 1.3093992233276368, 1.3355091094970704, 1.357702445983887, 1.3720628738403322, 1.3825067520141603, 1.3916450500488282, 1.394256019592285, 1.390339469909668, 1.3825065612792968, 1.3707572937011718, 1.353786087036133, 1.3328983306884767]}