{"currents": [-5.067658610641957e-07, -4.520973190665245e-07, -5.614344030618668e-07, -4.794335924088955e-07, -4.521013237535954e-07, -5.067698657512666e-07, -5.067698657512665e-07, -5.067698657512666e-07, -6.707754917442799e-07, -7.254440337419511e-07, -7.254440337419511e-07, -7.801125757396222e-07, -7.801125757396222e-07, -7.801125757396222e-07, -8.074448909610511e-07, -8.3477720618248e-07, -8.3477720618248e-07, -8.621095214039088e-07, -9.71446605399251e-07, -9.441142901778222e-07, -9.714505169540645e-07, -1.0261190589517356e-06, -1.0534552857279779e-06, -9.987867437303067e-07, -1.0534552857279779e-06, -1.0534552857279779e-06, -1.1081238277256488e-06, -1.108123827725649e-06, -1.1081238277256488e-06, -1.1354561429470776e-06, -1.1354561429470776e-06, -1.1354561429470778e-06, -1.1901246849447488e-06, -1.24479322694242e-06, -1.2721294537186622e-06, -1.3267979957163334e-06, -1.2721294537186622e-06, -1.2174609117209914e-06, -1.2174609117209912e-06, -1.2447931803762912e-06, -1.217456953600049e-06, -1.2721254955977201e-06, -1.3267940375953913e-06, -1.3267940375953911e-06, -1.3267940375953911e-06, -1.3541302643716336e-06, -1.3541302643716336e-06, -1.3267940375953913e-06, -1.3814625795930625e-06, -1.4087988529354334e-06, -1.4634673949331046e-06, -1.4361311681568623e-06, -1.4907996635884047e-06, -1.4087948948144913e-06, -1.35412635281682e-06, -1.299457810819149e-06, -1.3267940375953911e-06, -1.24479322694242e-06, -1.2174609117209914e-06, -1.16279236972332e-06, -1.1354561429470776e-06, -1.0534513741731644e-06, -1.0807836893945932e-06, -1.1081160046160221e-06, -1.053447462618351e-06, -9.71446605399251e-07, -9.71446605399251e-07, -8.894457481801511e-07, -8.621134329587222e-07, -8.621134329587222e-07, -8.621134329587223e-07, -8.894496597349645e-07, -8.894496597349645e-07, -8.621134329587222e-07, -8.621134329587223e-07, -8.347771596163512e-07, -7.254400756210088e-07, -6.707715336233378e-07, -6.161029450595378e-07, -5.614344030618668e-07, -5.341021344065666e-07, -5.614344030618668e-07, -5.614344030618668e-07, -5.887706764042378e-07, -6.16102945059538e-07, -6.70771487057209e-07, -6.981077603995801e-07, -6.707714870572091e-07, -6.16102945059538e-07, -5.887706764042378e-07, -5.341021344065666e-07, -5.067658610641956e-07, -5.887706764042378e-07, -6.16102945059538e-07, -6.161029450595378e-07, -6.161029450595378e-07, -6.434392184019089e-07, -5.341021344065667e-07, -4.794335924088955e-07, -5.067658610641957e-07], "voltages": [3.28198413848877, 3.194516754150391, 3.099216461181641, 2.994777870178223, 2.8694517135620123, 2.738903427124024, 2.6031333923339846, 2.454308319091797, 2.292428398132324, 2.130548477172852, 1.9595300674438476, 1.7767623901367187, 1.5887729644775392, 1.3955615997314452, 1.1971281051635743, 0.9934726715087892, 0.788511848449707, 0.5822452545166015, 0.3785898208618165, 0.16971263885498047, -0.037858963012695326, -0.24543075561523436, -0.45169696807861326, -0.6579631805419922, -0.8563966751098633, -1.0522192001342774, -1.240208625793457, -1.424281692504883, -1.601827430725098, -1.7741512298583986, -1.934725570678711, -2.0887725830078123, -2.233681106567383, -2.369451332092285, -2.4921667098999025, -2.6083547592163088, -2.715404510498047, -2.805482864379883, -2.8851173400878904, -2.9569189071655275, -3.010443687438965, -3.0496080398559573, -3.0822450637817385, -3.0992162704467776, -3.1005218505859378, -3.091383361816406, -3.07049560546875, -3.0326368331909177, -2.9830286026000974, -2.9229763031005858, -2.8498693466186524, -2.763707733154297, -2.668407440185547, -2.560052299499512, -2.439947891235352, -2.3120105743408206, -2.1736291885375976, -2.024803924560547, -1.8681459426879883, -1.7036550521850586, -1.530025863647461, -1.3498693466186524, -1.1605745315551759, -0.9673631668090821, -0.7689296722412109, -0.5678852081298829, -0.3629243850708008, -0.15796337127685547, 0.04960861206054687, 0.2558748245239258, 0.46344661712646484, 0.6723239898681641, 0.875979232788086, 1.0796344757080079, 1.2793733596801757, 1.4751956939697266, 1.6644906997680664, 1.8498693466186524, 2.026109504699707, 2.1984333038330077, 2.3629241943359376, 2.5156656265258794, 2.6618799209594726, 2.800261306762695, 2.9255874633789065, 3.039164733886719, 3.146214485168457, 3.2402088165283205, 3.3172323226928713, 3.385117530822754, 3.4425586700439452, 3.483028602600098, 3.510444068908691, 3.5300260543823243, 3.5339426040649418, 3.5221933364868168, 3.5, 3.463446426391602, 3.4125326156616214, 3.3550912857055666]}