{"currents": [7.393765030428767e-07, 7.935498375445604e-07, 7.935498375445604e-07, 9.018965298309923e-07, 8.748078718781472e-07, 9.018925484269858e-07, 9.018925484269858e-07, 9.018925484269858e-07, 9.018925484269858e-07, 8.748078718781472e-07, 9.018965298309923e-07, 8.477231953293085e-07, 9.018965298309923e-07, 8.748078718781472e-07, 9.289812063798309e-07, 9.289812063798309e-07, 9.560658829286695e-07, 9.018925484269858e-07, 9.289812063798309e-07, 9.018925484269858e-07, 8.47719213925302e-07, 8.206345373764634e-07, 8.748078718781472e-07, 8.206345373764634e-07, 7.935498608276248e-07, 7.935498608276248e-07, 7.393765030428768e-07, 6.85203168541193e-07, 6.310298107564449e-07, 6.310298107564449e-07, 5.768564529716969e-07, 6.310298107564449e-07, 5.768564529716969e-07, 5.768564529716969e-07, 5.226830951869487e-07, 5.768564529716969e-07, 4.6850978396832945e-07, 4.685097839683294e-07, 4.143364727497101e-07, 3.6016316153109077e-07, 2.5181649252772336e-07, 2.78901169076562e-07, 2.247278578579426e-07, 2.247278578579426e-07, 2.247278578579426e-07, 2.789011690765619e-07, 2.518164925277233e-07, 2.5181649252772336e-07, 2.247278112918139e-07, 2.247278112918139e-07, 1.7055450007319452e-07, 1.1638114228844643e-07, 1.1638114228844644e-07, 1.1638114228844643e-07, 1.1638114228844644e-07, 1.1638114228844643e-07, 1.1638114228844643e-07, 6.220778450369837e-08, 8.929646573960782e-08, 8.929646573960781e-08, 8.929646573960781e-08, 1.434698235243559e-07, 1.434698235243559e-07, 8.929646573960782e-08, 8.929646573960782e-08, 8.929646573960781e-08, 8.929646573960781e-08, 1.434698235243559e-07, 1.7055450007319452e-07, 1.1638114228844643e-07, 1.1638114228844644e-07, 1.1638114228844643e-07, 1.7055445350706577e-07, 2.247278112918139e-07, 2.78901169076562e-07, 3.330744802951813e-07, 3.330744802951813e-07, 3.330744802951813e-07, 3.059898037463427e-07, 3.059898037463427e-07, 2.5181649252772336e-07, 3.059898037463427e-07, 3.059898037463427e-07, 3.60163114964962e-07, 4.685097839683294e-07, 5.768564529716969e-07, 5.768564529716969e-07, 6.039411528035998e-07, 6.581145105883479e-07, 6.039411528035999e-07, 5.768524948507548e-07, 6.310258526355028e-07, 6.581145105883479e-07, 6.581145105883479e-07, 7.393725449219346e-07, 7.664612028747797e-07, 7.664612028747797e-07, 7.664612028747797e-07, 7.122878450900317e-07, 7.393765030428768e-07], "voltages": [2.734346199035645, 2.8587018966674806, 2.970100975036621, 3.0724393844604494, 3.1605205535888676, 3.2473102569580083, 3.3159629821777346, 3.370367050170899, 3.4157039642333986, 3.4519718170166023, 3.4649267196655273, 3.468809509277344, 3.4623361587524415, 3.4403137207031254, 3.3988660812377933, 3.353529167175293, 3.292650032043457, 3.216221618652344, 3.128140449523926, 3.0296934127807615, 2.9195863723754885, 2.799118232727051, 2.6669973373413085, 2.525802040100098, 2.3755413055419923, 2.21362419128418, 2.042636299133301, 1.8664670944213868, 1.686412048339844, 1.4947021484375, 1.3016937255859375, 1.1022153854370118, 0.900139617919922, 0.6915903091430664, 0.4843330383300782, 0.2731964111328125, 0.06334514617919922, -0.14909019470214843, -0.3589380264282227, -0.5636045455932617, -0.7682744979858398, -0.9716407775878906, -1.1659446716308595, -1.355063819885254, -1.5441829681396486, -1.7229360580444337, -1.892626953125, -2.0584300994873046, -2.2177581787109375, -2.3615406036376956, -2.497554206848145, -2.6245004653930666, -2.737194633483887, -2.840821647644043, -2.9353813171386722, -3.014396858215332, -3.081754302978516, -3.1374572753906254, -3.1802017211914064, -3.208699035644531, -3.2268339157104493, -3.2320119857788088, -3.220353889465332, -3.194450569152832, -3.158181190490723, -3.1063676834106446, -3.0416007995605474, -2.9703538894653327, -2.883564567565918, -2.7799409866333007, -2.6711326599121095, -2.5493709564208986, -2.414652633666992, -2.2734575271606445, -2.1257858276367188, -1.9651607513427738, -1.7967670440673829, -1.621896553039551, -1.437960433959961, -1.246250534057617, -1.0493625640869142, -0.8498773574829102, -0.645214080810547, -0.4392522811889648, -0.23458232879638669, -0.028617095947265636, 0.18381805419921876, 0.3936643600463867, 0.6022169113159179, 0.8120580673217773, 1.0193103790283202, 1.2175003051757813, 1.4130977630615236, 1.6073984146118165, 1.7926366806030276, 1.971394729614258, 2.143674659729004, 2.3094778060913086, 2.459733390808106, 2.606108093261719]}