{"currents": [-8.196138124912977e-06, -7.921896409243345e-06, -7.921896409243345e-06, -8.744700718671084e-06, -9.018942248076202e-06, -8.744700904935599e-06, -8.744700904935599e-06, -8.196178078651428e-06, -8.744701370596886e-06, -9.567505959421397e-06, -9.01898266747594e-06, -9.01898266747594e-06, -9.841747209429741e-06, -1.0115988552570344e-05, -9.567465260624886e-06, -1.0115988552570344e-05, -1.0664511844515802e-05, -1.039027012884617e-05, -1.0116028785705567e-05, -1.0390270501375199e-05, -9.841747209429741e-06, -9.293223917484283e-06, -9.841747209429743e-06, -9.293223917484285e-06, -9.018982201814651e-06, -9.56750549376011e-06, -9.841747209429741e-06, -9.841747209429741e-06, -9.841747209429741e-06, -1.03902705013752e-05, -1.0938793420791628e-05, -1.1213074997067453e-05, -1.176159791648388e-05, -1.231012120842934e-05, -1.231012120842934e-05, -1.1761598289012912e-05, -1.1761598289012912e-05, -1.1213075369596483e-05, -1.176159828901291e-05, -1.2035839632153512e-05, -1.2584362551569941e-05, -1.2035839259624483e-05, -1.2035839259624483e-05, -1.1487316340208056e-05, -1.1213074997067454e-05, -1.0664552077651025e-05, -1.1213075369596483e-05, -1.1213075369596483e-05, -1.0664552077651025e-05, -1.1213074997067453e-05, -1.1213074997067454e-05, -1.0938793420791626e-05, -1.1487316340208056e-05, -1.2035839632153514e-05, -1.1487316712737086e-05, -1.1487316712737086e-05, -1.1761598289012912e-05, -1.1213075369596483e-05, -1.1213075369596483e-05, -1.176159828901291e-05, -1.176159828901291e-05, -1.2035839632153512e-05, -1.2310080975294115e-05, -1.2858603894710542e-05, -1.1761557683348657e-05, -1.1761557683348658e-05, -1.1487316340208056e-05, -1.1213074997067454e-05, -1.0664552077651025e-05, -1.0664552077651025e-05, -1.0116028785705567e-05, -1.0116028785705567e-05, -1.0116028785705567e-05, -9.56750549376011e-06, -9.841747209429741e-06, -9.841747209429741e-06, -9.293223917484283e-06, -9.293223917484285e-06, -9.567465633153917e-06, -9.841747209429741e-06, -9.841747209429741e-06, -9.841747209429743e-06, -9.841747209429743e-06, -9.841747209429741e-06, -9.293223917484283e-06, -9.841747209429741e-06, -9.841747209429743e-06, -9.293223917484285e-06, -9.018982201814651e-06, -9.56750549376011e-06, -9.018982201814651e-06, -9.018982201814651e-06, -8.470459375530483e-06, -8.47045937553048e-06, -7.921936083585025e-06, -8.196177799254656e-06, -8.470419514924288e-06, -9.018942341208459e-06, -8.19613803178072e-06, -7.64761520549655e-06], "voltages": [1.2624017715454103, 1.2428195953369139, 1.2193208694458009, 1.1906003952026367, 1.1592687606811525, 1.1240209579467775, 1.083551025390625, 1.0365537643432619, 0.9882509231567382, 0.9360315322875976, 0.8785902023315431, 0.8198434829711914, 0.7610965728759767, 0.6958223342895509, 0.6292427062988282, 0.5613574981689453, 0.49216690063476565, 0.4203655242919922, 0.34725856781005865, 0.2702350616455078, 0.19321174621582035, 0.11488265991210939, 0.036553573608398435, -0.0417755126953125, -0.11618804931640625, -0.187989616394043, -0.2624021530151367, -0.3328981399536133, -0.40339412689208987, -0.4712791442871094, -0.5365533828735353, -0.6005220413208008, -0.6631853103637696, -0.7219320297241212, -0.779373359680176, -0.8342037200927735, -0.8838121414184571, -0.9295040130615235, -0.968668556213379, -1.0052221298217776, -1.0404701232910156, -1.0691905975341798, -1.091383743286133, -1.113576889038086, -1.129242515563965, -1.1383808135986329, -1.14099178314209, -1.1436027526855468, -1.1383808135986326, -1.1279369354248048, -1.1135766983032227, -1.0966054916381838, -1.0718013763427736, -1.0430809020996095, -1.0117494583129885, -0.9765014648437501, -0.9360315322875977, -0.8929506301879884, -0.8446475982666016, -0.7898172378540039, -0.7323759078979493, -0.6723237991333008, -0.6096607208251953, -0.5456920623779297, -0.48302879333496096, -0.41514377593994145, -0.3446475982666016, -0.27154045104980473, -0.19582252502441408, -0.12010459899902343, -0.044386482238769516, 0.03133163452148438, 0.10704975128173828, 0.18015689849853517, 0.25718021392822266, 0.3302871704101563, 0.40339412689208987, 0.47650108337402347, 0.5496080398559571, 0.6187988281250001, 0.6892950057983398, 0.7571802139282227, 0.8198434829711915, 0.8798955917358399, 0.9373369216918946, 0.9895563125610352, 1.0339426040649415, 1.0783288955688477, 1.1174934387207032, 1.1540468215942383, 1.1853782653808596, 1.2154045104980469, 1.2389032363891603, 1.2597909927368165, 1.2728458404541017, 1.2832897186279297, 1.2898170471191408, 1.2898170471191406, 1.2859004974365233, 1.2767621994018556]}