{"currents": [-1.24479322694242e-06, -1.24479322694242e-06, -1.2721294537186622e-06, -1.3814665377140046e-06, -1.490803621709347e-06, -1.545472163707018e-06, -1.545472163707018e-06, -1.6001407057046892e-06, -1.5728044323623181e-06, -1.4907996170222759e-06, -1.4907996170222759e-06, -1.5728004276752472e-06, -1.518131885677576e-06, -1.545468159019947e-06, -1.518135890364647e-06, -1.4634673483669757e-06, -1.3814665377140044e-06, -1.3814665377140044e-06, -1.3541302643716336e-06, -1.4087988063693047e-06, -1.4087988063693047e-06, -1.4087988063693047e-06, -1.4634673483669757e-06, -1.4361350797116756e-06, -1.3814665377140046e-06, -1.3541303109377622e-06, -1.3541303109377622e-06, -1.24479322694242e-06, -1.2174570001661776e-06, -1.1901207733899356e-06, -1.1901207733899356e-06, -1.1901207733899356e-06, -1.1081159580498933e-06, -1.0807836428284643e-06, -1.0261151008307934e-06, -9.987827856093646e-07, -8.894457016140223e-07, -9.441142901778222e-07, -8.894457481801511e-07, -8.347771596163512e-07, -7.8010861761868e-07, -7.25440075621009e-07, -6.70771487057209e-07, -6.161029450595378e-07, -5.887706764042377e-07, -5.341021344065666e-07, -5.341021344065666e-07, -4.521013237535954e-07, -4.521013237535954e-07, -4.2476505041122444e-07, -4.2476505041122433e-07, -4.2476505041122433e-07, -5.067658610641956e-07, -4.520973190665245e-07, -4.2476505041122444e-07, -3.700965084135533e-07, -3.427602350711823e-07, -2.60759424418211e-07, -2.8809169307351117e-07, -3.154239617288113e-07, -3.154239617288113e-07, -2.8809169307351117e-07, -3.154239617288113e-07, -3.427602350711823e-07, -3.1542796641588216e-07, -3.1542796641588216e-07, -3.1542796641588216e-07, -2.88095697760582e-07, -2.88095697760582e-07, -2.88095697760582e-07, -3.974327817559243e-07, -4.521013237535954e-07, -5.067698657512665e-07, -5.067698657512665e-07, -5.341021344065666e-07, -5.341021344065667e-07, -5.887706764042378e-07, -6.16102945059538e-07, -6.161029450595378e-07, -7.527763023972512e-07, -7.527763023972512e-07, -7.527763023972512e-07, -8.347811177372933e-07, -9.441182017326356e-07, -8.894496597349644e-07, -9.441182017326356e-07, -9.987867437303067e-07, -9.987867437303067e-07, -9.441182017326356e-07, -9.441182017326356e-07, -9.714505169540645e-07, -9.714505169540645e-07, -1.0261190589517356e-06, -1.1354561429470778e-06, -1.24479322694242e-06, -1.2721294537186622e-06, -1.3267979957163334e-06, -1.2994617689400912e-06, -1.24479322694242e-06, -1.24479322694242e-06], "voltages": [-3.746736145019532, -3.919059944152832, -4.075717735290527, -4.221931838989258, -4.351174545288086, -4.458224105834961, -4.552218818664551, -4.631853294372559, -4.690600204467774, -4.721931838989258, -4.740208625793457, -4.741514205932617, -4.715404510498047, -4.667101478576661, -4.612271118164063, -4.531331253051758, -4.428198051452637, -4.313315582275391, -4.182767486572265, -4.022193145751953, -3.8524803161621093, -3.6671016693115237, -3.4634462356567384, -3.2441249847412115, -3.015665435791016, -2.7728456497192386, -2.516971015930176, -2.2506525039672853, -1.9751956939697266, -1.6919059753417969, -1.3955614089965822, -1.09530029296875, -0.7911230087280274, -0.4817234039306641, -0.17101840972900395, 0.1409921646118164, 0.4530025482177734, 0.7650131225585938, 1.075718116760254, 1.3851175308227541, 1.6866840362548827, 1.9830287933349613, 2.2741516113281257, 2.556135940551758, 2.8276763916015626, 3.0926897048950197, 3.347258758544922, 3.5835512161254885, 3.810705375671387, 4.023498916625977, 4.2206268310546875, 4.402088928222657, 4.571801567077637, 4.718015670776367, 4.845953369140625, 4.954308128356933, 5.046997451782226, 5.117493629455566, 5.169712638854981, 5.206265830993653, 5.223237419128418, 5.214098930358887, 5.191905403137207, 5.151435470581055, 5.0874671936035165, 5.005221557617189, 4.907310485839844, 4.784595489501953, 4.644908905029297, 4.490861892700195, 4.321149063110352, 4.131854057312012, 3.9308094024658202, 3.71409912109375, 3.4778064727783207, 3.229764747619629, 2.9738901138305667, 2.7049606323242186, 2.422976493835449, 2.1396867752075197, 1.8472585678100586, 1.5430809020996095, 1.2375980377197267, 0.9295040130615235, 0.6187990188598633, 0.3054832458496094, -0.005221557617187483, -0.3172319412231446, -0.6279369354248048, -0.938641929626465, -1.2428195953369143, -1.5391643524169925, -1.8263706207275392, -2.107049369812012, -2.3759788513183597, -2.634464454650879, -2.8851171493530274, -3.1240207672119142, -3.342036437988281, -3.5496082305908203]}