{"currents": [-2.2121751680970194e-07, -2.2121751680970194e-07, -1.037610787898302e-06, -2.6703973300755025e-06, -3.2146728597581388e-06, -3.2146728597581383e-06, -4.303223919123412e-06, -4.031106177717448e-06, -4.575341753661633e-06, -4.8474594950675965e-06, -4.8474594950675965e-06, -4.8474594950675965e-06, -5.391735024750233e-06, -4.847499448806048e-06, -5.1196572370827205e-06, -5.663932766765357e-06, -5.663932766765357e-06, -5.1196572370827205e-06, -4.575381707400084e-06, -4.031106177717447e-06, -3.486830648034811e-06, -2.9425551183521747e-06, -2.9425551183521747e-06, -2.9425551183521747e-06, -2.3982795886695385e-06, -2.3982795886695385e-06, -2.3982795886695385e-06, -1.8540040589869023e-06, -1.8540040589869023e-06, -1.8540040589869023e-06, -1.309728529304266e-06, -7.654529996216296e-07, -7.654529996216296e-07, -2.2117746993899346e-07, -2.2117746993899346e-07, -2.2117746993899346e-07, 5.0940271466970463e-08, 5.951757542788983e-07, 1.1394112370908261e-06, 1.6836467199027538e-06, 2.2278822027146814e-06, 3.3163932152092457e-06, 4.132786486297846e-06, 4.132786486297846e-06, 4.677062015980483e-06, 5.221337545663119e-06, 4.949219804257154e-06, 4.1328265331685545e-06, 4.1328265331685545e-06, 4.1328265331685545e-06, 4.1328265331685545e-06, 4.1328265331685545e-06, 5.2213376387953765e-06, 6.309848744422198e-06, 6.854084320366383e-06, 7.398319896310569e-06, 7.670437637716533e-06, 7.670437637716533e-06, 7.670437637716533e-06, 7.398319803178312e-06, 6.8540842272341265e-06, 7.126202061772348e-06, 7.126202061772348e-06, 7.126202061772348e-06, 7.398319896310569e-06, 7.942555472254754e-06, 8.486830815672876e-06, 8.486830815672876e-06, 7.94259523972869e-06, 7.670477405190468e-06, 7.67047740519047e-06, 6.8540842272341265e-06, 5.7655731216073045e-06, 6.30980869755149e-06, 6.037690956145526e-06, 5.7655731216073045e-06, 5.49345538020134e-06, 5.49345538020134e-06, 4.404944274574518e-06, 3.860668744891882e-06, 3.0442754738032817e-06, 3.044275473803282e-06, 3.044275473803282e-06, 3.0442754738032817e-06, 3.5885510034859183e-06, 3.5885510034859183e-06, 2.500039990991354e-06, 2.500039990991354e-06, 1.9558045081794264e-06, 1.1394112370908261e-06, 8.672934956848621e-07, 8.672934956848623e-07, 5.0900224596262045e-08, -2.212575636804103e-07, -4.933753050863742e-07, -7.65493046492338e-07, -7.65493046492338e-07, -4.933352582156658e-07, 3.2305801287293434e-07, 3.2305801287293434e-07], "voltages": [-3.5880834579467775, -3.787565231323242, -3.9753889083862304, -4.151554679870605, -4.319948387145996, -4.470207595825196, -4.5997411727905275, -4.709844779968263, -4.800518608093261, -4.866580772399902, -4.918394088745117, -4.954663467407227, -4.970207405090332, -4.965025901794434, -4.9404144287109375, -4.891191673278809, -4.829015541076661, -4.748704719543458, -4.64766845703125, -4.528497505187989, -4.393782424926758, -4.235751533508301, -4.059585762023926, -3.8704666137695316, -3.6683940887451176, -3.4468915939331057, -3.213730812072754, -2.967616844177246, -2.708549499511719, -2.436528778076172, -2.158031463623047, -1.8678762435913088, -1.567358207702637, -1.2642494201660157, -0.9559593200683594, -0.6424877166748046, -0.32901611328124997, -0.016839790344238298, 0.29922237396240237, 0.6139892578125, 0.9248701095581056, 1.234455680847168, 1.540155029296875, 1.8367872238159182, 2.130828666687012, 2.4170982360839846, 2.689118957519532, 2.952072525024414, 3.2085493087768557, 3.444300651550293, 3.6658029556274414, 3.879533576965332, 4.076424789428711, 4.251295280456543, 4.414507865905762, 4.564767265319825, 4.69300537109375, 4.799222946166992, 4.892486953735352, 4.9689115524292, 5.0194295883178714, 5.049222564697267, 5.066061782836914, 5.060880661010742, 5.029792594909669, 4.983160591125489, 4.919689178466797, 4.83160629272461, 4.725388336181641, 4.606217384338379, 4.465025520324708, 4.304403495788575, 4.132123947143555, 3.9404144287109375, 3.7305700302124025, 3.5090675354003906, 3.2759069442749023, 3.027202033996582, 2.7681344985961913, 2.4974090576171877, 2.21632080078125, 1.9261653900146485, 1.6282379150390625, 1.3251291275024413, 1.015543556213379, 0.7033674240112306, 0.391191291809082, 0.0751291275024414, -0.24093303680419922, -0.5544046401977539, -0.8678762435913087, -1.1787570953369142, -1.483161163330078, -1.782383918762207, -2.0738346099853517, -2.354922676086426, -2.6295341491699222, -2.892487716674805, -3.1398969650268556, -3.370466995239258]}