{"currents": [4.143364261835813e-07, 3.059897571802139e-07, 3.059897571802139e-07, 3.601630683988333e-07, 2.5181639939546587e-07, 2.5181639939546587e-07, 3.601630683988333e-07, 3.601630683988333e-07, 3.601630683988333e-07, 4.955944372341037e-07, 4.955944372341037e-07, 4.4142112601548434e-07, 4.1433249134570365e-07, 4.6850584913045174e-07, 4.414211492985487e-07, 4.414211492985487e-07, 5.226791603490711e-07, 5.497677950188518e-07, 4.955944372341037e-07, 4.955944372341037e-07, 4.955944372341037e-07, 4.685097374022007e-07, 4.685097374022007e-07, 4.685097374022007e-07, 4.685097374022007e-07, 4.685097374022007e-07, 4.1433642618358136e-07, 4.6850978396832945e-07, 4.685097839683294e-07, 5.226831417530775e-07, 5.768564995378256e-07, 6.852031685411929e-07, 6.310298107564449e-07, 6.31029810756445e-07, 6.310298107564449e-07, 6.039411528035998e-07, 5.497677950188518e-07, 5.497677950188518e-07, 5.497677950188518e-07, 6.039411295205355e-07, 6.310297874733806e-07, 6.852031452581286e-07, 7.393765030428767e-07, 7.935498608276248e-07, 7.393765263259411e-07, 6.85203168541193e-07, 6.85203168541193e-07, 6.581145105883478e-07, 6.581145105883479e-07, 6.581145105883479e-07, 7.12287868373096e-07, 6.581145105883479e-07, 6.85203168541193e-07, 6.852031685411929e-07, 6.852031685411929e-07, 6.310298107564449e-07, 6.31029810756445e-07, 5.768564529716969e-07, 5.226830951869487e-07, 4.685097374022007e-07, 4.685097374022007e-07, 4.685097374022007e-07, 5.226830951869487e-07, 5.768564529716969e-07, 5.768564529716969e-07, 5.768564529716969e-07, 5.768564529716969e-07, 5.226830951869487e-07, 4.685097374022007e-07, 4.685097374022007e-07, 4.685097374022007e-07, 4.685097374022007e-07, 4.685097374022007e-07, 4.4142110273242e-07, 4.4142110273242e-07, 4.4142110273241993e-07, 4.1433246806263924e-07, 4.414171678945422e-07, 4.6850580256432297e-07, 4.685058025643229e-07, 4.685058025643229e-07, 4.955944372341037e-07, 4.1433642618358136e-07, 4.1433642618358136e-07, 3.60163114964962e-07, 3.60163114964962e-07, 3.60163114964962e-07, 4.143364261835813e-07, 4.143364261835813e-07, 4.4142110273242e-07, 4.143324680626393e-07, 3.8724383339285854e-07, 3.8724383339285854e-07, 3.872438333928585e-07, 3.601591568440199e-07, 3.601591568440199e-07, 3.872477915138006e-07, 3.872477915138006e-07, 3.330744802951813e-07, 3.872477915138006e-07], "voltages": [-1.0571245193481444, -1.0286338806152344, -0.9962505340576172, -0.962568473815918, -0.9211244583129883, -0.8796735763549806, -0.8330347061157227, -0.7838119506835939, -0.7294078826904298, -0.6736999511718751, -0.6141145706176758, -0.5493511199951172, -0.48069972991943366, -0.41333885192871095, -0.34209709167480473, -0.26955814361572267, -0.1957187652587891, -0.12188301086425783, -0.04416618347167968, 0.0335540771484375, 0.11386489868164062, 0.19028797149658205, 0.2680082321166992, 0.34443321228027346, 0.41956272125244143, 0.48951091766357424, 0.5646371841430665, 0.6332933425903321, 0.7019460678100586, 0.7693069458007813, 0.8327817916870118, 0.88978328704834, 0.9480701446533204, 1.0037696838378907, 1.0529924392700196, 1.1009183883666993, 1.1462518692016603, 1.1877025604248048, 1.2200860977172852, 1.2498823165893556, 1.2757905960083011, 1.2952239990234375, 1.308180809020996, 1.3198421478271483, 1.3289060592651367, 1.33278865814209, 1.330197906494141, 1.323719596862793, 1.3120615005493164, 1.2926315307617189, 1.2680234909057617, 1.2447040557861326, 1.2123222351074219, 1.1760528564453125, 1.135897445678711, 1.0944433212280276, 1.0452205657958986, 0.9959943771362305, 0.9415868759155274, 0.884588623046875, 0.8224124908447266, 0.757645606994629, 0.6902914047241212, 0.619051170349121, 0.5465122222900392, 0.47397327423095703, 0.39884376525878906, 0.32371082305908205, 0.24987335205078126, 0.1747438430786133, 0.09702377319335936, 0.019303512573242185, -0.058416557312011716, -0.1348430633544922, -0.21256313323974613, -0.28510208129882814, -0.35634708404541016, -0.42499828338623047, -0.4936494827270508, -0.5584163665771484, -0.6231832504272461, -0.6840625762939454, -0.7423578262329102, -0.7967620849609375, -0.8459882736206055, -0.8926202774047851, -0.9353664398193359, -0.9742231369018555, -1.0079017639160155, -1.0389881134033203, -1.0648963928222657, -1.0856233596801759, -1.1011674880981448, -1.1141208648681642, -1.119303894042969, -1.120599365234375, -1.1193023681640626, -1.1128255844116213, -1.0972848892211915, -1.0817375183105469]}