{"currents": [-9.018982667475939e-06, -8.470459841191768e-06, -8.47045984119177e-06, -7.647655252367258e-06, -7.64765525236726e-06, -6.55060913413763e-06, -7.099131960421801e-06, -6.55060913413763e-06, -6.276367604732513e-06, -6.824890431016683e-06, -7.373413257300854e-06, -6.824890431016683e-06, -6.824890431016683e-06, -7.099131960421801e-06, -6.55060913413763e-06, -6.00208630785346e-06, -6.276327837258577e-06, -6.824850663542747e-06, -6.55060913413763e-06, -6.55060913413763e-06, -7.099131960421801e-06, -6.824890431016683e-06, -6.276367604732513e-06, -6.276367604732513e-06, -6.824890431016683e-06, -6.824890431016684e-06, -7.373413257300854e-06, -7.647654786705972e-06, -8.196177612990141e-06, -7.64765478670597e-06, -7.373373489826918e-06, -7.373373489826918e-06, -7.64765478670597e-06, -8.196178078651428e-06, -9.293224196881057e-06, -9.56750549376011e-06, -9.56750549376011e-06, -9.56750549376011e-06, -9.56750549376011e-06, -9.56750549376011e-06, -1.0116028785705567e-05, -1.0664552077651025e-05, -1.1213075369596483e-05, -1.1213075369596483e-05, -1.0664552077651025e-05, -1.0664552077651025e-05, -1.0116028785705567e-05, -1.0116028785705567e-05, -1.0390270128846168e-05, -1.1213034763932228e-05, -1.121303476393223e-05, -1.1761558055877687e-05, -1.2310080975294115e-05, -1.2035839632153514e-05, -1.2310121208429338e-05, -1.2584362551569941e-05, -1.3132885470986368e-05, -1.3132885470986368e-05, -1.3132885470986368e-05, -1.3681408390402796e-05, -1.3955689966678622e-05, -1.4229931309819223e-05, -1.3955649733543398e-05, -1.4229891076684e-05, -1.3955609500408173e-05, -1.3955609500408175e-05, -1.3681368157267572e-05, -1.3955649733543398e-05, -1.4229931309819223e-05, -1.450421288609505e-05, -1.450421288609505e-05, -1.5052735805511477e-05, -1.5052735805511477e-05, -1.477845422923565e-05, -1.477845422923565e-05, -1.477845422923565e-05, -1.4229931309819223e-05, -1.4229931309819223e-05, -1.4778454229235652e-05, -1.3955649733543398e-05, -1.340712681412697e-05, -1.2858603894710544e-05, -1.2858603894710544e-05, -1.2310080975294115e-05, -1.2035839632153514e-05, -1.2035839632153514e-05, -1.2035839632153514e-05, -1.1487316712737086e-05, -1.0664552077651025e-05, -1.0116028785705567e-05, -1.0116028785705567e-05, -1.0116028785705567e-05, -9.841747209429741e-06, -9.567465912550689e-06, -1.0115989204496147e-05, -9.567465912550689e-06, -9.01894262060523e-06, -8.744700904935599e-06, -9.56750549376011e-06, -8.47045937553048e-06], "voltages": [1.9308095932006837, 2.1005224227905277, 2.2571802139282227, 2.413838195800781, 2.560052490234375, 2.693211555480957, 2.817232322692871, 2.934725761413574, 3.036553382873535, 3.1279369354248048, 3.2114881515502933, 3.280678939819336, 3.3328983306884767, 3.375979232788086, 3.4086164474487304, 3.4242820739746094, 3.4268928527832037, 3.421671104431152, 3.4007833480834964, 3.3603132247924807, 3.3107048034667974, 3.249347305297852, 3.173629188537598, 3.0848562240600588, 2.9921669006347655, 2.885117340087891, 2.7637073516845705, 2.6331588745117194, 2.494777870178223, 2.3420364379882814, 2.180156517028809, 2.0156656265258786, 1.8433420181274416, 1.6605743408203126, 1.4725849151611328, 1.281984519958496, 1.0835510253906249, 0.8798955917358399, 0.676240348815918, 0.46997394561767575, 0.2610965728759766, 0.05221939086914064, -0.15665779113769532, -0.3629241943359375, -0.5691905975341797, -0.7728458404541015, -0.9738903045654297, -1.1697128295898438, -1.3603134155273438, -1.543081092834473, -1.7206268310546877, -1.8903396606445315, -2.052219581604004, -2.2088773727416995, -2.3550912857055666, -2.4908617019653323, -2.614882469177246, -2.7271539688110353, -2.8263708114624024, -2.9177545547485355, -2.994777870178223, -3.0600521087646486, -3.1161878585815432, -3.1592687606811527, -3.186684036254883, -3.203655242919922, -3.210182571411133, -3.197127723693848, -3.1723234176635744, -3.1357698440551762, -3.0874670028686526, -3.019581985473633, -2.949085807800293, -2.8668405532836916, -2.7663183212280273, -2.6566577911376954, -2.5417753219604493, -2.409921646118164, -2.2637075424194335, -2.1161880493164062, -1.9569190979003908, -1.788511657714844, -1.613576889038086, -1.4360311508178714, -1.2493471145629884, -1.0561355590820314, -0.8590076446533204, -0.6579633712768554, -0.45430793762207033, -0.2506525039672852, -0.04308071136474609, 0.16579647064208985, 0.3733682632446289, 0.5809398651123048, 0.7898170471191406, 0.9934722900390625, 1.1919057846069334, 1.389033889770508, 1.575718116760254, 1.7558748245239257]}