{"currents": [-0.00020435464382171633, -0.00020435464382171633, -0.00019516108930110932, -0.0001905646473169327, -0.0001813710927963257, -0.0001629839837551117, -0.00015838687121868134, -0.00014919331669807436, -0.00013999976217746735, -0.00013540264815092086, -0.00013540264815092086, -0.00013080620616674423, -0.00012620909214019777, -0.00011701553761959078, -0.00011241909712553026, -0.00010322554260492326, -9.403198808431625e-05, -8.943554759025573e-05, -8.024199232459068e-05, -8.024199232459067e-05, -7.104843705892563e-05, -7.104843705892562e-05, -7.104843705892563e-05, -8.48384328186512e-05, -8.48384328186512e-05, -8.48384328186512e-05, -8.024132028222082e-05, -8.024132028222084e-05, -7.564487978816033e-05, -7.564487978816033e-05, -8.483843505382538e-05, -8.943554759025573e-05, -8.483843505382538e-05, -9.403198957443236e-05, -8.483843430876731e-05, -8.483843430876732e-05, -9.403198882937432e-05, -0.0001032255418598652, -0.0001032255418598652, -0.00012161265164613725, -0.00013080620616674423, -0.00012161265164613725, -0.00012620976567268374, -0.00012620976567268374, -0.00012620976567268374, -0.00013540332019329072, -0.0001445968747138977, -0.0001445968747138977, -0.00015379042923450471, -0.00016298398375511172, -0.00016298398375511172, -0.00017217753827571868, -0.00018137109279632569, -0.00018137109279632569, -0.0001905646473169327, -0.0001905646473169327, -0.0001905646473169327, -0.0001997582018375397, -0.00020895175635814669, -0.00020895175635814669, -0.00022274174988269805, -0.00023193530440330506, -0.00023193530440330506, -0.00024112885892391204, -0.00025032241344451905, -0.00025491952896118165, -0.0002641130834817886, -0.0002733066380023956, -0.0002733066380023956, -0.0002733066380023956, -0.000268709522485733, -0.000268709522485733, -0.000268709522485733, -0.00027790307402610775, -0.0002779030740261078, -0.00028250018954277035, -0.00028250018954277035, -0.00028250018954277035, -0.0002733066380023956, -0.0002733066380023956, -0.0002733066380023956, -0.0002641130834817886, -0.00026411308348178866, -0.00025491952896118165, -0.0002595159709453583, -0.0002549188554286957, -0.0002641124099493027, -0.0002641124099493027, -0.00026870884895324705, -0.0002549188524484634, -0.00024112885892391204, -0.00022274174988269802, -0.00021354819536209107, -0.00020435464382171633, -0.00019516108930110932, -0.00019516108930110932, -0.00019516108930110932, -0.00019516108930110932, -0.00019516108930110935, -0.00019516108930110932], "voltages": [0.1697128295898438, 0.4778068542480469, 0.783289909362793, 1.0953004837036133, 1.4007835388183596, 1.7010446548461915, 1.9934726715087892, 2.2780681610107423, 2.556136131286621, 2.8237600326538086, 3.0848566055297852, 3.3355093002319336, 3.5704959869384765, 3.791122627258301, 3.9999998092651365, 4.190600204467774, 4.361618614196777, 4.5182767868042, 4.659268951416015, 4.778068161010743, 4.883812522888183, 4.9725854873657225, 5.037859535217286, 5.082245635986328, 5.109660720825196, 5.109660720825196, 5.09399471282959, 5.0626630783081055, 5.013054847717286, 4.943864250183106, 4.857702255249023, 4.748041725158691, 4.618798828125, 4.47519588470459, 4.312010574340821, 4.130548477172852, 3.938642692565918, 3.7323764801025394, 3.5026111602783203, 3.265013122558593, 3.0169713973999026, 2.7519580841064455, 2.4765010833740235, 2.195822334289551, 1.90339412689209, 1.605743980407715, 1.305483055114746, 0.9973892211914065, 0.6879898071289063, 0.37728481292724614, 0.0613578796386719, -0.2532636642456055, -0.5639686584472656, -0.8733680725097657, -1.1788509368896485, -1.4778064727783204, -1.7728456497192382, -2.054829978942871, -2.330286979675293, -2.600522041320801, -2.85378589630127, -3.096605682373047, -3.3342037200927734, -3.5561357498168946, -3.7558746337890625, -3.9451696395874025, -4.117493438720704, -4.268929290771485, -4.404699516296387, -4.524803924560547, -4.625326156616211, -4.708876991271973, -4.7754566192626955, -4.817232131958008, -4.842036247253418, -4.851174545288087, -4.836814308166504, -4.801566314697266, -4.751957893371582, -4.678850936889649, -4.587467193603516, -4.481723022460938, -4.351174736022949, -4.2049606323242195, -4.044386291503907, -3.865535163879395, -3.664490699768067, -3.4556135177612304, -3.231070518493653, -2.9921670913696294, -2.7402088165283205, -2.481723213195801, -2.210182762145996, -1.9308094024658204, -1.6422975540161133, -1.3472583770751954, -1.0469972610473632, -0.7415142059326172, -0.4399477005004883, -0.1357702255249023]}