{"currents": [0.00010726783275604248, 0.0001072678327560425, 0.0001072678327560425, 0.00012548838406801225, 0.00011637810915708543, 0.00012093358337879182, 0.00012093358337879182, 0.00013004385977983477, 0.00013004385977983477, 0.00011637811064720154, 0.0001072678342461586, 0.00011637811064720155, 0.00011182263642549515, 0.00010271236002445221, 0.00011637810915708543, 0.00012093291133642198, 0.00011182263493537904, 0.0001072678327560425, 0.0001072678327560425, 8.904728144407274e-05, 7.993700653314591e-05, 7.993700653314592e-05, 7.082673162221908e-05, 6.171645671129227e-05, 6.171645671129226e-05, 5.716165453195571e-05, 4.80513796210289e-05, 4.80513796210289e-05, 4.80513796210289e-05, 3.894110368564725e-05, 2.9830827750265602e-05, 1.6165077872574334e-05, 1.616507787257433e-05, -2.055473439395427e-06, -1.1165748815983533e-05, -6.610946729779241e-06, -1.1165748164057729e-05, -2.9386299476027486e-05, -2.9386299476027486e-05, -2.9386299476027486e-05, -4.3051376938819884e-05, -4.7606851160526275e-05, -5.2162325382232666e-05, -5.6717799603939064e-05, -6.5828076004982e-05, -7.493835240602494e-05, -7.94931545853615e-05, -8.404795676469804e-05, -8.860275894403459e-05, -8.860275894403459e-05, -8.860275894403459e-05, -8.860275894403459e-05, -8.860275894403459e-05, -8.860275894403459e-05, -7.949248254299164e-05, -7.038220614194869e-05, -7.03822061419487e-05, -7.03822061419487e-05, -6.127192974090575e-05, -7.03822061419487e-05, -7.949248254299165e-05, -7.03822061419487e-05, -6.127192974090577e-05, -6.127192974090577e-05, -5.2161653339862826e-05, -4.3051376938819884e-05, -4.3051376938819884e-05, -4.3051376938819884e-05, -4.3051376938819884e-05, -4.3051376938819884e-05, -3.8496575504541394e-05, -3.8496575504541394e-05, -4.760685190558433e-05, -3.849657652899623e-05, -3.849657652899623e-05, -3.394110258668661e-05, -2.027602512389421e-05, -6.6109472885727875e-06, 2.499328646808864e-06, 1.616440610960126e-05, 2.982948422431946e-05, 2.527468213811517e-05, 3.894043201580644e-05, 3.894043201580644e-05, 4.349590586498379e-05, 4.805137859657407e-05, 6.627192944288254e-05, 6.627192944288254e-05, 6.171645559370518e-05, 6.171645559370518e-05, 6.627125777304173e-05, 6.627125777304173e-05, 7.538153268396855e-05, 8.904728144407274e-05, 0.0001072678327560425, 0.00011182330697774887, 0.00011182330697774889, 0.00011182330697774889, 0.00010271303206682206, 0.00011182330697774887], "voltages": [4.880867195129395, 4.943043327331543, 4.992266273498535, 5.02595157623291, 5.046673583984376, 5.042789268493652, 5.0220640182495115, 4.980616760253906, 4.915850067138672, 4.829057693481445, 4.731904029846191, 4.6127361297607425, 4.471542549133301, 4.318689346313477, 4.14641456604004, 3.953411102294922, 3.751335334777832, 3.535012626647949, 3.3005567550659185, 3.0518453598022464, 2.7953655242919924, 2.525935554504395, 2.243548583984375, 1.957275772094727, 1.664529609680176, 1.360123634338379, 1.0518301010131836, 0.7409492492675781, 0.42488708496093747, 0.10882148742675783, -0.20465335845947266, -0.5207204818725586, -0.8328966140747072, -1.1411935806274416, -1.4468963623046878, -1.7487081527709962, -2.038865470886231, -2.322550964355469, -2.599752998352051, -2.8627063751220705, -3.1127113342285155, -3.354940795898438, -3.5803310394287107, -3.7862911224365234, -3.9844810485839846, -4.168422317504883, -4.327750587463379, -4.472830009460449, -4.608842086791992, -4.717650413513184, -4.805733299255372, -4.883453369140625, -4.940448188781739, -4.968945693969727, -4.985781669616699, -4.983187675476074, -4.95469036102295, -4.908058166503906, -4.8484693527221685, -4.764275741577149, -4.660652160644531, -4.541477775573731, -4.401578140258789, -4.243547058105468, -4.069968605041504, -3.88343677520752, -3.6787734985351563, -3.461156845092774, -3.227996063232422, -2.981882095336914, -2.721517562866211, -2.449496841430664, -2.1671167373657227, -1.8795486450195313, -1.5816211700439453, -1.279806137084961, -0.9741016387939453, -0.6645111083984374, -0.35103626251220704, -0.0362642288208008, 0.2810983657836914, 0.5971588134765625, 0.9093399047851562, 1.2215160369873048, 1.5246263504028321, 1.8238508224487306, 2.116603660583496, 2.3989870071411135, 2.6710062026977544, 2.939140892028809, 3.1904380798339846, 3.426189422607422, 3.6541723251342773, 3.8692029953002933, 4.059624290466308, 4.2370868682861325, 4.405480575561524, 4.553148651123047, 4.678793144226074, 4.788899993896485]}