{"currents": [2.527468213811517e-05, 7.054130826145414e-06, 1.1609604675322773e-05, 1.6165078617632392e-05, 7.054802589118482e-06, 7.054802589118482e-06, 1.616507796570659e-05, 7.054802030324936e-06, 7.054802030324936e-06, 1.1610275879502296e-05, 1.1610275879502296e-05, 2.0720551814883946e-05, 3.438562992960215e-05, 4.34959058649838e-05, 3.438562992960214e-05, 3.438562992960215e-05, 2.52753539942205e-05, 2.0720551814883946e-05, 2.0720551814883946e-05, 2.98308277502656e-05, 3.894110368564725e-05, 3.894110368564725e-05, 3.894110368564725e-05, 3.894110368564725e-05, 3.894110368564725e-05, 4.34959058649838e-05, 4.3495905864983796e-05, 4.34959058649838e-05, 4.34959058649838e-05, 4.349590586498379e-05, 3.894110368564725e-05, 4.80513796210289e-05, 4.80513796210289e-05, 4.80513796210289e-05, 4.80513796210289e-05, 5.260618180036545e-05, 5.260618180036544e-05, 5.260618180036544e-05, 4.3495905864983796e-05, 4.34959058649838e-05, 3.894110368564725e-05, 3.438562983646989e-05, 3.438562983646989e-05, 5.260618068277837e-05, 4.349590474739671e-05, 4.805070692673326e-05, 6.171645568683744e-05, 5.7160981837660086e-05, 4.805070692673326e-05, 5.71609828621149e-05, 5.2606180682778354e-05, 3.4385629836469895e-05, 3.894110368564725e-05, 3.438562983646989e-05, 3.438562983646989e-05, 3.438562983646989e-05, 4.349590577185154e-05, 3.4385629836469895e-05, 4.34959058649838e-05, 4.34959058649838e-05, 3.438562992960214e-05, 3.438562992960215e-05, 3.438562992960215e-05, 2.0720551814883953e-05, 1.1610275879502296e-05, 1.1610275879502296e-05, 1.1610275879502296e-05, 2.0720551814883946e-05, 2.072055181488395e-05, 2.0720551814883953e-05, 2.0720551814883953e-05, 1.1610275879502296e-05, 2.4999999441206454e-06, 2.4999999441206454e-06, 2.4999999441206454e-06, 2.4999999441206454e-06, 2.4999999441206454e-06, 1.1610275879502296e-05, 1.616507796570659e-05, 1.616507796570659e-05, 1.616507796570659e-05, 1.616507796570659e-05, 7.054802030324936e-06, 2.4999999441206454e-06, 2.4999999441206454e-06, 2.4999999441206454e-06, 2.4999999441206454e-06, 1.1610275879502296e-05, 1.1610275879502296e-05, 1.1610275879502296e-05, 1.1610275879502296e-05, 1.1610275879502296e-05, 2.4999999441206454e-06, 2.4999999441206454e-06, 2.4999999441206454e-06, 2.4999999441206454e-06, 1.1610275879502296e-05, 1.616507796570659e-05, 1.160960402339697e-05, 2.5274682138115167e-05], "voltages": [-0.9779705047607421, -0.9274591445922851, -0.8769393920898438, -0.8225337982177735, -0.76295166015625, -0.7007755279541017, -0.6385959625244142, -0.5712419509887696, -0.5012937545776368, -0.4326393127441407, -0.3601005554199219, -0.28496761322021485, -0.21112823486328125, -0.133404541015625, -0.053096961975097653, 0.02462329864501953, 0.10234012603759766, 0.17876319885253908, 0.2538927078247071, 0.3290254592895508, 0.4015676498413086, 0.4728111267089844, 0.5440546035766601, 0.614002799987793, 0.6787696838378906, 0.7422430038452149, 0.8031238555908204, 0.8601186752319336, 0.9119319915771485, 0.9611547470092775, 1.0077850341796877, 1.0492391586303713, 1.0868040084838868, 1.1230735778808594, 1.1541616439819338, 1.1787748336791992, 1.199500274658203, 1.215044403076172, 1.2254037857055664, 1.230585289001465, 1.2305835723876954, 1.22799129486084, 1.2228097915649414, 1.2072723388671875, 1.1891342163085938, 1.1697059631347657, 1.1412134170532227, 1.107533073425293, 1.0712602615356446, 1.032403564453125, 0.9857696533203125, 0.9365402221679688, 0.8847284317016603, 0.8316181182861329, 0.7720325469970704, 0.7098564147949219, 0.6463882446289062, 0.5790273666381835, 0.5090826034545898, 0.4365436553955078, 0.36529674530029294, 0.2888717651367187, 0.21374225616455078, 0.13731212615966798, 0.06217937469482422, -0.015540885925292968, -0.09067039489746095, -0.16838722229003908, -0.24351673126220705, -0.3199417114257813, -0.39507122039794923, -0.46761341094970704, -0.537565040588379, -0.6075132369995118, -0.6735754013061523, -0.7357515335083007, -0.7953371047973633, -0.8536239624023438, -0.9080263137817383, -0.9559537887573243, -1.0025859832763673, -1.0440366744995118, -1.0816047668457032, -1.112694549560547, -1.1424873352050782, -1.167098617553711, -1.1878240585327149, -1.2033647537231447, -1.2150228500366214, -1.2227947235107424, -1.2214994430541992, -1.21890869140625, -1.2085493087768555, -1.194300651550293, -1.1761659622192384, -1.1554405212402346, -1.1282350540161132, -1.0958498001098633, -1.0621725082397462, -1.022011947631836]}