{"currents": [-1.4361311215907335e-06, -1.3267940375953913e-06, -1.2721254955977201e-06, -1.1627884116023778e-06, -1.0261190589517354e-06, -9.441182017326356e-07, -8.894496597349645e-07, -7.801125757396222e-07, -6.707754917442798e-07, -5.887706764042378e-07, -4.794335924088955e-07, -3.700965084135533e-07, -2.60759424418211e-07, -1.5142234042286874e-07, -1.4752987772226351e-08, 9.458409622311592e-08, 2.039211802184582e-07, 2.0392118021845814e-07, 2.585897222161293e-07, 2.585897222161293e-07, 2.585897222161293e-07, 2.585897222161293e-07, 3.132582642138004e-07, 3.132582642138004e-07, 3.952630562707782e-07, 4.499315982684493e-07, 5.046001402661204e-07, 6.139372242614627e-07, 6.686057662591338e-07, 6.412695161998271e-07, 6.412695161998271e-07, 6.412695161998271e-07, 5.592687055468559e-07, 5.046001635491848e-07, 5.319364136084914e-07, 5.319364136084914e-07, 4.772678716108203e-07, 4.499315982684493e-07, 4.4993159826844934e-07, 3.6792680621147156e-07, 3.132582642138004e-07, 2.585897222161293e-07, 2.585897222161293e-07, 1.76588911563158e-07, 1.219203695654869e-07, 1.2583285570144649e-08, -9.67537984251976e-08, -2.6075942441821097e-07, -2.88095697760582e-07, -4.2476505041122433e-07, -4.794335924088955e-07, -5.341021344065666e-07, -6.434392184019089e-07, -7.8010861761868e-07, -8.621134329587222e-07, -9.714505169540645e-07, -1.0807876009494066e-06, -1.0807876009494068e-06, -1.16279236972332e-06, -1.2447931803762912e-06, -1.3541302643716336e-06, -1.463467348366976e-06, -1.518135890364647e-06, -1.6274729743599893e-06, -1.6548092477023604e-06, -1.6548092477023604e-06, -1.7094777897000313e-06, -1.818814873695374e-06, -1.8188148736953737e-06, -1.982820499688387e-06, -2.0921575836837293e-06, -2.0921575836837293e-06, -2.1468261256814005e-06, -2.2014946676790717e-06, -2.1741583943367006e-06, -2.1741583943367006e-06, -2.1741583943367006e-06, -2.1741583943367006e-06, -2.2014906629920008e-06, -2.1741583943367006e-06, -2.2014906629920008e-06, -2.256159204989672e-06, -2.310827746987343e-06, -2.3381640203297138e-06, -2.3381640203297138e-06, -2.3108317516744136e-06, -2.2014946676790712e-06, -2.0921575836837293e-06, -1.9828204996883873e-06, -1.873483415693045e-06, -1.8188148736953737e-06, -1.8188148736953737e-06, -1.818814873695374e-06, -1.818814873695374e-06, -1.8188148736953737e-06, -1.7641463316977025e-06, -1.7094777897000313e-06, -1.6001407057046892e-06, -1.545472163707018e-06, -1.518135890364647e-06], "voltages": [-3.1148820877075196, -2.420365142822266, -1.7101823806762695, -0.9791118621826173, -0.24412498474121094, 0.49347286224365233, 1.2349870681762694, 1.9712795257568358, 2.704960823059082, 3.4321147918701174, 4.142297744750977, 4.8394258499145515, 5.513054847717285, 6.171018409729005, 6.802872276306153, 7.404699897766113, 7.983028602600098, 8.543081092834473, 9.057441329956054, 9.537858963012695, 9.994778060913086, 10.41122741699219, 10.76762409210205, 11.09791126251221, 11.38903408050537, 11.620104598999024, 11.80156650543213, 11.958224296569824, 12.060052108764651, 12.107049369812014, 12.127936744689944, 12.101827049255371, 12.016970825195312, 11.889033317565918, 11.727153396606445, 11.506526947021484, 11.244125175476075, 10.945169448852539, 10.601827621459961, 10.21018295288086, 9.783289909362793, 9.317232131958008, 8.812010192871094, 8.27937297821045, 7.711487960815431, 7.113576889038086, 6.494778060913086, 5.85378589630127, 5.181462097167969, 4.494777679443359, 3.793733215332032, 3.07180118560791, 2.339425468444824, 1.607049560546875, 0.872062873840332, 0.13185405731201172, -0.6057437896728516, -1.3407308578491213, -2.0718013763427736, -2.793733596801758, -3.502610778808594, -4.195822334289551, -4.869451522827148, -5.519581985473633, -6.147519207000733, -6.749346828460693, -7.3211482048034675, -7.859007167816161, -8.37075662612915, -8.84595241546631, -9.27937297821045, -9.67885093688965, -10.045691680908204, -10.361618423461914, -10.634464454650878, -10.874673271179198, -11.065273666381836, -11.199738502502441, -11.30548267364502, -11.366840362548828, -11.365534973144532, -11.323759651184082, -11.251958084106445, -11.117493247985841, -10.934725570678712, -10.72715358734131, -10.471278953552247, -10.161879348754884, -9.814620971679688, -9.438641929626465, -9.013054466247558, -8.548302459716798, -8.054829978942871, -7.527414798736572, -6.963446044921876, -6.373367691040039, -5.757179641723634, -5.114881896972656, -4.4699732780456545, -3.8028715133667]}