{"currents": [5.7160983979702e-05, 6.627125889062881e-05, 7.08267316222191e-05, 7.993700653314591e-05, 7.993700653314591e-05, 8.904728144407274e-05, 7.993700653314591e-05, 7.538153380155563e-05, 7.538153380155563e-05, 7.993700653314591e-05, 7.993700653314591e-05, 8.904728144407274e-05, 9.3602754175663e-05, 9.3602754175663e-05, 8.904728144407272e-05, 8.904728144407274e-05, 8.904728144407274e-05, 8.904728144407274e-05, 9.360208362340928e-05, 9.815755635499955e-05, 9.815755635499955e-05, 9.815755635499956e-05, 9.360208362340928e-05, 8.449180871248247e-05, 8.449180871248245e-05, 8.449180871248245e-05, 7.538153380155564e-05, 7.993700653314591e-05, 7.538220435380936e-05, 6.627192944288254e-05, 6.171645671129226e-05, 5.7160982862114905e-05, 4.8050707951188086e-05, 4.8050707951188086e-05, 5.260551013052464e-05, 5.260551013052464e-05, 5.7160983979702e-05, 5.716098397970199e-05, 4.805070804432034e-05, 3.438562992960215e-05, 2.9830827750265602e-05, 2.072055181488395e-05, 1.1610275879502296e-05, 1.1610275879502296e-05, 1.1610275879502296e-05, 1.1610275879502296e-05, 1.1610275879502296e-05, 2.500000502914191e-06, -2.055473439395427e-06, -6.610947381705045e-06, -2.4831498693674802e-05, -3.394177407026291e-05, -2.938697263598442e-05, -2.938697263598442e-05, -2.9386972635984417e-05, -2.483217120170593e-05, -2.483217120170593e-05, -2.938697263598442e-05, -3.394177407026291e-05, -3.84965755045414e-05, -4.3051376938819884e-05, -5.216165333986282e-05, -6.127192974090577e-05, -7.949248254299164e-05, -7.493768110871316e-05, -7.949315533041957e-05, -7.03828789293766e-05, -6.127260252833367e-05, -4.305204972624779e-05, -4.760685116052628e-05, -4.3051376938819884e-05, -3.8496575504541394e-05, -3.3941774070262904e-05, -3.3941774070262904e-05, -2.938697263598442e-05, -2.938697263598442e-05, -2.4831498693674802e-05, -2.9386300127953292e-05, -2.4831498693674802e-05, -2.9386300127953292e-05, -2.0276024751365183e-05, -2.0276024751365183e-05, -1.116574937477708e-05, -1.1165749374777078e-05, -2.0554739981889726e-06, 2.499328088015318e-06, 2.499328088015318e-06, 2.499328088015318e-06, 1.616507796570659e-05, 2.527535390108824e-05, 2.98308277502656e-05, 2.9830827750265602e-05, 2.9830827750265602e-05, 3.438562992960215e-05, 3.438562992960215e-05, 4.349590484052896e-05, 5.2606180775910616e-05, 6.627125889062881e-05, 6.171645671129227e-05, 6.627125889062881e-05], "voltages": [1.901574516296387, 2.072562408447266, 2.2280044555664062, 2.3795621871948245, 2.524639701843262, 2.6619487762451173, 2.782411575317383, 2.898990249633789, 3.0013219833374025, 3.089406585693359, 3.16583137512207, 3.2344877243041994, 3.287598037719727, 3.3290489196777346, 3.3575448989868164, 3.3704984664916995, 3.3679079055786136, 3.354954719543457, 3.327754402160645, 3.287600326538086, 3.238377380371094, 3.173610305786133, 3.0958883285522463, 3.0103927612304693, 2.908061218261719, 2.7927762985229494, 2.6684207916259766, 2.533707427978516, 2.387332534790039, 2.2357748031616214, 2.0751514434814453, 1.9054607391357423, 1.7267009735107424, 1.542763137817383, 1.352350425720215, 1.154163932800293, 0.9533882141113281, 0.7513156890869142, 0.5427629470825196, 0.33420848846435547, 0.12565746307373046, -0.08419036865234375, -0.29403839111328123, -0.5025875091552735, -0.7124320983886718, -0.9183906555175783, -1.1204631805419925, -1.317357635498047, -1.5077737808227543, -1.6904178619384767, -1.8652950286865235, -2.0362829208374023, -2.1981983184814453, -2.3510480880737306, -2.4961257934570313, -2.629543685913086, -2.7513053894042967, -2.8640014648437497, -2.9637441635131836, -3.0531240463256837, -3.132141494750977, -3.195616340637207, -3.244842529296875, -3.2862998962402346, -3.313500213623047, -3.323864364624024, -3.3238609313964846, -3.3134948730468756, -3.2849908828735357, -3.2422466278076176, -3.190431594848633, -3.1256629943847662, -3.0466455459594726, -2.958562660217285, -2.8588199615478516, -2.744830322265625, -2.6204763412475587, -2.487058448791504, -2.3432743072509767, -2.186540222167969, -2.0259151458740234, -1.8562261581420898, -1.6774663925170898, -1.4909378051757813, -1.3018154144287108, -1.1062177658081056, -0.9041452407836915, -0.6994819641113282, -0.4935184478759766, -0.2862611770629883, -0.07511978149414063, 0.13472480773925782, 0.3445693969726563, 0.5531204223632813, 0.7603744506835939, 0.9637456893920899, 1.163230895996094, 1.3588317871093751, 1.546653747558594, 1.7292980194091798]}