{"currents": [-2.1086489409208297e-05, -2.1635012328624726e-05, -2.1909253671765332e-05, -2.3006299883127214e-05, -2.3006299883127214e-05, -2.355482280254364e-05, -2.3006299883127214e-05, -2.355482280254364e-05, -2.437758706510067e-05, -2.437758706510067e-05, -2.3829064145684243e-05, -2.4103305488824845e-05, -2.3280541226267817e-05, -2.2457776963710785e-05, -2.2457776963710785e-05, -2.1909253671765325e-05, -2.1086489036679263e-05, -2.0537965744733807e-05, -1.9440919533371925e-05, -1.8618115037679673e-05, -1.8069592118263247e-05, -1.7521069198846818e-05, -1.6424023360013963e-05, -1.6424023360013963e-05, -1.5601258724927904e-05, -1.450421288609505e-05, -1.3681408390402796e-05, -1.3132885470986368e-05, -1.1487316340208056e-05, -1.039027012884617e-05, -9.293224010616542e-06, -7.921936549246312e-06, -6.824890431016683e-06, -6.276367604732513e-06, -5.727844778448343e-06, -5.453563295304775e-06, -5.1792818121612075e-06, -4.356477316468954e-06, -3.807954303920269e-06, -2.985149808228016e-06, -2.1623853128403426e-06, -7.91097851470113e-07, -5.168563686311246e-07, 3.16665973514318e-08, 1.128672482445836e-06, 2.2257184609770773e-06, 2.2257184609770773e-06, 3.322764439508319e-06, 4.419810418039561e-06, 4.145568981766701e-06, 4.145568981766701e-06, 4.694091994315386e-06, 4.145568981766701e-06, 4.419810418039561e-06, 4.968333430588246e-06, 5.516856350004674e-06, 5.7910977862775335e-06, 6.339620798826218e-06, 6.065379362553358e-06, 6.065379362553358e-06, 5.516856443136931e-06, 4.968333430588246e-06, 4.419810418039561e-06, 3.8712874054908755e-06, 3.32276439294219e-06, 2.2257184144109484e-06, 1.402954012155533e-06, 3.166655078530314e-08, 3.1666550785303036e-08, -1.0653793811798095e-06, -1.613902347162366e-06, -2.1624253131449223e-06, -2.4367067962884905e-06, -3.80799425765872e-06, -4.356517270207405e-06, -4.90504028275609e-06, -5.727804824709892e-06, -6.550569366663694e-06, -7.373373676091433e-06, -8.47041979432106e-06, -9.567465912550689e-06, -1.0664511844515802e-05, -1.1213034763932228e-05, -1.2858603894710542e-05, -1.3955649733543397e-05, -1.4504172652959824e-05, -1.5601218864321708e-05, -1.6424023360013963e-05, -1.6424023360013963e-05, -1.697254627943039e-05, -1.8069592118263247e-05, -1.8343873322010043e-05, -1.9440919533371925e-05, -1.998944245278835e-05, -2.053796574473381e-05, -2.1086489036679266e-05, -2.1635012328624726e-05, -2.1635012328624726e-05, -2.1086489409208297e-05, -2.1086489409208297e-05], "voltages": [-11.129242324829102, -11.267623710632323, -11.370757102966309, -11.438642311096192, -11.464752006530762, -11.433420372009278, -11.373368072509766, -11.263707351684571, -11.113576698303223, -10.902088356018066, -10.652741241455079, -10.372062492370606, -10.050913619995116, -9.67101802825928, -9.263707351684571, -8.826370429992675, -8.335508728027344, -7.809399127960206, -7.263707256317139, -6.67754545211792, -6.062662982940674, -5.434725666046143, -4.78198413848877, -4.101827621459961, -3.407310676574707, -2.697127914428711, -1.969973945617676, -1.2402090072631837, -0.5078329086303711, 0.22976512908935548, 0.971279525756836, 1.7036556243896486, 2.4373373031616214, 3.165796661376953, 3.8812013626098634, 4.574412727355957, 5.262401962280274, 5.928197860717773, 6.5626626968383786, 7.1762395858764645, 7.775456237792969, 8.326370239257812, 8.847258377075196, 9.344647407531738, 9.797650146484376, 10.204961013793945, 10.58746757507324, 10.92167091369629, 11.207571792602538, 11.458224487304689, 11.663185119628906, 11.818537712097168, 11.937336730957032, 12.007832717895509, 12.024803733825685, 12.003916168212893, 11.94255828857422, 11.812010002136232, 11.648824501037598, 11.45300235748291, 11.194516754150392, 10.892950248718263, 10.570495986938477, 10.193211555480957, 9.76370735168457, 9.317232131958008, 8.82506504058838, 8.293733406066895, 7.734986686706542, 7.151436042785644, 6.531331634521484, 5.889034080505371, 5.227154159545899, 4.544386291503907, 3.844647407531738, 3.1292427062988284, 2.404699516296387, 1.6697126388549806, 0.9308094024658203, 0.18929500579833985, -0.5496084213256835, -1.287206268310547, -2.0182767868041993, -2.741514205932617, -3.4543079376220707, -4.148824882507324, -4.822454166412354, -5.484333896636963, -6.114882278442383, -6.715404415130616, -7.295038890838623, -7.849868965148926, -8.36161823272705, -8.847257900238038, -9.296343994140624, -9.703654670715332, -10.073106384277345, -10.39686622619629, -10.673628616333009, -10.921670532226564]}