{"currents": [3.3164332620799547e-06, 3.3164332620799543e-06, 3.860708791762591e-06, 4.404984321445226e-06, 4.404984321445226e-06, 4.677102062851191e-06, 5.221377592533827e-06, 4.949259851127863e-06, 4.949259851127863e-06, 4.949259851127863e-06, 4.9492598511278625e-06, 4.9492598511278625e-06, 5.221377592533827e-06, 5.221377592533827e-06, 5.765613168478013e-06, 6.309848744422198e-06, 6.037731003016234e-06, 5.76561326161027e-06, 6.037731003016235e-06, 6.037731003016235e-06, 5.493495427072048e-06, 6.037730909883977e-06, 6.309848651289941e-06, 6.037730909883976e-06, 5.765613075345755e-06, 5.765613075345755e-06, 5.493495333939791e-06, 5.493495333939791e-06, 5.493495333939791e-06, 5.221377592533827e-06, 5.221377592533827e-06, 5.221377592533827e-06, 4.677102062851191e-06, 4.1328265331685545e-06, 3.86070879176259e-06, 3.3164332620799543e-06, 2.7721577323973176e-06, 2.7721577323973176e-06, 3.316433262079954e-06, 3.044275473803282e-06, 3.0442754738032817e-06, 2.500039990991354e-06, 2.500039990991354e-06, 1.955764461308718e-06, 1.955764461308718e-06, 1.955764461308718e-06, 1.955764461308718e-06, 1.955764461308718e-06, 1.4115289784967902e-06, 8.672934956848623e-07, 3.2305801287293434e-07, 3.2305801287293434e-07, -2.2117746993899346e-07, -7.654529996216297e-07, -1.037610787898302e-06, -1.037610787898302e-06, -1.3097685761749744e-06, -1.8540441058576109e-06, -1.3097685761749742e-06, -1.037610787898302e-06, -1.3097685761749744e-06, -1.5818863175809383e-06, -1.3097685761749744e-06, -1.8540441058576109e-06, -2.3983196355402467e-06, -3.2147129066288473e-06, -2.6704373769462107e-06, -2.3982795886695385e-06, -2.3982795886695385e-06, -2.3982795886695385e-06, -1.8540040589869023e-06, -2.6703973300755025e-06, -3.2146728597581388e-06, -2.670397330075502e-06, -2.126121800392866e-06, -2.126121800392866e-06, -1.8540040589869023e-06, -1.5818863175809385e-06, -1.5818863175809385e-06, -1.5818863175809383e-06, -1.037610787898302e-06, -4.933352582156658e-07, -4.933352582156658e-07, -1.5818863175809385e-06, -1.0376508347690106e-06, -1.0376508347690106e-06, -1.0376508347690106e-06, -7.654930464923382e-07, 5.951757542788983e-07, 3.230580128729344e-07, 3.230580128729344e-07, 3.230580128729344e-07, 8.672934956848622e-07, 5.951757542788983e-07, 8.672934956848621e-07, 1.41152897849679e-06, 1.955764461308718e-06, 1.955764461308718e-06, 2.4999999441206454e-06, 3.044275473803282e-06], "voltages": [1.288859558105469, 1.4779787063598633, 1.6593257904052736, 1.8380823135375977, 2.011657524108887, 2.1813467025756834, 2.3367870330810545, 2.484455108642578, 2.6243515014648438, 2.7487037658691404, 2.8652843475341796, 2.9740928649902343, 3.0673574447631835, 3.1502588272094725, 3.2240930557250973, 3.278497123718262, 3.321242904663086, 3.356217002868653, 3.375647354125977, 3.3756473541259773, 3.3704658508300787, 3.349740600585938, 3.3121755599975593, 3.2642478942871094, 3.207253074645996, 3.1347143173217775, 3.0479267120361326, 2.952071952819825, 2.843263626098633, 2.722797393798828, 2.590673065185547, 2.450776672363282, 2.3018131256103516, 2.1411914825439453, 1.9740928649902345, 1.8005176544189454, 1.6191707611083987, 1.4300514221191407, 1.237046241760254, 1.0375644683837892, 0.8329013824462891, 0.6282379150390625, 0.4170980453491211, 0.20854873657226564, -0.0025911331176757812, -0.21243572235107422, -0.4248708724975586, -0.6321247100830079, -0.8367879867553711, -1.0388605117797851, -1.2357519149780274, -1.427461814880371, -1.6113998413085937, -1.7953374862670899, -1.9676172256469726, -2.1334201812744142, -2.290155792236328, -2.439119338989258, -2.5738346099853517, -2.699482345581055, -2.817358016967774, -2.92098503112793, -3.0116586685180664, -3.0945600509643563, -3.1645082473754886, -3.21761703491211, -3.2629539489746096, -3.29533748626709, -3.3108816146850586, -3.3134721755981444, -3.3057001113891604, -3.2810886383056643, -3.247409820556641, -3.203368377685547, -3.143782997131348, -3.0699487686157223, -2.9883424758911135, -2.8911920547485352, -2.779793167114258, -2.660622215270996, -2.5297933578491207, -2.3860111236572266, -2.2331613540649413, -2.075130081176758, -1.9093269348144533, -1.7331611633300783, -1.5531093597412111, -1.365285682678223, -1.168394470214844, -0.9663219451904297, -0.7642494201660156, -0.5569953918457031, -0.34974136352539065, -0.13989696502685547, 0.06994762420654299, 0.27979240417480467, 0.48963699340820316, 0.6994815826416017, 0.8989635467529298, 1.0984453201293944]}