{"currents": [1.0102431988343597e-06, 1.0102431988343597e-06, 1.0102431988343597e-06, 1.0644165333360435e-06, 1.0102431988343597e-06, 1.0102431988343597e-06, 1.0644165333360435e-06, 1.0102431988343597e-06, 9.56069864332676e-07, 9.56069864332676e-07, 9.56069864332676e-07, 9.018965298309923e-07, 9.018965298309923e-07, 9.018965298309923e-07, 7.935498375445605e-07, 6.852031452581287e-07, 5.768564529716969e-07, 5.768564529716969e-07, 5.768564529716969e-07, 5.768564529716969e-07, 5.768564529716969e-07, 5.497678183019161e-07, 4.95594460517168e-07, 4.4142110273241993e-07, 4.4142110273241993e-07, 3.872477915138006e-07, 3.8724779151380067e-07, 3.330744802951813e-07, 3.330744802951813e-07, 2.789011690765619e-07, 2.78901169076562e-07, 2.5181649252772336e-07, 1.9764313474297527e-07, 1.434698235243559e-07, 1.434698235243559e-07, 8.929646573960782e-08, 3.5123107954859746e-08, 3.5123107954859746e-08, 3.512310795485973e-08, -1.9050249829888347e-08, -1.9050249829888344e-08, -1.9050249829888344e-08, -1.9050249829888344e-08, -7.322360761463642e-08, -1.2739691883325578e-07, -1.8157023005187515e-07, -1.5448555350303653e-07, -1.8157418817281722e-07, -1.8157418817281722e-07, -1.2740087695419788e-07, -7.322756573557853e-08, -1.544855535030365e-07, -1.0031224228441716e-07, -1.0031224228441716e-07, -1.0031224228441716e-07, -1.0031224228441716e-07, -4.61389310657978e-08, -7.322360761463642e-08, -7.322360761463642e-08, -1.9050249829888344e-08, 3.512310795485973e-08, 6.220778450369835e-08, 1.705544535070658e-07, 2.247278112918139e-07, 2.247278112918139e-07, 2.789011225104332e-07, 3.059898037463427e-07, 3.059898037463427e-07, 3.60163114964962e-07, 4.143364261835813e-07, 4.414211260154843e-07, 4.955944372341037e-07, 5.497677950188518e-07, 6.039411528035999e-07, 6.039411528035999e-07, 6.310298107564449e-07, 6.852031685411929e-07, 7.122878450900316e-07, 7.122878450900316e-07, 7.664612028747797e-07, 7.935458794236183e-07, 7.935458794236183e-07, 8.206345373764634e-07, 8.748078718781472e-07, 8.748078718781472e-07, 9.56069864332676e-07, 1.0102431988343597e-06, 1.0102431988343597e-06, 1.0644165333360435e-06, 1.1185898678377272e-06, 1.0644165333360435e-06, 1.1185898678377272e-06, 1.172763202339411e-06, 1.172763202339411e-06, 1.2269365368410944e-06, 1.2269365368410944e-06, 1.1727632023394107e-06, 1.118589867837727e-06, 1.0102431988343597e-06, 1.0102431988343597e-06], "voltages": [5.091876029968262, 5.027109336853028, 4.94938907623291, 4.849651336669922, 4.730476951599122, 4.603534126281739, 4.453278350830078, 4.279699897766113, 4.093168258666992, 3.8910957336425778, 3.670888137817383, 3.4403146743774418, 3.201972579956055, 2.9467910766601566, 2.679945182800293, 2.402736473083497, 2.1203464508056644, 1.8250097274780275, 1.5219009399414063, 1.2136106491088867, 0.9040252685546876, 0.5892568588256836, 0.27189598083496097, -0.04416961669921876, -0.3602317810058594, -0.672411346435547, -0.9832921981811524, -1.2902904510498048, -1.5921037673950196, -1.8848531723022461, -2.1698272705078123, -2.445735740661621, -2.7125783920288082, -2.962581825256348, -3.2061052322387695, -3.436678504943848, -3.6504123687744148, -3.8447130203247077, -4.033832168579102, -4.199638557434082, -4.347307014465332, -4.482022094726563, -4.598602294921875, -4.690574645996094, -4.7657075881958, -4.827887153625489, -4.865450096130371, -4.882291030883789, -4.883586311340332, -4.862857627868653, -4.81881275177002, -4.7592323303222654, -4.684099578857422, -4.581768035888672, -4.465187644958497, -4.327882003784181, -4.17243824005127, -4.0027507781982425, -3.8175174713134767, -3.6154415130615236, -3.4030029296875, -3.1750219345092776, -2.928901290893555, -2.672421264648438, -2.405581855773926, -2.128376388549805, -1.8382194519042971, -1.542882537841797, -1.242361068725586, -0.9366582870483398, -0.6244802474975585, -0.313595962524414, 0.0011741638183593583, 0.3159442901611328, 0.6320064544677735, 0.9467748641967774, 1.2576589584350586, 1.5633602142333984, 1.867764472961426, 2.1605138778686523, 2.444194221496582, 2.7213962554931643, 2.9869419097900396, 3.235649871826172, 3.4791732788085943, 3.7084529876708987, 3.920891761779785, 4.120373725891113, 4.306905364990235, 4.472711753845215, 4.622967529296875, 4.757685661315918, 4.8716785430908205, 4.964942932128907, 5.040075874328614, 5.097070503234864, 5.133336639404297, 5.1514680862426765, 5.1540521621704105, 5.138508033752442]}