{"currents": [1.6650763526558877e-05, 1.6650763526558877e-05, 1.6106488183140754e-05, 1.6106488183140754e-05, 1.6106488183140754e-05, 1.5017976984381676e-05, 1.4473741501569749e-05, 1.338523030281067e-05, 1.284099481999874e-05, 1.2296759337186813e-05, 1.2296759337186815e-05, 1.2024601548910141e-05, 1.1752483993768693e-05, 1.0936090722680092e-05, 9.847539663314818e-06, 9.303264319896698e-06, 8.486871048808099e-06, 7.670477684587242e-06, 6.854084320366383e-06, 5.765573214739561e-06, 4.677062109112739e-06, 3.588551003485918e-06, 2.500039990991354e-06, 1.4115289784967902e-06, 8.672934956848623e-07, 3.2305801287293434e-07, -4.933352582156658e-07, -1.037610787898302e-06, -1.5818863175809383e-06, -2.670437376946211e-06, -3.7589884363114836e-06, -4.847499448806048e-06, -5.391774978488684e-06, -6.480286084115505e-06, -7.29663921520114e-06, -7.840874791145324e-06, -8.112992625683546e-06, -9.201503545045852e-06, -9.745778888463974e-06, -1.0017936676740647e-05, -1.0562212020158769e-05, -1.1106487363576889e-05, -1.1378605291247368e-05, -1.1922840774059295e-05, -1.2467076256871224e-05, -1.2467076256871224e-05, -1.3011311739683151e-05, -1.32834292948246e-05, -1.2739193812012672e-05, -1.2194958329200745e-05, -1.2739193812012672e-05, -1.2194958329200745e-05, -1.2194958329200745e-05, -1.2194958329200745e-05, -1.2194958329200745e-05, -1.1650722846388818e-05, -1.1106447502970696e-05, -1.0562212020158767e-05, -1.0290054231882096e-05, -9.745778888463975e-06, -9.201503545045852e-06, -8.657267969101666e-06, -8.112992625683546e-06, -7.296639494597912e-06, -6.752403918653727e-06, -5.93601055443287e-06, -5.93601055443287e-06, -4.847499448806048e-06, -4.303223919123412e-06, -3.2146728597581388e-06, -2.1261618472635745e-06, -4.933753050863743e-07, 5.090022459626194e-08, 1.1394112370908261e-06, 2.2279222495853904e-06, 3.0443155206739902e-06, 3.5885910503566265e-06, 4.949219804257155e-06, 6.037730909883977e-06, 6.581966485828162e-06, 7.126202061772348e-06, 7.942595425993205e-06, 8.758988603949547e-06, 9.303263947367667e-06, 1.0119657218456268e-05, 1.1208208277821542e-05, 1.2024601548910143e-05, 1.2568877264857294e-05, 1.3113152980804444e-05, 1.4201663807034493e-05, 1.474589928984642e-05, 1.529013477265835e-05, 1.5834370255470277e-05, 1.6378605738282204e-05, 1.6106488183140754e-05, 1.6650763526558877e-05, 1.6650763526558877e-05, 1.7195038869976997e-05, 1.7195038869976997e-05, 1.7195038869976997e-05], "voltages": [11.843264007568362, 11.689118957519533, 11.51036243438721, 11.2642484664917, 10.98834171295166, 10.69041404724121, 10.330310058593751, 9.92486972808838, 9.494817924499511, 9.007771110534668, 8.487045860290527, 7.950776863098144, 7.379533386230468, 6.769429779052735, 6.137305450439454, 5.48316059112549, 4.803108787536622, 4.1036268234252935, 3.392486953735352, 2.667098426818848, 1.9287563323974612, 1.1865282058715823, 0.44041423797607426, -0.3082904815673828, -1.0569952011108399, -1.8005186080932618, -2.5362699508666995, -3.2603631973266602, -3.9766843795776374, -4.668394088745118, -5.3419691085815435, -5.996114253997803, -6.624352550506592, -7.218912220001221, -7.795337200164795, -8.336788082122803, -8.838083457946778, -9.309586143493652, -9.75000057220459, -10.137306213378906, -10.48704719543457, -10.808290672302245, -11.073834609985353, -11.294042015075684, -11.48316135406494, -11.62435302734375, -11.704664039611817, -11.755182266235353, -11.760363388061524, -11.705959129333497, -11.606218338012697, -11.475389099121095, -11.28367919921875, -11.047927856445312, -10.77720241546631, -10.463730812072754, -10.099741363525393, -9.705958938598632, -9.266839981079102, -8.78886079788208, -8.281088733673098, -7.739637756347657, -7.161917591094972, -6.559585762023927, -5.932642650604249, -5.275906848907471, -4.597150421142579, -3.902849864959717, -3.190414810180664, -2.462435722351074, -1.724093818664551, -0.9831611633300783, -0.23575191497802733, 0.515543556213379, 1.259066963195801, 1.9974090576171877, 2.7331604003906254, 3.4624351501464843, 4.169688987731933, 4.866580200195312, 5.547927474975586, 6.204663085937501, 6.830310821533203, 7.436528587341309, 8.014248847961426, 8.551813316345216, 9.06088047027588, 9.53367805480957, 9.966320228576661, 10.360102844238284, 10.722797393798828, 11.034973907470704, 11.30569953918457, 11.536269760131837, 11.713730812072754, 11.845854949951171, 11.941709899902342, 11.979274559020997, 11.98445568084717, 11.950776863098145]}