{"currents": [1.6165077872574334e-05, 7.054802495986227e-06, -6.610275339335202e-06, -5.216165436431766e-05, -7.949248254299164e-05, -9.771303534507752e-05, -0.00011593358814716341, -0.00012504386454820633, -0.00013415414094924928, -0.0001432644158601761, -0.0001523746907711029, -0.00016148496568202972, -0.00017059524059295653, -0.0001842609912157059, -0.0001842609912157059, -0.00019337126910686493, -0.00020248154699802399, -0.00021159182488918304, -0.0002161466270685196, -0.0002161466270685196, -0.0002161466270685196, -0.00020703634917736054, -0.00020703634917736054, -0.00020703634917736054, -0.0002161466270685196, -0.00021159182488918307, -0.0002161473006010056, -0.00021159249842166904, -0.00020248222053050998, -0.00019792741835117342, -0.0001888171404600144, -0.00018426166474819187, -0.00017059591412544253, -0.0001614856392145157, -0.00014781988859176637, -0.0001432644158601761, -0.0001159335881471634, -0.0001159335881471634, -0.00010682331174612046, -8.860275894403459e-05, -7.038220614194869e-05, -7.493768036365511e-05, -5.216232612729073e-05, -3.394177434965968e-05, -2.4831498973071574e-05, -1.5721223596483465e-05, -2.055473998188973e-06, 1.6165078058838844e-05, 3.438562890514732e-05, 5.260617975145579e-05, 7.082673059776426e-05, 8.904728144407274e-05, 9.815755635499955e-05, 0.00010726783275604248, 0.00011637810915708543, 0.00012548838555812838, 0.00014370893687009812, 0.00015737468600273132, 0.00016648496091365813, 0.000184705513715744, 0.0002029260665178299, 0.00021203634440898896, 0.0002257020950317383, 0.00024392264783382417, 0.000253032922744751, 0.0002621431976556778, 0.0002712534725666046, 0.00027580827474594117, 0.0002712534725666046, 0.00027125347256660466, 0.0002712534725666046, 0.0002712534725666046, 0.0002712534725666046, 0.00027580827474594117, 0.0002712534725666046, 0.00027125347256660466, 0.0002621431976556778, 0.0002484781205654144, 0.00023936784565448764, 0.00023481237292289736, 0.00022570209801197052, 0.00022570209801197052, 0.00022114662230014802, 0.00021203634440898896, 0.0002029260665178299, 0.00018470551371574403, 0.00016648496091365816, 0.0001619301587343216, 0.00014370960742235184, 0.00013459933251142503, 0.00012093358337879182, 0.00010271303206682206, 8.449181020259858e-05, 7.538153529167176e-05, 6.171578615903853e-05, 6.171578615903854e-05, 5.260551022365689e-05, 3.4384958166629076e-05, 5.260550947859884e-05, 3.894043136388063e-05], "voltages": [-2.928751564025879, -3.6334182739257814, -4.308293914794922, -4.992248439788819, -5.658061504364014, -6.295373916625977, -6.90677947998047, -7.507818984985352, -8.064817333221436, -8.585546016693115, -9.085549354553223, -9.544101905822753, -9.953431701660156, -10.332970237731933, -10.674939155578613, -10.95732593536377, -11.200852584838868, -11.410700607299805, -11.567438125610352, -11.676246452331542, -11.751375961303712, -11.775984001159667, -11.747486495971682, -11.680128860473634, -11.558370590209963, -11.393861198425293, -11.186608886718751, -10.934016418457032, -10.633494949340822, -10.303182220458986, -9.928826332092285, -9.505249786376954, -9.050581741333009, -8.566122436523438, -8.036324882507326, -7.471556568145753, -6.893826198577881, -6.2746552467346195, -5.624392795562745, -4.963764286041259, -4.279819679260254, -3.568681335449219, -2.849760818481445, -2.1230701446533202, -1.3821340560913087, -0.6373121261596679, 0.11139736175537113, 0.8575180053710938, 1.5997528076171874, 2.3419874191284182, 3.0725641250610356, 3.7914827346801756, 4.4961494445800785, 5.187862586975098, 5.854964447021484, 6.501340675354004, 7.12051830291748, 7.708606147766114, 8.268194961547852, 8.796699142456054, 9.286343383789063, 9.739714622497559, 10.163294410705566, 10.541539573669434, 10.870558547973634, 11.165898704528809, 11.423674392700196, 11.61668167114258, 11.77212028503418, 11.892586517333985, 11.95605812072754, 11.96642074584961, 11.94699058532715, 11.87833938598633, 11.750099182128906, 11.583000564575197, 11.38092441558838, 11.125737762451172, 10.817444038391114, 10.479359436035157, 10.099822425842287, 9.664589500427246, 9.199562072753906, 8.70862636566162, 8.172353744506836, 7.603694152832031, 7.011718368530274, 6.392545700073243, 5.7396892547607425, 5.072587394714356, 4.383463478088379, 3.6762029647827155, 2.9495124816894536, 2.2163482666015626, 1.4741153717041016, 0.7267059326171875, -0.022002029418945412, -0.7707134246826173, -1.4960952758789063, -2.21760311126709]}