{"currents": [-3.982635214924813e-07, -3.440902102738619e-07, -2.8991689905524255e-07, -7.322356104850769e-08, -7.322356104850769e-08, 3.512310795485973e-08, 8.929646573960781e-08, 1.9764313474297524e-07, 2.518164459615946e-07, 4.143364727497101e-07, 5.226831417530775e-07, 6.310298107564449e-07, 7.393765030428767e-07, 8.477231953293085e-07, 9.56069864332676e-07, 1.0644165333360435e-06, 1.1185898678377272e-06, 1.1727632023394107e-06, 1.2269365368410944e-06, 1.2269365368410944e-06, 1.2269365368410944e-06, 1.3352832058444619e-06, 1.4436298748478294e-06, 1.5519765438511968e-06, 1.7144965706393124e-06, 1.8770165974274278e-06, 1.9311899319291115e-06, 1.9853632897138597e-06, 2.0395366474986074e-06, 2.0395366474986074e-06, 2.0395366474986074e-06, 2.0937100052833555e-06, 2.147883316501975e-06, 2.1478833165019753e-06, 2.202056627720594e-06, 2.2020566277205946e-06, 2.2020566277205946e-06, 2.174967946484685e-06, 2.1207945886999367e-06, 2.066621277481318e-06, 2.039532596245408e-06, 1.98535923846066e-06, 1.931185927242041e-06, 1.8770125927403571e-06, 1.7686659004539255e-06, 1.7415812239050868e-06, 1.6874078894034031e-06, 1.6061498783528808e-06, 1.551976543851197e-06, 1.4978032093495133e-06, 1.335283205844462e-06, 1.2540212133899333e-06, 1.1998478788882493e-06, 1.1456745443865656e-06, 1.0373278753831983e-06, 9.831545408815144e-07, 9.018965298309923e-07, 7.393765030428768e-07, 6.31029810756445e-07, 5.226831417530774e-07, 4.143364727497101e-07, 3.059898037463427e-07, 2.247278112918139e-07, 1.1638114228844643e-07, 6.220778450369837e-08, 6.220778450369835e-08, -1.905420795083046e-08, -1.0031219571828844e-07, -1.5448550693690778e-07, -2.628321759402752e-07, -3.4409416839480405e-07, -4.5244083739817146e-07, -5.066141951829195e-07, -6.14960864186287e-07, -6.691341754049063e-07, -6.962188519537449e-07, -7.233035285025835e-07, -7.774768397212028e-07, -7.774768397212028e-07, -7.774768397212028e-07, -8.858235087245703e-07, -8.858235087245703e-07, -8.858235087245703e-07, -8.858235087245703e-07, -8.858235087245703e-07, -8.587388321757317e-07, -8.587388321757317e-07, -8.587388321757317e-07, -8.587388321757317e-07, -8.587388321757317e-07, -8.858235087245703e-07, -8.858235087245703e-07, -8.858235087245703e-07, -8.587388321757317e-07, -8.045655209571124e-07, -7.50392209738493e-07, -6.420455407351256e-07, -5.336988717317582e-07, -5.607835482805968e-07, -4.5243687927722933e-07], "voltages": [-6.789040279388429, -6.18411455154419, -5.550691604614258, -4.884875106811524, -4.198346614837647, -3.4949720382690432, -2.7747613906860353, -2.0467752456665043, -1.3097251892089845, -0.5674871444702148, 0.18122425079345703, 0.929935646057129, 1.6734655380249024, 2.413109588623047, 3.144981575012207, 3.8613096237182623, 4.565976142883301, 5.25768928527832, 5.923495674133301, 6.569868659973146, 7.196811485290528, 7.7887872695922855, 8.343198204040528, 8.874292945861818, 9.367826461791994, 9.818613624572755, 10.235715103149415, 10.619138145446778, 10.954633712768555, 11.24349365234375, 11.494789123535156, 11.705932426452637, 11.860081100463866, 11.971480178833007, 12.047908592224122, 12.075110816955567, 12.038841438293458, 11.976663589477539, 11.86655673980713, 11.691682815551758, 11.47147388458252, 11.225356674194337, 10.923539924621583, 10.572500228881838, 10.19943656921387, 9.786222457885744, 9.322488594055176, 8.821187973022463, 8.299163627624512, 7.733098220825196, 7.1346426010131845, 6.514171028137208, 5.870385360717774, 5.196806907653809, 4.506385612487794, 3.803014183044434, 3.0789159774780277, 2.3457452774047853, 1.6048059463500979, 0.862571144104004, 0.11256446838378908, -0.6335561752319336, -1.3783798217773438, -2.1193191528320314, -2.849892425537109, -3.5726903915405277, -4.276063251495362, -4.958710861206055, -5.621926593780518, -6.264420413970948, -6.8745289802551275, -7.457437324523926, -8.017026233673096, -8.540349006652832, -9.027398872375489, -9.479473114013672, -9.895277976989746, -10.260566329956056, -10.588286590576175, -10.878442192077637, -11.129744338989259, -11.326635551452636, -11.487257194519042, -11.59865608215332, -11.658241462707519, -11.671192932128907, -11.645286178588869, -11.567566108703614, -11.441918563842775, -11.281296920776366, -11.0714542388916, -10.809796142578126, -10.511868667602538, -10.178965377807616, -9.792951583862306, -9.370668411254883, -8.921179962158204, -8.430240535736084, -7.910812091827394, -7.366763877868653]}