{"currents": [3.044275473803282e-06, 3.0442754738032817e-06, 3.0442754738032817e-06, 3.5885510034859183e-06, 2.5000399909913544e-06, 2.500039990991354e-06, 2.7721977792680266e-06, 2.227962296456099e-06, 1.6836867667734623e-06, 2.7721977792680266e-06, 2.7721977792680266e-06, 2.500039990991354e-06, 3.5885510034859183e-06, 3.860708791762591e-06, 3.3164332620799543e-06, 3.3164332620799543e-06, 3.316433262079954e-06, 2.7721577323973176e-06, 2.4999999441206454e-06, 1.6836066730320454e-06, 5.950956605374814e-07, 5.950956605374813e-07, 5.950956605374813e-07, 5.950956605374813e-07, 1.1393711902201175e-06, 2.227882202714682e-06, 1.955764461308718e-06, 1.41152897849679e-06, 8.672934956848623e-07, 5.951757542788985e-07, 5.0940271466970463e-08, 3.2305801287293434e-07, 3.2305801287293434e-07, 3.2305801287293434e-07, 3.2305801287293434e-07, 3.2305801287293434e-07, -2.2117746993899346e-07, -2.2117746993899346e-07, -2.2117746993899346e-07, 3.2305801287293434e-07, 3.2305801287293434e-07, 8.672934956848621e-07, 8.672934956848621e-07, 1.1394112370908261e-06, 5.951757542788983e-07, 1.1394112370908261e-06, 5.951757542788983e-07, 5.951757542788983e-07, 8.672934956848621e-07, 3.2301796600222587e-07, 3.2301796600222587e-07, 3.2301796600222587e-07, 3.2301796600222587e-07, 5.090022459626199e-08, 5.951757542788983e-07, 5.0940271466970463e-08, 5.0940271466970463e-08, 5.0940271466970463e-08, 3.2305801287293434e-07, 3.2305801287293434e-07, 5.951757542788983e-07, 8.672934956848621e-07, 8.672934956848623e-07, 8.672934956848622e-07, 1.4115289784967902e-06, 1.41152897849679e-06, 1.1394112370908261e-06, 1.1394112370908261e-06, 8.672934956848623e-07, 3.230580128729344e-07, 5.951757542788983e-07, 1.1394112370908261e-06, 1.1394112370908261e-06, 5.951357074081899e-07, 1.1393711902201175e-06, 1.1393711902201175e-06, 1.1393711902201175e-06, 1.4114889316260814e-06, 2.227882202714682e-06, 1.6836467199027538e-06, 1.1394112370908261e-06, 1.1394112370908261e-06, 1.41152897849679e-06, 1.6836867667734623e-06, 2.22792224958539e-06, 2.7721577323973176e-06, 3.316433262079954e-06, 3.316433262079954e-06, 3.0442754738032817e-06, 3.0442754738032817e-06, 2.772157732397318e-06, 2.227882202714682e-06, 1.6836467199027538e-06, 1.9558045081794264e-06, 1.9558045081794264e-06, 2.22792224958539e-06, 2.22792224958539e-06, 2.7721577323973176e-06, 2.4999999441206454e-06, 3.044275473803282e-06], "voltages": [1.2370466232299806, 1.2292745590209961, 1.2189117431640626, 1.2007768630981446, 1.1800514221191407, 1.1515541076660156, 1.117875099182129, 1.0816055297851561, 1.0388595581054687, 0.9909320831298829, 0.9442998886108399, 0.8950773239135742, 0.836787223815918, 0.7797922134399413, 0.7215021133422852, 0.6593259811401369, 0.590673065185547, 0.5220203399658203, 0.4520723342895508, 0.380828857421875, 0.30569934844970703, 0.23186511993408204, 0.15673561096191407, 0.07901535034179688, -3.814697265673572e-07, -0.07772064208984375, -0.1541454315185547, -0.2318656921386719, -0.3069952011108399, -0.3795339584350586, -0.4494821548461915, -0.5220211029052735, -0.5880834579467774, -0.652850341796875, -0.7176172256469727, -0.7797935485839844, -0.8354930877685547, -0.8886018753051758, -0.939120101928711, -0.9831615447998047, -1.0246122360229493, -1.0634721755981447, -1.0971508026123047, -1.1269433975219727, -1.155440902709961, -1.1774614334106446, -1.1904150009155274, -1.200777816772461, -1.2085498809814454, -1.2059591293334961, -1.2020732879638674, -1.1968919754028322, -1.1839385986328126, -1.1645086288452149, -1.143783187866211, -1.115285873413086, -1.0816070556640627, -1.0453374862670899, -1.006477165222168, -0.9624357223510743, -0.9158035278320313, -0.8652853012084962, -0.8108812332153321, -0.7525911331176759, -0.6930055618286134, -0.6269433975219727, -0.5582906723022462, -0.49093322753906254, -0.4170991897583008, -0.3419698715209961, -0.26943092346191405, -0.19689197540283204, -0.11917171478271485, -0.04145126342773438, 0.0362691879272461, 0.11269416809082031, 0.19170970916748048, 0.26683921813964845, 0.3393779754638672, 0.411916732788086, 0.48704605102539067, 0.5556989669799804, 0.6256473541259766, 0.6930047988891602, 0.7564764022827148, 0.8160619735717773, 0.8730567932128908, 0.9248701095581056, 0.9740930557250977, 1.0220205307006838, 1.0647666931152344, 1.103626823425293, 1.1386009216308595, 1.167098045349121, 1.190414047241211, 1.2072534561157227, 1.2227975845336914, 1.2318651199340822, 1.2396373748779297, 1.2396373748779297]}