{"currents": [-6.824850477278233e-06, -7.099131774157286e-06, -7.647655066102744e-06, -8.470459375530483e-06, -9.01898266747594e-06, -1.0116028785705567e-05, -1.1213074997067453e-05, -1.1213074997067453e-05, -1.176159828901291e-05, -1.1761598289012912e-05, -1.1761598289012912e-05, -1.2035839632153514e-05, -1.3132885470986368e-05, -1.340712681412697e-05, -1.4504172652959824e-05, -1.560121849179268e-05, -1.5326977148652078e-05, -1.477845422923565e-05, -1.5326977148652078e-05, -1.5052695572376252e-05, -1.5052695572376252e-05, -1.560121849179268e-05, -1.614974141120911e-05, -1.6424022987484933e-05, -1.669830456376076e-05, -1.6424022987484933e-05, -1.697254590690136e-05, -1.6424022987484933e-05, -1.697254590690136e-05, -1.697254590690136e-05, -1.7246827483177185e-05, -1.669830456376076e-05, -1.7246827483177185e-05, -1.697254627943039e-05, -1.697254627943039e-05, -1.697254627943039e-05, -1.6424023360013963e-05, -1.5875500440597537e-05, -1.5601258724927904e-05, -1.5052735805511477e-05, -1.450421288609505e-05, -1.5052735805511477e-05, -1.5052735805511477e-05, -1.450421288609505e-05, -1.450421288609505e-05, -1.4229931309819223e-05, -1.3681408390402796e-05, -1.258436217904091e-05, -1.2035839259624483e-05, -1.1487316340208056e-05, -1.1213074997067454e-05, -1.0664552077651025e-05, -1.0664552077651025e-05, -1.0664552077651025e-05, -1.0116028785705567e-05, -9.841747209429741e-06, -9.293223917484283e-06, -9.841747209429741e-06, -9.293223917484285e-06, -8.744701091200114e-06, -8.47045937553048e-06, -8.47045937553048e-06, -7.373413257300854e-06, -6.824890431016683e-06, -7.373413257300854e-06, -7.373413257300854e-06, -7.373413257300854e-06, -7.921936083585025e-06, -8.470458909869193e-06, -7.921936083585025e-06, -7.373413257300853e-06, -6.824890431016683e-06, -5.727844592183828e-06, -4.630798753350973e-06, -4.082275740802288e-06, -4.082275740802288e-06, -4.082275740802288e-06, -3.80799425765872e-06, -3.80799425765872e-06, -3.80799425765872e-06, -3.5337127745151524e-06, -3.2594312913715842e-06, -3.8079543039202693e-06, -4.356477316468954e-06, -4.905000329017639e-06, -4.905000329017639e-06, -4.630758799612522e-06, -4.90504028275609e-06, -4.905040282756089e-06, -4.90504028275609e-06, -4.630798753350973e-06, -5.727844592183829e-06, -5.727844592183829e-06, -6.002086121588945e-06, -6.550608947873116e-06, -7.64765478670597e-06, -7.373373489826918e-06, -7.921896316111088e-06, -7.373373303562403e-06, -7.3733733035624034e-06], "voltages": [1.2402084350585936, 0.9373365402221678, 0.6331590652465822, 0.3211488723754883, 0.00913848876953123, -0.30026092529296877, -0.6096603393554688, -0.9177543640136718, -1.220626449584961, -1.519581985473633, -1.810704803466797, -2.096605682373047, -2.3707571029663086, -2.6357702255249027, -2.8903394699096685, -3.1357702255249027, -3.3616188049316404, -3.5783288955688475, -3.781984329223633, -3.966057586669922, -4.130548477172852, -4.28459529876709, -4.420365524291992, -4.533942413330078, -4.633159065246582, -4.7167098999023445, -4.778067588806152, -4.815926551818848, -4.839425277709961, -4.843341636657715, -4.822453880310059, -4.783289527893067, -4.72976474761963, -4.654046821594238, -4.554830169677734, -4.443864059448242, -4.314621162414551, -4.165796089172364, -3.998694229125977, -3.818537521362305, -3.618798637390137, -3.40208854675293, -3.1749345779418947, -2.9347255706787116, -2.6827672958374027, -2.421670913696289, -2.1501304626464846, -1.8707571029663086, -1.5835508346557616, -1.287206268310547, -0.9843339920043945, -0.6788509368896484, -0.3655349731445313, -0.05221920013427733, 0.2610967636108399, 0.5757179260253906, 0.8890338897705078, 1.197127914428711, 1.5013055801391602, 1.8015666961669923, 2.0926895141601562, 2.375979423522949, 2.652741813659668, 2.9203657150268554, 3.174934768676758, 3.4203657150268554, 3.6527414321899414, 3.8694515228271484, 4.073106956481934, 4.261096572875976, 4.428198432922364, 4.5757183074951175, 4.711488723754883, 4.826371002197266, 4.919060325622559, 4.997389030456543, 5.0626630783081055, 5.103132629394532, 5.118798446655274, 5.121409225463868, 5.105743598937989, 5.063967895507814, 5.003915977478028, 4.933420181274414, 4.839425468444825, 4.721932029724121, 4.588772773742676, 4.441253280639648, 4.270235061645508, 4.0874675750732425, 3.8877285003662108, 3.672323989868164, 3.4425586700439452, 3.199738693237305, 2.9438640594482424, 2.677545738220215, 2.40339412689209, 2.117493438720703, 1.83289794921875, 1.5391641616821288]}