{"currents": [-0.0001308055356144905, -0.00011241842582821848, -0.00010782198384404182, -8.943487480282783e-05, -7.564487904310226e-05, -5.725776953622699e-05, -4.8064215295016765e-05, -2.048355126753449e-05, -6.6935542970895766e-06, 2.4999999441206454e-06, 1.1693554744124413e-05, 1.1693554744124413e-05, 1.6289995890110733e-05, 3.0079991929233075e-05, 3.927354672923684e-05, 3.927354672923684e-05, 4.846710152924062e-05, 5.766065642237664e-05, 5.306421518325806e-05, 6.2257768958807e-05, 8.064487725496292e-05, 8.983843103051186e-05, 9.443554356694223e-05, 9.443554356694222e-05, 8.524198979139328e-05, 7.145132273435594e-05, 6.685421019792557e-05, 5.766065642237663e-05, 6.685421019792557e-05, 6.685421019792557e-05, 5.766065530478955e-05, 4.846710041165353e-05, 3.927354561164976e-05, 2.0886437036097053e-05, 1.1692882236093284e-05, -2.0971131511032573e-06, -6.6935542970895766e-06, -2.508066380396485e-05, -3.887066077440977e-05, -5.725777028128504e-05, -7.104776604101063e-05, -8.94348755478859e-05, -8.94348755478859e-05, -0.00010322554260492325, -0.00011241909712553024, -0.00012620976567268374, -0.00013999976217746735, -0.00015838687121868134, -0.00017677398025989536, -0.00019516108930110932, -0.00020435464382171633, -0.00022274174988269805, -0.00025491885244846346, -0.0002595152914524079, -0.00026870884597301483, -0.0002870959520339966, -0.00030088661909103396, -0.0003008866190910339, -0.0003146772861480713, -0.00032387083768844604, -0.00032387083768844604, -0.00033306439518928526, -0.00033766151070594786, -0.0003468550682067871, -0.0003560486257076263, -0.0003652421832084656, -0.0003698386251926422, -0.0003698386251926422, -0.00037903217673301696, -0.0003928221702575684, -0.00040201572179794317, -0.00039741927981376654, -0.0004066128313541412, -0.0004066128313541412, -0.0004020163893699646, -0.00039282283782958986, -0.0003928228378295898, -0.00038362928628921507, -0.00037443573474884033, -0.0003652421832084656, -0.0003652421832084656, -0.0003652421832084656, -0.00035604862570762637, -0.00034685506820678714, -0.0003468550682067871, -0.0003284679591655731, -0.00031008085012435916, -0.00030088729858398437, -0.00030088729858398437, -0.0002825001895427704, -0.00027790307402610775, -0.00027330595850944515, -0.0002641124039888382, -0.0002411281853914261, -0.0002319346308708191, -0.0002181446373462677, -0.00019516108930110935, -0.000181370422244072, -0.00017217686772346498, -0.0001491926446557045], "voltages": [3.1031328201293946, 3.804177093505859, 4.484333801269531, 5.16840705871582, 5.830286979675293, 6.472584342956543, 7.08746681213379, 7.6762395858764645, 8.237597274780274, 8.772845649719239, 9.271540069580078, 9.724542999267578, 10.14882507324219, 10.535248374938966, 10.86553535461426, 11.161880111694336, 11.426893043518067, 11.63185386657715, 11.791122436523438, 11.919059944152833, 11.984333992004396, 11.999999618530273, 11.985639381408692, 11.92689266204834, 11.810704421997071, 11.660573959350586, 11.468668174743655, 11.223237228393556, 10.928198051452638, 10.6005220413208, 10.228459548950196, 9.813315773010254, 9.361618804931641, 8.873368072509766, 8.348563957214356, 7.795038986206055, 7.206266403198243, 6.593994522094727, 5.958224296569825, 5.3002607345581065, 4.614882278442383, 3.9190597534179688, 3.204960823059082, 2.4778070449829097, 1.740209197998047, 1.0052223205566406, 0.2650133132934571, -0.4751956939697266, -1.2114881515502929, -1.9451696395874023, -2.668407249450684, -3.3772846221923833, -4.074412536621094, -4.753263854980469, -5.403394412994386, -6.040470123291016, -6.65404691696167, -7.233681392669678, -7.787206172943116, -8.317232322692872, -8.80156660079956, -9.248041725158691, -9.66971263885498, -10.043080711364746, -10.372062301635744, -10.668406867980957, -10.920365333557129, -11.122715187072753, -11.285900497436522, -11.399477767944337, -11.4634464263916, -11.492166900634766, -11.467362785339354, -11.3916446685791, -11.283289337158203, -11.1305477142334, -10.920364952087404, -10.672323036193848, -10.391644287109376, -10.05874614715576, -9.681461715698243, -9.274151039123534, -8.832897853851318, -8.34203624725342, -7.8211485862731935, -7.276762104034424, -6.691905689239502, -6.075717735290527, -5.446474933624268, -4.791122436523438, -4.108354949951171, -3.4151435852050778, -2.706266403198242, -1.9817234039306642, -1.251958465576172, -0.5195823669433595, 0.21671009063720703, 0.9582244873046876, 1.6762399673461916, 2.3942554473876956]}